{
"type": "FeatureCollection",
"name": "offices",
"features": [
{ "type": "Feature", "properties": { "i": 0 }, "geometry": { "type": "Polygon", "coordinates": [ [ [ -106.4762, 36.9937 ], [ -106.8698, 36.9924 ], [ -106.8778, 37.0001 ], [ -107.4253, 37.0 ], [ -108.2411, 36.999 ], [ -109.0453, 36.9992 ], [ -109.0455, 36.5097 ], [ -109.046, 36.1849 ], [ -109.0462, 35.7092 ], [ -109.0468, 35.3614 ], [ -109.0458, 34.9597 ], [ -109.0462, 34.5 ], [ -109.0469, 33.7782 ], [ -109.0472, 33.2084 ], [ -108.6594, 33.2094 ], [ -108.45, 33.201 ], [ -108.0006, 33.2016 ], [ -108.0006, 33.478 ], [ -107.9399, 33.4745 ], [ -107.0537, 33.4782 ], [ -106.9428, 33.4759 ], [ -106.4743, 33.4758 ], [ -106.3731, 33.4791 ], [ -106.3592, 33.3908 ], [ -105.7273, 33.3892 ], [ -105.726, 33.3055 ], [ -105.3191, 33.3055 ], [ -105.3162, 32.962 ], [ -105.3526, 32.962 ], [ -105.3539, 32.5188 ], [ -104.8515, 32.5205 ], [ -104.8484, 32.5206 ], [ -104.842, 32.5207 ], [ -104.8422, 32.5407 ], [ -104.8422, 32.5956 ], [ -104.8422, 32.6654 ], [ -104.8424, 32.7675 ], [ -104.8422, 32.8052 ], [ -104.8421, 32.8215 ], [ -104.842, 32.8299 ], [ -104.8415, 32.867 ], [ -104.8415, 32.8751 ], [ -104.8415, 32.8883 ], [ -104.8411, 32.9632 ], [ -104.6655, 32.9637 ], [ -104.6498, 32.9638 ], [ -104.5871, 32.9637 ], [ -104.5249, 32.964 ], [ -104.521, 32.9641 ], [ -104.4998, 32.9643 ], [ -104.4757, 32.9643 ], [ -104.4647, 32.9643 ], [ -104.3911, 32.9645 ], [ -104.3351, 32.9645 ], [ -104.2913, 32.9649 ], [ -104.0923, 32.9653 ], [ -104.0708, 32.9653 ], [ -104.0457, 32.9656 ], [ -104.0294, 32.9654 ], [ -103.9853, 32.9653 ], [ -103.9503, 32.9652 ], [ -103.849, 32.9657 ], [ -103.8435, 32.9657 ], [ -103.7663, 32.9653 ], [ -103.7664, 33.0671 ], [ -103.7664, 33.0984 ], [ -103.7663, 33.1243 ], [ -103.7662, 33.1487 ], [ -103.7663, 33.1533 ], [ -103.7661, 33.1719 ], [ -103.7661, 33.239 ], [ -103.7671, 33.2501 ], [ -103.7668, 33.3119 ], [ -103.7661, 33.3575 ], [ -103.7664, 33.3751 ], [ -103.7301, 33.3958 ], [ -103.7213, 33.4073 ], [ -103.7215, 33.4356 ], [ -103.721, 33.4942 ], [ -103.7209, 33.5117 ], [ -103.7209, 33.5446 ], [ -103.7209, 33.5541 ], [ -103.6625, 33.5693 ], [ -103.6255, 33.569 ], [ -103.6138, 33.5693 ], [ -103.504, 33.5703 ], [ -103.4956, 33.5701 ], [ -103.4417, 33.5704 ], [ -103.3853, 33.5704 ], [ -103.3719, 33.5706 ], [ -103.3584, 33.5706 ], [ -103.3037, 33.5706 ], [ -103.2775, 33.5706 ], [ -103.2359, 33.5705 ], [ -103.1146, 33.5706 ], [ -103.1106, 33.5704 ], [ -103.1068, 33.5705 ], [ -103.0547, 33.5706 ], [ -103.0526, 33.5714 ], [ -103.044, 33.9744 ], [ -103.0436, 34.2748 ], [ -103.0428, 34.7465 ], [ -103.0423, 35.3949 ], [ -103.0408, 36.0 ], [ -103.0419, 36.5002 ], [ -103.0019, 36.5004 ], [ -103.0017, 36.9999 ], [ -103.8179, 36.9973 ], [ -104.3388, 36.9935 ], [ -105.0304, 36.9928 ], [ -105.4193, 36.9958 ], [ -105.9691, 36.9956 ], [ -106.4762, 36.9937 ] ] ] } },
{ "type": "Feature", "properties": { "i": 1 }, "geometry": { "type": "Polygon", "coordinates": [ [ [ -96.254, 45.7598 ], [ -96.2541, 45.9339 ], [ -96.2659, 46.0217 ], [ -96.5726, 46.0219 ], [ -96.5665, 45.9352 ], [ -97.2076, 45.935 ], [ -98.0082, 45.9361 ], [ -98.4145, 45.9365 ], [ -99.463, 45.9402 ], [ -100.1254, 45.9422 ], [ -100.8145, 45.9436 ], [ -101.4294, 45.9437 ], [ -102.0001, 45.9445 ], [ -102.0001, 45.4721 ], [ -101.4702, 45.4721 ], [ -101.4863, 45.3857 ], [ -101.4862, 45.0382 ], [ -101.5008, 44.9938 ], [ -101.1369, 44.9938 ], [ -101.137, 44.69 ], [ -101.1545, 44.6899 ], [ -101.1552, 44.3431 ], [ -101.1668, 44.1683 ], [ -101.0473, 44.1685 ], [ -101.0468, 43.995 ], [ -101.0636, 43.9949 ], [ -101.0551, 43.8545 ], [ -100.9965, 43.8493 ], [ -100.953, 43.8108 ], [ -100.8765, 43.8006 ], [ -100.8072, 43.7649 ], [ -100.776, 43.7252 ], [ -100.6779, 43.7215 ], [ -100.6135, 43.7462 ], [ -100.5225, 43.7458 ], [ -100.4738, 43.7213 ], [ -100.3788, 43.727 ], [ -100.2899, 43.6983 ], [ -100.2316, 43.7136 ], [ -100.1205, 43.69 ], [ -100.0105, 43.6944 ], [ -99.8622, 43.6828 ], [ -99.7063, 43.75 ], [ -99.6242, 43.7425 ], [ -99.6236, 43.4999 ], [ -99.5339, 43.4995 ], [ -99.2982, 43.4998 ], [ -99.2855, 43.5335 ], [ -99.3396, 43.5809 ], [ -99.376, 43.657 ], [ -99.4158, 43.6985 ], [ -99.4042, 43.7792 ], [ -99.3667, 43.7921 ], [ -99.3085, 43.8589 ], [ -99.3522, 43.8923 ], [ -99.3561, 43.9338 ], [ -98.9273, 43.9351 ], [ -98.9264, 44.1966 ], [ -98.7012, 44.1967 ], [ -98.7013, 44.53 ], [ -98.7058, 44.6341 ], [ -97.8563, 44.6311 ], [ -97.8563, 44.5449 ], [ -97.2093, 44.5431 ], [ -96.452, 44.5435 ], [ -96.4518, 44.631 ], [ -96.453, 45.2689 ], [ -96.2837, 45.2461 ], [ -96.1708, 45.1927 ], [ -96.1036, 45.1833 ], [ -96.1178, 45.2401 ], [ -96.1169, 45.412 ], [ -96.2412, 45.4127 ], [ -96.2531, 45.5854 ], [ -96.254, 45.7598 ] ] ] } },
{ "type": "Feature", "properties": { "i": 5 }, "geometry": { "type": "MultiPolygon", "coordinates": [ [ [ [ -75.7761, 36.231 ], [ -75.7736, 36.2314 ], [ -75.7732, 36.2315 ], [ -75.8079, 36.3227 ], [ -75.8562, 36.4951 ], [ -75.8741, 36.5839 ], [ -75.9496, 36.7612 ], [ -75.9998, 36.9367 ], [ -76.0889, 36.9072 ], [ -76.2217, 36.9395 ], [ -76.268, 36.9645 ], [ -76.3266, 36.9631 ], [ -76.3382, 36.9252 ], [ -76.3878, 36.8951 ], [ -76.4951, 36.9226 ], [ -76.4956, 36.965 ], [ -76.5775, 37.0225 ], [ -76.6607, 37.0439 ], [ -76.6641, 37.1745 ], [ -76.7153, 37.148 ], [ -76.7852, 37.1837 ], [ -76.6933, 37.2235 ], [ -76.6411, 37.216 ], [ -76.6045, 37.16 ], [ -76.6232, 37.1269 ], [ -76.5635, 37.0772 ], [ -76.4645, 37.0275 ], [ -76.432, 36.9728 ], [ -76.2951, 37.0293 ], [ -76.2713, 37.0845 ], [ -76.293, 37.1277 ], [ -76.4095, 37.1578 ], [ -76.3893, 37.1935 ], [ -76.4214, 37.2225 ], [ -76.4718, 37.216 ], [ -76.6158, 37.3 ], [ -76.6136, 37.3531 ], [ -76.5086, 37.2693 ], [ -76.5038, 37.2453 ], [ -76.3889, 37.2652 ], [ -76.3825, 37.2875 ], [ -76.4288, 37.3516 ], [ -76.3853, 37.3843 ], [ -76.2967, 37.3233 ], [ -76.2557, 37.3653 ], [ -76.2612, 37.4734 ], [ -76.3028, 37.5513 ], [ -76.3326, 37.57 ], [ -76.4282, 37.584 ], [ -76.4314, 37.6121 ], [ -76.5272, 37.6113 ], [ -76.5706, 37.6441 ], [ -76.4832, 37.6748 ], [ -76.4513, 37.6487 ], [ -76.3588, 37.6111 ], [ -76.3141, 37.6424 ], [ -76.3264, 37.7319 ], [ -76.3071, 37.8086 ], [ -76.2514, 37.8331 ], [ -76.2366, 37.8902 ], [ -76.3387, 37.9454 ], [ -76.4129, 37.9663 ], [ -76.465, 38.0132 ], [ -76.5165, 38.0266 ], [ -76.5363, 38.0744 ], [ -76.6011, 38.1141 ], [ -76.6104, 38.1485 ], [ -76.7009, 38.1614 ], [ -76.8753, 38.1722 ], [ -76.9489, 38.2083 ], [ -76.9618, 38.2557 ], [ -77.0111, 38.2705 ], [ -77.0328, 38.2639 ], [ -77.0428, 38.2607 ], [ -77.0453, 38.2476 ], [ -77.0514, 38.1799 ], [ -77.0585, 38.175 ], [ -77.0691, 38.1573 ], [ -77.0762, 38.1414 ], [ -77.0834, 38.1558 ], [ -77.0866, 38.1609 ], [ -77.1002, 38.1594 ], [ -77.1063, 38.1553 ], [ -77.1084, 38.1539 ], [ -77.113, 38.1508 ], [ -77.1317, 38.1639 ], [ -77.1398, 38.1659 ], [ -77.1627, 38.1659 ], [ -77.1937, 38.1805 ], [ -77.1966, 38.1829 ], [ -77.2234, 38.2 ], [ -77.2321, 38.1967 ], [ -77.2307, 38.1872 ], [ -77.2535, 38.1963 ], [ -77.2469, 38.205 ], [ -77.2466, 38.2207 ], [ -77.2491, 38.2233 ], [ -77.2317, 38.2343 ], [ -77.2267, 38.2439 ], [ -77.2423, 38.2454 ], [ -77.2484, 38.2476 ], [ -77.2555, 38.2504 ], [ -77.2601, 38.2494 ], [ -77.2687, 38.2494 ], [ -77.275, 38.2476 ], [ -77.2808, 38.2244 ], [ -77.2913, 38.2348 ], [ -77.2958, 38.2424 ], [ -77.3045, 38.2377 ], [ -77.3221, 38.244 ], [ -77.3331, 38.246 ], [ -77.3352, 38.2479 ], [ -77.342, 38.2527 ], [ -77.4188, 38.2015 ], [ -77.4308, 38.1902 ], [ -77.4579, 38.1644 ], [ -77.5519, 38.0754 ], [ -77.5731, 38.0554 ], [ -77.5812, 38.0477 ], [ -77.6616, 37.9975 ], [ -77.6681, 38.0003 ], [ -77.6771, 38.0063 ], [ -77.7139, 38.0151 ], [ -77.7198, 38.0177 ], [ -77.7303, 38.0253 ], [ -77.7374, 38.0323 ], [ -77.7443, 38.025 ], [ -77.7474, 38.0251 ], [ -77.7476, 38.0482 ], [ -77.7563, 38.0485 ], [ -77.7636, 38.0523 ], [ -77.7903, 38.0766 ], [ -77.7962, 38.0786 ], [ -77.7988, 38.0786 ], [ -77.8196, 38.0878 ], [ -77.8304, 38.0983 ], [ -77.836, 38.1015 ], [ -77.8854, 38.1111 ], [ -77.9136, 38.1155 ], [ -77.9176, 38.1179 ], [ -77.9476, 38.119 ], [ -77.9594, 38.1181 ], [ -77.9999, 38.1356 ], [ -78.0174, 38.1408 ], [ -78.0232, 38.1393 ], [ -78.047, 38.1358 ], [ -78.0767, 38.1423 ], [ -78.0959, 38.151 ], [ -78.1022, 38.1522 ], [ -78.1464, 38.1408 ], [ -78.1669, 38.1345 ], [ -78.2085, 38.1331 ], [ -78.2212, 38.113 ], [ -78.2542, 38.0639 ], [ -78.2763, 38.0397 ], [ -78.3063, 38.0067 ], [ -78.3159, 37.9961 ], [ -78.3247, 37.9861 ], [ -78.3585, 37.9476 ], [ -78.3726, 37.9313 ], [ -78.3882, 37.9128 ], [ -78.4121, 37.8851 ], [ -78.4446, 37.8488 ], [ -78.4907, 37.7973 ], [ -78.4664, 37.762 ], [ -78.4032, 37.7344 ], [ -78.2396, 37.6906 ], [ -78.2493, 37.635 ], [ -78.465, 37.3396 ], [ -78.5148, 37.332 ], [ -78.5734, 37.3656 ], [ -78.6785, 37.2609 ], [ -78.6921, 37.2043 ], [ -78.5825, 37.141 ], [ -78.5473, 37.1502 ], [ -78.4808, 37.0853 ], [ -78.444, 37.0767 ], [ -78.4927, 36.8911 ], [ -78.6483, 36.6983 ], [ -78.6974, 36.6692 ], [ -78.7333, 36.5429 ], [ -78.6062, 36.5412 ], [ -77.9002, 36.5447 ], [ -77.8978, 36.5074 ], [ -77.7753, 36.4825 ], [ -77.6486, 36.4816 ], [ -77.631, 36.4514 ], [ -77.5565, 36.4184 ], [ -77.5469, 36.3757 ], [ -77.5799, 36.3504 ], [ -77.5436, 36.303 ], [ -77.4428, 36.3244 ], [ -77.3846, 36.2095 ], [ -77.2635, 36.1587 ], [ -77.243, 36.0967 ], [ -77.3276, 36.0749 ], [ -77.3275, 36.0692 ], [ -77.326, 36.0658 ], [ -77.3213, 36.0567 ], [ -77.3153, 36.054 ], [ -77.3129, 36.053 ], [ -77.3001, 36.048 ], [ -77.2933, 36.0448 ], [ -77.2865, 36.0411 ], [ -77.2787, 36.0367 ], [ -77.2631, 36.0295 ], [ -77.2435, 36.0219 ], [ -77.2157, 36.0141 ], [ -77.2118, 36.0103 ], [ -77.2095, 36.0087 ], [ -77.2084, 36.0 ], [ -77.2132, 35.9936 ], [ -77.2108, 35.9911 ], [ -77.1997, 35.993 ], [ -77.1896, 35.9577 ], [ -77.1951, 35.9493 ], [ -77.2012, 35.9507 ], [ -77.2022, 35.9478 ], [ -77.2, 35.9426 ], [ -77.1989, 35.9399 ], [ -77.1936, 35.9354 ], [ -77.189, 35.9324 ], [ -77.1768, 35.9289 ], [ -77.1695, 35.9312 ], [ -77.1686, 35.9334 ], [ -77.1671, 35.9356 ], [ -77.161, 35.9377 ], [ -77.157, 35.9368 ], [ -77.1535, 35.9362 ], [ -77.1436, 35.9347 ], [ -77.1335, 35.9397 ], [ -77.1285, 35.9368 ], [ -77.1273, 35.9302 ], [ -77.1255, 35.927 ], [ -77.1158, 35.9289 ], [ -77.1133, 35.9288 ], [ -77.106, 35.9324 ], [ -77.1005, 35.9315 ], [ -77.0979, 35.9282 ], [ -77.0928, 35.9252 ], [ -77.0917, 35.928 ], [ -77.0863, 35.9317 ], [ -77.0812, 35.9335 ], [ -77.081, 35.937 ], [ -77.0675, 35.9397 ], [ -77.0687, 35.9432 ], [ -77.0658, 35.9408 ], [ -77.0588, 35.939 ], [ -77.0465, 35.9441 ], [ -77.0434, 35.9427 ], [ -77.0404, 35.934 ], [ -77.0376, 35.93 ], [ -77.0282, 35.9296 ], [ -77.0283, 35.926 ], [ -77.0308, 35.9177 ], [ -77.0302, 35.9054 ], [ -77.0269, 35.9042 ], [ -77.0244, 35.8993 ], [ -77.025, 35.8941 ], [ -77.0277, 35.8929 ], [ -77.0348, 35.8914 ], [ -77.0351, 35.8849 ], [ -77.0338, 35.8795 ], [ -77.0378, 35.877 ], [ -77.0407, 35.875 ], [ -77.0402, 35.8683 ], [ -77.0284, 35.8578 ], [ -77.0213, 35.8603 ], [ -77.0154, 35.8623 ], [ -77.0082, 35.8604 ], [ -76.9902, 35.8668 ], [ -76.9879, 35.8711 ], [ -76.9877, 35.8758 ], [ -76.9827, 35.8746 ], [ -76.9739, 35.8792 ], [ -76.9547, 35.889 ], [ -76.9519, 35.8908 ], [ -76.9477, 35.8934 ], [ -76.9446, 35.8988 ], [ -76.9425, 35.9005 ], [ -76.9401, 35.9015 ], [ -76.9328, 35.9006 ], [ -76.925, 35.8991 ], [ -76.9183, 35.8955 ], [ -76.9146, 35.8888 ], [ -76.913, 35.8844 ], [ -76.9092, 35.88 ], [ -76.9069, 35.8786 ], [ -76.9042, 35.8728 ], [ -76.898, 35.8663 ], [ -76.8956, 35.8658 ], [ -76.8961, 35.8606 ], [ -76.899, 35.8591 ], [ -76.8979, 35.8517 ], [ -76.8991, 35.8471 ], [ -76.9019, 35.8445 ], [ -76.9013, 35.8349 ], [ -76.8978, 35.8272 ], [ -76.9008, 35.8208 ], [ -76.8746, 35.8141 ], [ -76.8723, 35.8156 ], [ -76.8623, 35.8236 ], [ -76.8567, 35.8286 ], [ -76.845, 35.8402 ], [ -76.8407, 35.8435 ], [ -76.8369, 35.8476 ], [ -76.833, 35.8527 ], [ -76.833, 35.8649 ], [ -76.8362, 35.8729 ], [ -76.8365, 35.8792 ], [ -76.8331, 35.8845 ], [ -76.8294, 35.8861 ], [ -76.8141, 35.8859 ], [ -76.8042, 35.8828 ], [ -76.8007, 35.8793 ], [ -76.7982, 35.8759 ], [ -76.7933, 35.8713 ], [ -76.7887, 35.8683 ], [ -76.7752, 35.8627 ], [ -76.7714, 35.8618 ], [ -76.7638, 35.8638 ], [ -76.7586, 35.8654 ], [ -76.7349, 35.8833 ], [ -76.7311, 35.8888 ], [ -76.7303, 35.8915 ], [ -76.7282, 35.8978 ], [ -76.7244, 35.9043 ], [ -76.7086, 35.9233 ], [ -76.7022, 35.9229 ], [ -76.6949, 35.9339 ], [ -76.6935, 35.9427 ], [ -76.6575, 36.0377 ], [ -76.6026, 36.036 ], [ -76.5748, 36.0095 ], [ -76.4603, 36.0251 ], [ -76.4119, 36.0799 ], [ -76.2638, 36.1066 ], [ -76.2223, 36.0971 ], [ -76.1744, 36.1238 ], [ -75.9996, 36.145 ], [ -75.9996, 36.1806 ], [ -75.912, 36.1642 ], [ -75.8423, 36.0979 ], [ -75.7985, 36.117 ], [ -75.8402, 36.1775 ], [ -75.8991, 36.3265 ], [ -75.9957, 36.4106 ], [ -76.0386, 36.5002 ], [ -75.9094, 36.4876 ], [ -75.9103, 36.5437 ], [ -75.9593, 36.5586 ], [ -75.9882, 36.6313 ], [ -75.97, 36.7081 ], [ -75.9174, 36.6751 ], [ -75.876, 36.5265 ], [ -75.8753, 36.4444 ], [ -75.843, 36.4226 ], [ -75.8063, 36.2498 ], [ -75.7761, 36.231 ] ] ], [ [ [ -75.1283, 38.4512 ], [ -75.1374, 38.4512 ], [ -75.1525, 38.4512 ], [ -75.1736, 38.451 ], [ -75.1856, 38.451 ], [ -75.2144, 38.4512 ], [ -75.2317, 38.4512 ], [ -75.3365, 38.4519 ], [ -75.3562, 38.452 ], [ -75.4085, 38.4524 ], [ -75.4155, 38.4524 ], [ -75.4326, 38.4528 ], [ -75.5, 38.4541 ], [ -75.5219, 38.4546 ], [ -75.5528, 38.4554 ], [ -75.5675, 38.4558 ], [ -75.5706, 38.4558 ], [ -75.5788, 38.4561 ], [ -75.5825, 38.4563 ], [ -75.6092, 38.4573 ], [ -75.6247, 38.4577 ], [ -75.6492, 38.4585 ], [ -75.6652, 38.4589 ], [ -75.6922, 38.46 ], [ -75.6977, 38.51 ], [ -75.6994, 38.5311 ], [ -75.6998, 38.5368 ], [ -75.7001, 38.5421 ], [ -75.7025, 38.5601 ], [ -75.706, 38.6213 ], [ -75.7064, 38.6258 ], [ -75.7338, 38.6621 ], [ -75.739, 38.6665 ], [ -75.7504, 38.6731 ], [ -75.7741, 38.6776 ], [ -75.7994, 38.6885 ], [ -75.8007, 38.6968 ], [ -75.8092, 38.6984 ], [ -75.817, 38.6984 ], [ -75.837, 38.7038 ], [ -75.8499, 38.7027 ], [ -75.8547, 38.7018 ], [ -75.8611, 38.6999 ], [ -75.8634, 38.6985 ], [ -75.8684, 38.6951 ], [ -75.871, 38.6944 ], [ -75.8766, 38.6936 ], [ -75.9413, 38.6764 ], [ -75.9557, 38.6605 ], [ -75.9911, 38.5925 ], [ -75.9916, 38.5921 ], [ -75.9997, 38.5904 ], [ -76.0165, 38.58 ], [ -76.0277, 38.5724 ], [ -76.052, 38.5788 ], [ -76.1408, 38.6056 ], [ -76.2549, 38.6219 ], [ -76.2907, 38.5695 ], [ -76.2537, 38.5189 ], [ -76.3322, 38.4747 ], [ -76.2839, 38.4157 ], [ -76.2741, 38.3755 ], [ -76.216, 38.3898 ], [ -76.0773, 38.2692 ], [ -76.0483, 38.3159 ], [ -75.9739, 38.3658 ], [ -75.9651, 38.3231 ], [ -76.0044, 38.2962 ], [ -75.9545, 38.2529 ], [ -75.9111, 38.2579 ], [ -75.8517, 38.2264 ], [ -75.9401, 38.1884 ], [ -75.9334, 38.1492 ], [ -75.8287, 38.1328 ], [ -75.8636, 38.0951 ], [ -75.797, 38.0532 ], [ -75.8711, 38.0187 ], [ -75.899, 37.9745 ], [ -75.8669, 37.9167 ], [ -75.7834, 37.9729 ], [ -75.7131, 37.9766 ], [ -75.7163, 37.9372 ], [ -75.6787, 37.854 ], [ -75.7166, 37.8285 ], [ -75.7314, 37.7844 ], [ -75.8122, 37.7495 ], [ -75.8924, 37.6377 ], [ -75.959, 37.5001 ], [ -75.9862, 37.3821 ], [ -76.0143, 37.3319 ], [ -76.0257, 37.259 ], [ -76.0094, 37.1987 ], [ -75.9407, 37.1348 ], [ -75.9258, 37.2796 ], [ -75.897, 37.3443 ], [ -75.7531, 37.5071 ], [ -75.7314, 37.5494 ], [ -75.6886, 37.5301 ], [ -75.6864, 37.6073 ], [ -75.6145, 37.6751 ], [ -75.5986, 37.7224 ], [ -75.558, 37.7604 ], [ -75.5001, 37.8699 ], [ -75.4363, 37.9643 ], [ -75.2642, 38.1639 ], [ -75.2596, 38.2047 ], [ -75.2184, 38.2459 ], [ -75.152, 38.2468 ], [ -75.0974, 38.3319 ], [ -75.1277, 38.3612 ], [ -75.1035, 38.3973 ], [ -75.1283, 38.4512 ] ] ] ] } },
{ "type": "Feature", "properties": { "i": 6 }, "geometry": { "type": "Polygon", "coordinates": [ [ [ -72.4338, 43.2337 ], [ -72.5462, 43.2359 ], [ -72.6852, 43.2224 ], [ -72.8194, 43.2555 ], [ -72.8199, 43.2979 ], [ -73.2546, 43.3142 ], [ -73.2471, 43.5079 ], [ -73.2585, 43.5641 ], [ -73.2972, 43.5794 ], [ -73.3022, 43.6241 ], [ -73.3664, 43.6235 ], [ -73.3842, 43.5758 ], [ -73.4311, 43.5881 ], [ -73.4284, 43.6356 ], [ -73.3514, 43.7695 ], [ -73.3793, 43.8084 ], [ -74.056, 43.7446 ], [ -74.047, 43.7958 ], [ -74.1535, 43.8296 ], [ -74.214, 43.8111 ], [ -74.3366, 43.925 ], [ -74.2561, 43.9703 ], [ -74.2819, 44.1205 ], [ -75.0628, 44.0504 ], [ -75.17, 44.0967 ], [ -75.111, 43.6148 ], [ -75.0766, 43.3307 ], [ -75.1475, 43.3043 ], [ -75.1514, 43.2513 ], [ -75.0698, 43.2272 ], [ -75.2191, 43.0525 ], [ -75.2019, 42.8836 ], [ -75.1389, 42.8607 ], [ -75.101, 42.9084 ], [ -74.9067, 42.8251 ], [ -74.8788, 42.8983 ], [ -74.6496, 42.8298 ], [ -74.6674, 42.7504 ], [ -74.6308, 42.6277 ], [ -74.7108, 42.5187 ], [ -74.6181, 42.4241 ], [ -74.4282, 42.3491 ], [ -74.5373, 42.2014 ], [ -74.4508, 42.1688 ], [ -74.7807, 42.0164 ], [ -74.4537, 41.8754 ], [ -74.5751, 41.7452 ], [ -74.3945, 41.6435 ], [ -74.3671, 41.5914 ], [ -74.2642, 41.6326 ], [ -74.2516, 41.6054 ], [ -74.1274, 41.5827 ], [ -73.9533, 41.5901 ], [ -73.9957, 41.5246 ], [ -74.0001, 41.4583 ], [ -73.9338, 41.4883 ], [ -73.5302, 41.5262 ], [ -73.4973, 41.6382 ], [ -73.4454, 41.5237 ], [ -73.319, 41.5051 ], [ -73.1558, 41.5153 ], [ -73.1642, 41.5571 ], [ -73.0931, 41.5704 ], [ -73.0589, 41.6065 ], [ -72.9831, 41.6396 ], [ -73.0167, 41.7982 ], [ -72.949, 41.8064 ], [ -72.9535, 41.8542 ], [ -72.9153, 41.8968 ], [ -72.8871, 41.9731 ], [ -73.0295, 41.9666 ], [ -73.0087, 42.0388 ], [ -73.0524, 42.0399 ], [ -73.073, 42.0941 ], [ -73.0349, 42.1444 ], [ -73.0045, 42.2507 ], [ -73.0008, 42.3122 ], [ -73.0629, 42.329 ], [ -73.0659, 42.389 ], [ -73.0117, 42.3798 ], [ -72.9689, 42.5386 ], [ -72.951, 42.6411 ], [ -73.0235, 42.7026 ], [ -73.0234, 42.7407 ], [ -72.4576, 42.7269 ], [ -72.5402, 42.8055 ], [ -72.5524, 42.8847 ], [ -72.5324, 42.9545 ], [ -72.4616, 42.9838 ], [ -72.467, 43.0536 ], [ -72.4353, 43.0867 ], [ -72.4528, 43.1399 ], [ -72.4338, 43.2337 ] ] ] } },
{ "type": "Feature", "properties": { "i": 7 }, "geometry": { "type": "Polygon", "coordinates": [ [ [ -100.0018, 37.0016 ], [ -100.6394, 36.9997 ], [ -100.9613, 36.9981 ], [ -101.6254, 36.9948 ], [ -102.0422, 36.9931 ], [ -102.6981, 36.9951 ], [ -103.0017, 36.9999 ], [ -103.0019, 36.5004 ], [ -103.0419, 36.5002 ], [ -103.0408, 36.0 ], [ -103.0423, 35.3949 ], [ -103.0428, 34.7465 ], [ -102.3888, 34.7461 ], [ -101.9993, 34.7482 ], [ -101.441, 34.7474 ], [ -100.7785, 34.7483 ], [ -100.0004, 34.7468 ], [ -100.0004, 35.375 ], [ -100.0004, 36.0492 ], [ -100.0004, 36.4997 ], [ -100.0037, 36.5079 ], [ -100.0018, 37.0016 ] ] ] } },
{ "type": "Feature", "properties": { "i": 8 }, "geometry": { "type": "MultiPolygon", "coordinates": [ [ [ [ -86.0419, 45.1591 ], [ -86.0587, 45.1008 ], [ -86.0029, 45.0547 ], [ -85.9765, 45.1374 ], [ -86.0419, 45.1591 ] ] ], [ [ [ -85.5626, 45.7596 ], [ -85.5743, 45.7084 ], [ -85.6349, 45.5829 ], [ -85.56, 45.5718 ], [ -85.495, 45.6055 ], [ -85.4938, 45.7051 ], [ -85.5626, 45.7596 ] ] ], [ [ [ -83.9097, 43.9106 ], [ -83.8315, 43.9979 ], [ -83.7638, 43.9852 ], [ -83.6501, 44.0524 ], [ -83.6035, 44.0552 ], [ -83.5644, 44.1098 ], [ -83.5674, 44.1576 ], [ -83.5426, 44.2408 ], [ -83.5088, 44.2737 ], [ -83.4262, 44.2719 ], [ -83.3724, 44.3285 ], [ -83.3327, 44.3394 ], [ -83.3071, 44.5425 ], [ -83.3145, 44.6087 ], [ -83.2734, 44.7139 ], [ -83.298, 44.7563 ], [ -83.2938, 44.8084 ], [ -83.3196, 44.8807 ], [ -83.3907, 44.9022 ], [ -83.4389, 44.9408 ], [ -83.4534, 45.0353 ], [ -83.3891, 45.0758 ], [ -83.3072, 45.049 ], [ -83.3135, 45.1256 ], [ -83.3971, 45.2158 ], [ -83.3817, 45.2699 ], [ -83.4707, 45.3321 ], [ -83.5704, 45.3472 ], [ -83.7051, 45.402 ], [ -83.8114, 45.4208 ], [ -83.9099, 45.4859 ], [ -84.1125, 45.5079 ], [ -84.1265, 45.5566 ], [ -84.2162, 45.6351 ], [ -84.3303, 45.6645 ], [ -84.4422, 45.6547 ], [ -84.772, 45.7892 ], [ -84.788, 45.7529 ], [ -84.841, 45.7448 ], [ -84.9662, 45.758 ], [ -84.9431, 45.7124 ], [ -85.0153, 45.6516 ], [ -85.0611, 45.6396 ], [ -85.1171, 45.5794 ], [ -85.092, 45.4794 ], [ -85.0409, 45.4367 ], [ -84.9224, 45.4221 ], [ -84.915, 45.3938 ], [ -85.0328, 45.3613 ], [ -85.138, 45.3735 ], [ -85.2039, 45.362 ], [ -85.2709, 45.316 ], [ -85.328, 45.3028 ], [ -85.3888, 45.2347 ], [ -85.3632, 45.1099 ], [ -85.3958, 44.931 ], [ -85.4628, 44.8257 ], [ -85.4993, 44.8042 ], [ -85.5265, 44.7487 ], [ -85.6384, 44.7738 ], [ -85.6489, 44.874 ], [ -85.6024, 44.9743 ], [ -85.6345, 44.9983 ], [ -85.5662, 45.0594 ], [ -85.6144, 45.1266 ], [ -85.7426, 45.0546 ], [ -85.8036, 44.9527 ], [ -85.877, 44.9412 ], [ -85.9316, 44.9688 ], [ -85.9802, 44.9061 ], [ -86.071, 44.8959 ], [ -86.0766, 44.7605 ], [ -86.1243, 44.732 ], [ -86.2556, 44.6914 ], [ -86.2207, 44.5667 ], [ -86.2489, 44.483 ], [ -86.2682, 44.3462 ], [ -86.3884, 44.1789 ], [ -86.1251, 44.1696 ], [ -85.8319, 44.1642 ], [ -85.1069, 44.1645 ], [ -84.6081, 44.1599 ], [ -84.6061, 43.8148 ], [ -84.3665, 43.8142 ], [ -84.3663, 43.8286 ], [ -84.167, 43.8261 ], [ -84.1663, 43.9973 ], [ -84.0453, 43.997 ], [ -84.0445, 43.9138 ], [ -83.9097, 43.9106 ] ] ], [ [ [ -84.5637, 45.8164 ], [ -84.482, 45.73 ], [ -84.4059, 45.7224 ], [ -84.3563, 45.7695 ], [ -84.5037, 45.8106 ], [ -84.5637, 45.8164 ] ] ], [ [ [ -83.5719, 46.1058 ], [ -83.6514, 46.121 ], [ -83.6882, 46.0347 ], [ -83.7585, 46.0266 ], [ -83.8064, 45.9836 ], [ -83.6898, 45.9356 ], [ -83.6361, 45.9576 ], [ -83.5883, 45.9199 ], [ -83.4855, 45.9422 ], [ -83.4338, 45.9982 ], [ -83.5719, 46.1058 ] ] ], [ [ [ -84.1726, 46.3251 ], [ -84.2084, 46.2826 ], [ -84.1472, 46.2289 ], [ -84.102, 46.2551 ], [ -84.136, 46.3144 ], [ -84.1726, 46.3251 ] ] ], [ [ [ -84.1969, 46.5329 ], [ -84.2822, 46.4896 ], [ -84.2289, 46.3934 ], [ -84.1752, 46.3353 ], [ -84.1136, 46.3237 ], [ -84.1934, 46.4291 ], [ -84.1299, 46.5269 ], [ -84.1969, 46.5329 ] ] ], [ [ [ -85.8646, 45.9682 ], [ -85.8176, 45.9794 ], [ -85.7384, 45.9639 ], [ -85.659, 45.9658 ], [ -85.6038, 46.0304 ], [ -85.5127, 46.0947 ], [ -85.4269, 46.102 ], [ -85.3774, 46.0767 ], [ -85.3278, 46.0909 ], [ -85.2598, 46.0624 ], [ -85.1861, 46.0613 ], [ -84.9954, 46.0011 ], [ -84.9162, 45.9285 ], [ -84.7509, 45.8391 ], [ -84.7197, 45.867 ], [ -84.7395, 45.9422 ], [ -84.6844, 45.9771 ], [ -84.6948, 46.0245 ], [ -84.6553, 46.0527 ], [ -84.5603, 46.0313 ], [ -84.5304, 45.9901 ], [ -84.413, 46.0052 ], [ -84.3636, 45.9749 ], [ -84.2461, 45.9829 ], [ -84.2165, 45.9707 ], [ -84.1162, 45.9831 ], [ -84.0109, 45.956 ], [ -83.9187, 45.9663 ], [ -84.0717, 46.0924 ], [ -84.0283, 46.133 ], [ -84.1781, 46.1846 ], [ -84.2512, 46.1772 ], [ -84.2511, 46.2189 ], [ -84.193, 46.2664 ], [ -84.2219, 46.2911 ], [ -84.2226, 46.349 ], [ -84.2607, 46.432 ], [ -84.3284, 46.4967 ], [ -84.3739, 46.4995 ], [ -84.4554, 46.4695 ], [ -84.4627, 46.4408 ], [ -84.5994, 46.4173 ], [ -84.6317, 46.4849 ], [ -84.679, 46.4875 ], [ -84.8001, 46.4462 ], [ -85.0338, 46.4877 ], [ -85.0363, 46.6177 ], [ -85.0222, 46.7093 ], [ -85.0363, 46.7604 ], [ -85.2373, 46.7552 ], [ -85.2378, 46.2456 ], [ -85.8652, 46.2445 ], [ -85.8646, 45.9682 ] ] ] ] } },
{ "type": "Feature", "properties": { "i": 9 }, "geometry": { "type": "Polygon", "coordinates": [ [ [ -90.0423, 45.3819 ], [ -90.4582, 45.3769 ], [ -90.6788, 45.3778 ], [ -90.9252, 45.3794 ], [ -90.9258, 45.1196 ], [ -90.9224, 44.5964 ], [ -91.3745, 44.5958 ], [ -92.0037, 44.5964 ], [ -92.0295, 44.5855 ], [ -92.0437, 44.5133 ], [ -92.0839, 44.4079 ], [ -92.2426, 44.4545 ], [ -92.4303, 44.4549 ], [ -92.4306, 44.3684 ], [ -92.5506, 44.3683 ], [ -92.5509, 44.1945 ], [ -93.046, 44.1965 ], [ -93.0498, 43.848 ], [ -93.0493, 43.4997 ], [ -93.0244, 43.4996 ], [ -93.025, 42.9076 ], [ -92.5746, 42.907 ], [ -92.0817, 42.907 ], [ -92.0819, 42.642 ], [ -91.4605, 42.6437 ], [ -90.8974, 42.6457 ], [ -90.897, 42.6751 ], [ -90.719, 42.6403 ], [ -90.6456, 42.5441 ], [ -90.64, 42.5084 ], [ -90.4264, 42.5071 ], [ -90.4263, 42.7826 ], [ -90.4302, 43.2008 ], [ -90.2918, 43.2065 ], [ -90.1924, 43.1666 ], [ -90.192, 43.5541 ], [ -90.311, 43.5539 ], [ -90.3124, 43.641 ], [ -89.7783, 43.641 ], [ -89.6, 43.6428 ], [ -89.598, 43.9822 ], [ -89.598, 44.2455 ], [ -89.8301, 44.2492 ], [ -90.3181, 44.2492 ], [ -90.3155, 44.5231 ], [ -90.3148, 45.0338 ], [ -90.1975, 45.0336 ], [ -90.1978, 45.1205 ], [ -90.045, 45.1203 ], [ -90.0423, 45.3819 ] ] ] } },
{ "type": "Feature", "properties": { "i": 10 }, "geometry": { "type": "Polygon", "coordinates": [ [ [ -74.3671, 41.5914 ], [ -74.3945, 41.6435 ], [ -74.5751, 41.7452 ], [ -74.4537, 41.8754 ], [ -74.7807, 42.0164 ], [ -74.4508, 42.1688 ], [ -74.5373, 42.2014 ], [ -74.4282, 42.3491 ], [ -74.6181, 42.4241 ], [ -74.7108, 42.5187 ], [ -74.6308, 42.6277 ], [ -74.6674, 42.7504 ], [ -74.6496, 42.8298 ], [ -74.8788, 42.8983 ], [ -74.9067, 42.8251 ], [ -75.101, 42.9084 ], [ -75.1389, 42.8607 ], [ -75.2019, 42.8836 ], [ -75.2191, 43.0525 ], [ -75.0698, 43.2272 ], [ -75.1514, 43.2513 ], [ -75.1475, 43.3043 ], [ -75.0766, 43.3307 ], [ -75.111, 43.6148 ], [ -75.5335, 43.4197 ], [ -75.8146, 43.4836 ], [ -75.8863, 43.3249 ], [ -75.863, 43.3188 ], [ -75.883, 43.1646 ], [ -76.0033, 43.1784 ], [ -76.1149, 43.2327 ], [ -76.2706, 43.2048 ], [ -76.3081, 43.2308 ], [ -76.4792, 43.2275 ], [ -76.4728, 43.1146 ], [ -76.4993, 43.0976 ], [ -76.4935, 43.0273 ], [ -76.7177, 43.0239 ], [ -76.9638, 43.0122 ], [ -76.9635, 42.8728 ], [ -76.9726, 42.7644 ], [ -77.3104, 42.7614 ], [ -77.3671, 42.6668 ], [ -77.3665, 42.5764 ], [ -77.6588, 42.5803 ], [ -77.6613, 42.5351 ], [ -77.7206, 42.535 ], [ -77.7313, 42.3983 ], [ -77.7498, 41.9988 ], [ -77.1259, 41.9994 ], [ -76.9266, 42.0012 ], [ -76.8747, 41.5969 ], [ -76.7497, 41.5832 ], [ -76.2208, 41.5421 ], [ -76.3107, 41.3084 ], [ -76.319, 41.205 ], [ -76.2775, 41.1321 ], [ -76.229, 41.1385 ], [ -76.2313, 41.0503 ], [ -76.2078, 40.9497 ], [ -76.0286, 40.9021 ], [ -75.9973, 40.913 ], [ -75.7767, 40.9923 ], [ -75.7612, 40.9979 ], [ -75.7396, 41.0055 ], [ -75.7324, 41.0085 ], [ -75.7366, 41.0156 ], [ -75.7381, 41.0181 ], [ -75.7381, 41.0225 ], [ -75.7626, 41.0424 ], [ -75.7655, 41.0442 ], [ -75.7702, 41.0576 ], [ -75.7702, 41.0707 ], [ -75.7708, 41.0733 ], [ -75.767, 41.0903 ], [ -75.7612, 41.0915 ], [ -75.753, 41.0986 ], [ -75.7344, 41.1022 ], [ -75.7275, 41.1085 ], [ -75.7048, 41.1217 ], [ -75.7025, 41.1233 ], [ -75.6804, 41.1328 ], [ -75.6607, 41.1293 ], [ -75.6586, 41.1277 ], [ -75.6561, 41.1232 ], [ -75.6556, 41.1166 ], [ -75.6489, 41.1247 ], [ -75.6331, 41.1262 ], [ -75.6312, 41.1281 ], [ -75.6255, 41.1313 ], [ -75.6175, 41.1424 ], [ -75.6091, 41.1499 ], [ -75.6034, 41.1526 ], [ -75.5956, 41.1716 ], [ -75.5923, 41.172 ], [ -75.5826, 41.1767 ], [ -75.5803, 41.1771 ], [ -75.5701, 41.1958 ], [ -75.569, 41.1985 ], [ -75.5564, 41.2073 ], [ -75.555, 41.2085 ], [ -75.5464, 41.2198 ], [ -75.5399, 41.2249 ], [ -75.5311, 41.2262 ], [ -75.5279, 41.2258 ], [ -75.5165, 41.22 ], [ -75.5113, 41.225 ], [ -75.5011, 41.2327 ], [ -75.4219, 41.2358 ], [ -75.3658, 41.2388 ], [ -75.3626, 41.2392 ], [ -75.3567, 41.2402 ], [ -75.2744, 41.2443 ], [ -75.1864, 41.2492 ], [ -75.1284, 41.2501 ], [ -75.1479, 41.1822 ], [ -75.1527, 41.1495 ], [ -75.1435, 41.148 ], [ -75.136, 41.1472 ], [ -75.0976, 41.1434 ], [ -75.0433, 41.0947 ], [ -75.0331, 41.0871 ], [ -75.0265, 41.0802 ], [ -75.0131, 41.0839 ], [ -75.0071, 41.0883 ], [ -74.9874, 41.0994 ], [ -74.9838, 41.1051 ], [ -74.9771, 41.1116 ], [ -74.9736, 41.1131 ], [ -74.9665, 41.1137 ], [ -74.9609, 41.1161 ], [ -74.9585, 41.1179 ], [ -74.952, 41.1212 ], [ -74.9383, 41.1311 ], [ -74.9319, 41.1331 ], [ -74.9261, 41.1364 ], [ -74.9227, 41.1389 ], [ -74.89, 41.1732 ], [ -74.8828, 41.1801 ], [ -74.8783, 41.1905 ], [ -74.8639, 41.213 ], [ -74.8664, 41.2312 ], [ -74.8525, 41.2507 ], [ -74.8269, 41.2896 ], [ -74.812, 41.2981 ], [ -74.8003, 41.3066 ], [ -74.7928, 41.3148 ], [ -74.7657, 41.3293 ], [ -74.7546, 41.3456 ], [ -74.7418, 41.3464 ], [ -74.7209, 41.3474 ], [ -74.7121, 41.3509 ], [ -74.7052, 41.3538 ], [ -74.6949, 41.3573 ], [ -74.7616, 41.4446 ], [ -74.7499, 41.4938 ], [ -74.4825, 41.5042 ], [ -74.4167, 41.5693 ], [ -74.3671, 41.5914 ] ] ] } },
{ "type": "Feature", "properties": { "i": 11 }, "geometry": { "type": "Polygon", "coordinates": [ [ [ -99.5258, 48.9993 ], [ -99.9401, 48.999 ], [ -100.5269, 48.9992 ], [ -101.1639, 48.9992 ], [ -101.8567, 48.999 ], [ -102.4876, 48.9988 ], [ -103.3766, 48.999 ], [ -104.0485, 48.9997 ], [ -104.048, 48.5004 ], [ -104.0416, 47.8561 ], [ -104.0452, 47.4111 ], [ -104.0448, 47.1274 ], [ -104.0453, 46.6414 ], [ -104.0454, 45.9453 ], [ -103.2451, 45.9451 ], [ -102.7346, 45.945 ], [ -102.0001, 45.9445 ], [ -101.4294, 45.9437 ], [ -100.8145, 45.9436 ], [ -100.1254, 45.9422 ], [ -99.463, 45.9402 ], [ -98.4145, 45.9365 ], [ -98.0082, 45.9361 ], [ -98.0065, 46.2785 ], [ -98.0345, 46.2826 ], [ -98.0338, 46.6307 ], [ -98.439, 46.6311 ], [ -98.4395, 46.9796 ], [ -98.4674, 46.9796 ], [ -98.4675, 47.3265 ], [ -98.4997, 47.3265 ], [ -98.5002, 47.5867 ], [ -99.2661, 47.5876 ], [ -99.266, 47.6727 ], [ -99.2973, 47.6729 ], [ -99.2973, 47.8469 ], [ -99.8118, 47.8476 ], [ -99.8128, 48.0212 ], [ -99.8481, 48.0214 ], [ -99.8466, 48.3706 ], [ -99.4929, 48.3709 ], [ -99.4932, 48.7184 ], [ -99.526, 48.7183 ], [ -99.5258, 48.9993 ] ] ] } },
{ "type": "Feature", "properties": { "i": 12 }, "geometry": { "type": "Polygon", "coordinates": [ [ [ -85.0682, 31.9919 ], [ -85.0676, 31.9943 ], [ -85.0584, 32.0084 ], [ -85.0551, 32.0107 ], [ -85.0551, 32.0182 ], [ -85.0524, 32.0207 ], [ -85.0489, 32.022 ], [ -85.0502, 32.0242 ], [ -85.0547, 32.0269 ], [ -85.0567, 32.0291 ], [ -85.0574, 32.034 ], [ -85.0538, 32.0386 ], [ -85.0582, 32.0449 ], [ -85.0582, 32.0487 ], [ -85.0571, 32.0522 ], [ -85.0566, 32.0589 ], [ -85.0544, 32.0709 ], [ -85.0541, 32.0779 ], [ -85.055, 32.1137 ], [ -85.0599, 32.1267 ], [ -85.0582, 32.1363 ], [ -85.0483, 32.1417 ], [ -85.0406, 32.1498 ], [ -85.0366, 32.1541 ], [ -85.0332, 32.1574 ], [ -85.0299, 32.1622 ], [ -85.024, 32.1683 ], [ -84.997, 32.1845 ], [ -84.9933, 32.1857 ], [ -84.9823, 32.1891 ], [ -84.9724, 32.1922 ], [ -84.9625, 32.2009 ], [ -84.9697, 32.2043 ], [ -84.9799, 32.2107 ], [ -84.9709, 32.2187 ], [ -84.9644, 32.2188 ], [ -84.962, 32.2182 ], [ -84.9444, 32.2181 ], [ -84.9299, 32.2191 ], [ -84.9252, 32.222 ], [ -84.922, 32.2506 ], [ -84.9148, 32.249 ], [ -84.9099, 32.2487 ], [ -84.9044, 32.2509 ], [ -84.9003, 32.2586 ], [ -84.8993, 32.2692 ], [ -84.9035, 32.2732 ], [ -84.9142, 32.2793 ], [ -84.9184, 32.2822 ], [ -84.9214, 32.2843 ], [ -84.928, 32.2916 ], [ -84.9327, 32.2971 ], [ -84.9355, 32.2993 ], [ -84.9563, 32.307 ], [ -84.9856, 32.3177 ], [ -84.9919, 32.3198 ], [ -85.0079, 32.3345 ], [ -85.0081, 32.3367 ], [ -84.9996, 32.3495 ], [ -84.9918, 32.3545 ], [ -84.9798, 32.3743 ], [ -84.9841, 32.38 ], [ -84.9883, 32.3847 ], [ -84.9768, 32.3908 ], [ -84.9725, 32.3945 ], [ -84.9773, 32.3976 ], [ -84.9797, 32.4002 ], [ -84.9809, 32.4061 ], [ -84.9718, 32.4162 ], [ -84.9633, 32.4232 ], [ -84.9668, 32.4348 ], [ -84.9718, 32.4428 ], [ -84.9801, 32.4445 ], [ -84.9983, 32.4693 ], [ -84.9954, 32.4747 ], [ -84.9949, 32.4815 ], [ -84.9949, 32.4866 ], [ -84.9967, 32.4923 ], [ -84.9983, 32.4943 ], [ -84.9967, 32.502 ], [ -84.9994, 32.5073 ], [ -85.0095, 32.5252 ], [ -85.0155, 32.5284 ], [ -85.0328, 32.5464 ], [ -85.0431, 32.5562 ], [ -85.0454, 32.5615 ], [ -85.0493, 32.5644 ], [ -85.0554, 32.5697 ], [ -85.0593, 32.576 ], [ -85.0719, 32.5876 ], [ -85.076, 32.5942 ], [ -85.0794, 32.6018 ], [ -85.0805, 32.6045 ], [ -85.0809, 32.6104 ], [ -85.0832, 32.6337 ], [ -85.085, 32.6364 ], [ -85.0914, 32.6341 ], [ -85.0957, 32.6353 ], [ -85.1013, 32.6398 ], [ -85.1049, 32.6452 ], [ -85.1003, 32.6501 ], [ -85.0952, 32.6533 ], [ -85.0909, 32.6553 ], [ -85.0916, 32.6622 ], [ -85.0933, 32.6681 ], [ -85.1036, 32.6792 ], [ -85.1062, 32.6804 ], [ -85.1103, 32.6822 ], [ -85.1183, 32.6994 ], [ -85.1195, 32.7058 ], [ -85.1185, 32.7252 ], [ -85.1141, 32.7306 ], [ -85.1215, 32.7418 ], [ -85.1275, 32.7422 ], [ -85.1354, 32.7466 ], [ -85.1385, 32.7507 ], [ -85.1397, 32.753 ], [ -85.1429, 32.7606 ], [ -85.1373, 32.7702 ], [ -85.1312, 32.7699 ], [ -85.1535, 32.7957 ], [ -85.1577, 32.8002 ], [ -85.1634, 32.806 ], [ -85.1667, 32.8103 ], [ -85.1682, 32.8129 ], [ -85.165, 32.8197 ], [ -85.1659, 32.8228 ], [ -85.1683, 32.8265 ], [ -85.1659, 32.8331 ], [ -85.1645, 32.8349 ], [ -85.1568, 32.8396 ], [ -85.1548, 32.8483 ], [ -85.1581, 32.8527 ], [ -85.1672, 32.854 ], [ -85.1756, 32.8535 ], [ -85.1842, 32.8611 ], [ -85.1846, 32.8698 ], [ -85.1895, 32.8939 ], [ -85.1928, 32.9105 ], [ -85.1995, 32.9438 ], [ -85.2052, 32.9726 ], [ -85.2107, 33.0004 ], [ -85.2132, 33.0125 ], [ -85.2152, 33.0228 ], [ -85.2171, 33.0317 ], [ -85.2198, 33.0451 ], [ -85.2208, 33.05 ], [ -85.2219, 33.0555 ], [ -85.226, 33.0765 ], [ -85.2324, 33.1083 ], [ -85.2357, 33.1251 ], [ -85.2406, 33.1514 ], [ -85.2428, 33.1627 ], [ -85.2451, 33.174 ], [ -85.2489, 33.1939 ], [ -85.2786, 33.35 ], [ -85.2835, 33.3751 ], [ -85.2863, 33.3893 ], [ -85.2916, 33.4172 ], [ -85.2938, 33.4283 ], [ -85.2976, 33.4469 ], [ -85.3032, 33.4764 ], [ -85.3046, 33.4829 ], [ -85.3055, 33.4879 ], [ -85.3082, 33.5014 ], [ -85.3118, 33.5192 ], [ -85.3141, 33.5305 ], [ -85.3155, 33.5387 ], [ -85.319, 33.5561 ], [ -85.3235, 33.5791 ], [ -85.3282, 33.6027 ], [ -85.3378, 33.6508 ], [ -85.3428, 33.6762 ], [ -85.3441, 33.6828 ], [ -85.359, 33.7594 ], [ -85.3613, 33.7712 ], [ -85.3678, 33.8052 ], [ -85.3728, 33.832 ], [ -85.3743, 33.8397 ], [ -85.3789, 33.8633 ], [ -85.3879, 33.9087 ], [ -85.394, 33.9397 ], [ -85.3975, 33.9576 ], [ -85.4025, 33.9825 ], [ -85.4059, 34.0001 ], [ -85.4068, 34.0026 ], [ -85.4094, 34.016 ], [ -85.4219, 34.0808 ], [ -85.4268, 34.1067 ], [ -85.4295, 34.1251 ], [ -85.4327, 34.1407 ], [ -85.4364, 34.1583 ], [ -85.4371, 34.1615 ], [ -85.4386, 34.1689 ], [ -85.444, 34.1953 ], [ -85.4455, 34.2039 ], [ -85.4564, 34.2576 ], [ -85.4593, 34.2724 ], [ -85.4631, 34.2908 ], [ -85.4678, 34.3144 ], [ -85.4705, 34.3282 ], [ -85.4854, 34.3977 ], [ -85.4983, 34.4557 ], [ -85.5004, 34.4649 ], [ -85.5013, 34.4696 ], [ -85.5053, 34.4879 ], [ -85.5074, 34.4976 ], [ -85.5084, 34.5011 ], [ -85.5139, 34.5247 ], [ -85.5765, 34.4838 ], [ -85.5797, 34.44 ], [ -85.6376, 34.3664 ], [ -85.7742, 34.2592 ], [ -85.8409, 34.2436 ], [ -85.8436, 34.1996 ], [ -86.1061, 34.2007 ], [ -86.1937, 34.1813 ], [ -86.303, 34.0997 ], [ -86.4083, 34.2043 ], [ -86.4523, 34.2595 ], [ -86.5186, 34.2522 ], [ -86.6007, 34.1194 ], [ -86.6867, 34.0798 ], [ -86.763, 33.9755 ], [ -86.9246, 33.9088 ], [ -86.9317, 33.8678 ], [ -87.0071, 33.8889 ], [ -87.0816, 33.89 ], [ -87.1097, 33.9564 ], [ -87.1099, 34.3001 ], [ -87.2864, 34.2993 ], [ -88.0078, 34.315 ], [ -88.1732, 34.3216 ], [ -88.2493, 33.7449 ], [ -88.3335, 33.0519 ], [ -88.368, 32.7527 ], [ -88.4215, 32.3087 ], [ -87.9817, 32.3054 ], [ -88.0194, 32.2846 ], [ -88.0076, 32.1822 ], [ -88.0392, 32.1419 ], [ -88.0716, 32.0621 ], [ -88.1143, 32.0578 ], [ -88.1073, 31.9995 ], [ -88.0721, 31.9899 ], [ -87.6682, 31.9913 ], [ -87.6239, 32.0055 ], [ -87.6233, 32.1323 ], [ -87.522, 32.1328 ], [ -87.5226, 32.256 ], [ -87.4455, 32.2688 ], [ -87.3576, 32.1977 ], [ -87.321, 32.193 ], [ -87.2828, 32.1449 ], [ -87.1761, 32.0475 ], [ -86.8566, 32.0483 ], [ -86.8576, 31.9622 ], [ -86.415, 31.9648 ], [ -86.4063, 32.0511 ], [ -86.307, 32.0517 ], [ -86.3022, 31.9651 ], [ -86.1865, 31.9627 ], [ -86.1758, 31.9309 ], [ -86.1838, 31.8304 ], [ -86.1485, 31.7909 ], [ -86.146, 31.6177 ], [ -86.0045, 31.6191 ], [ -85.9895, 31.6192 ], [ -85.972, 31.6191 ], [ -85.9593, 31.619 ], [ -85.7466, 31.6188 ], [ -85.5951, 31.6176 ], [ -85.5815, 31.6176 ], [ -85.467, 31.6206 ], [ -85.4164, 31.6196 ], [ -85.416, 31.7067 ], [ -85.3748, 31.7061 ], [ -85.3516, 31.706 ], [ -85.319, 31.7057 ], [ -85.2575, 31.704 ], [ -85.2496, 31.7039 ], [ -85.2206, 31.7025 ], [ -85.2084, 31.7335 ], [ -85.207, 31.7365 ], [ -85.1981, 31.7434 ], [ -85.162, 31.7648 ], [ -85.1616, 31.7679 ], [ -85.1545, 31.7723 ], [ -85.135, 31.7681 ], [ -85.1277, 31.7629 ], [ -85.1268, 31.7694 ], [ -85.1375, 31.7775 ], [ -85.1415, 31.7811 ], [ -85.1327, 31.7992 ], [ -85.1339, 31.8255 ], [ -85.1321, 31.8275 ], [ -85.1404, 31.8419 ], [ -85.1377, 31.8486 ], [ -85.1346, 31.8667 ], [ -85.1313, 31.873 ], [ -85.131, 31.8857 ], [ -85.1252, 31.8928 ], [ -85.1117, 31.9002 ], [ -85.1118, 31.9092 ], [ -85.1006, 31.9214 ], [ -85.0985, 31.9259 ], [ -85.0847, 31.9544 ], [ -85.0846, 31.9615 ], [ -85.0674, 31.9682 ], [ -85.0661, 31.9711 ], [ -85.0696, 31.9782 ], [ -85.0682, 31.9919 ] ] ] } },
{ "type": "Feature", "properties": { "i": 13 }, "geometry": { "type": "Polygon", "coordinates": [ [ [ -114.8109, 44.8071 ], [ -114.732, 44.8808 ], [ -114.7355, 44.9733 ], [ -114.7227, 45.041 ], [ -114.7313, 45.1525 ], [ -114.695, 45.1966 ], [ -115.2064, 45.1966 ], [ -115.9758, 45.1956 ], [ -116.1216, 45.1577 ], [ -116.148, 45.1078 ], [ -116.3035, 45.1089 ], [ -116.2821, 45.1355 ], [ -116.3447, 45.268 ], [ -116.4296, 45.2678 ], [ -116.5057, 45.2681 ], [ -116.6868, 45.2678 ], [ -116.7322, 45.1392 ], [ -116.7878, 45.079 ], [ -117.5631, 45.0796 ], [ -117.5637, 44.9932 ], [ -117.7783, 44.9929 ], [ -117.8532, 45.0603 ], [ -117.9225, 45.0192 ], [ -118.0027, 44.995 ], [ -118.0936, 45.042 ], [ -118.1855, 45.0193 ], [ -118.2453, 44.9587 ], [ -118.2279, 44.8667 ], [ -118.3184, 44.8359 ], [ -118.2857, 44.7511 ], [ -118.3693, 44.7469 ], [ -118.4624, 44.7076 ], [ -118.5043, 44.6662 ], [ -118.3736, 44.6456 ], [ -118.3063, 44.5882 ], [ -118.3718, 44.529 ], [ -118.3583, 44.4843 ], [ -118.4219, 44.4514 ], [ -118.411, 44.3797 ], [ -118.4681, 44.3346 ], [ -118.4973, 44.2551 ], [ -118.2343, 44.2573 ], [ -118.2274, 44.04 ], [ -118.5838, 44.0401 ], [ -118.8158, 44.0475 ], [ -118.8167, 43.96 ], [ -119.4978, 43.9574 ], [ -119.7757, 43.9591 ], [ -119.7775, 43.6981 ], [ -119.898, 43.6983 ], [ -119.8964, 43.6106 ], [ -119.8968, 43.179 ], [ -119.9324, 43.179 ], [ -119.9316, 42.917 ], [ -119.9439, 42.7463 ], [ -119.3653, 42.749 ], [ -119.3635, 42.1369 ], [ -119.3602, 41.9944 ], [ -119.3242, 41.9942 ], [ -118.6961, 41.9918 ], [ -118.1905, 41.997 ], [ -117.6336, 41.9981 ], [ -117.0262, 42.0002 ], [ -116.3773, 41.9963 ], [ -115.8702, 41.9969 ], [ -115.0318, 41.996 ], [ -114.8068, 42.0018 ], [ -114.5983, 41.9945 ], [ -114.2811, 41.9945 ], [ -114.2812, 42.331 ], [ -114.2854, 42.4173 ], [ -114.0693, 42.4171 ], [ -114.0661, 42.5149 ], [ -113.9316, 42.5362 ], [ -113.9329, 42.765 ], [ -114.0526, 42.7651 ], [ -114.0526, 42.8085 ], [ -114.3484, 42.809 ], [ -114.3686, 42.8505 ], [ -114.597, 42.8511 ], [ -114.5973, 43.1983 ], [ -114.375, 43.2 ], [ -114.3949, 43.2587 ], [ -114.3955, 43.3258 ], [ -114.5344, 43.3337 ], [ -114.5267, 43.3985 ], [ -114.5453, 43.4379 ], [ -114.507, 43.478 ], [ -114.5957, 43.5312 ], [ -114.5871, 43.5587 ], [ -114.6804, 43.5911 ], [ -114.6624, 43.6607 ], [ -114.7023, 43.8058 ], [ -114.7593, 43.7926 ], [ -114.9729, 43.8527 ], [ -114.9963, 43.9139 ], [ -114.9672, 43.9822 ], [ -115.0299, 44.0183 ], [ -115.0203, 44.0793 ], [ -115.0465, 44.12 ], [ -115.0262, 44.1584 ], [ -115.108, 44.1708 ], [ -115.1648, 44.2014 ], [ -115.1662, 44.2763 ], [ -115.2946, 44.3382 ], [ -115.2282, 44.4229 ], [ -115.2282, 44.4904 ], [ -115.2805, 44.5187 ], [ -115.3051, 44.5795 ], [ -115.2574, 44.6153 ], [ -115.169, 44.6475 ], [ -115.1393, 44.717 ], [ -115.0875, 44.7713 ], [ -115.0187, 44.731 ], [ -114.9551, 44.7208 ], [ -114.8109, 44.8071 ] ] ] } },
{ "type": "Feature", "properties": { "i": 14 }, "geometry": { "type": "Polygon", "coordinates": [ [ [ -102.0515, 40.44 ], [ -102.0513, 40.7398 ], [ -102.0513, 40.7559 ], [ -102.0516, 41.0029 ], [ -102.6209, 41.0029 ], [ -103.5351, 41.0014 ], [ -104.0401, 41.0015 ], [ -104.6255, 41.0014 ], [ -104.8553, 40.998 ], [ -105.3929, 40.9978 ], [ -106.0451, 40.997 ], [ -106.4549, 41.0021 ], [ -106.8585, 41.0025 ], [ -106.8506, 40.9261 ], [ -106.8001, 40.8962 ], [ -106.6922, 40.8881 ], [ -106.6567, 40.852 ], [ -106.6364, 40.7913 ], [ -106.6684, 40.7634 ], [ -106.6683, 40.6957 ], [ -106.7061, 40.6155 ], [ -106.7014, 40.5778 ], [ -106.6537, 40.4932 ], [ -106.6528, 40.3415 ], [ -106.6323, 40.3415 ], [ -106.637, 40.0021 ], [ -106.6264, 39.9255 ], [ -106.4432, 39.9249 ], [ -106.4328, 39.8653 ], [ -106.3857, 39.7683 ], [ -106.3487, 39.7575 ], [ -106.2349, 39.6623 ], [ -106.1841, 39.6517 ], [ -106.1759, 39.6161 ], [ -106.2556, 39.5322 ], [ -106.2513, 39.4659 ], [ -106.2076, 39.3803 ], [ -106.1403, 39.3389 ], [ -106.1836, 39.3097 ], [ -106.1733, 39.1383 ], [ -106.2035, 39.1133 ], [ -106.1927, 39.0186 ], [ -106.1692, 38.9916 ], [ -106.1044, 38.9738 ], [ -106.1127, 38.9422 ], [ -106.0272, 38.942 ], [ -105.9258, 38.8718 ], [ -105.9116, 38.8132 ], [ -105.9429, 38.7686 ], [ -105.9648, 38.693 ], [ -105.3291, 38.6972 ], [ -105.3285, 39.13 ], [ -104.7746, 39.1296 ], [ -104.0515, 39.1283 ], [ -104.0554, 38.875 ], [ -104.0542, 38.5226 ], [ -103.718, 38.5217 ], [ -103.1728, 38.5255 ], [ -103.1729, 38.6124 ], [ -103.1642, 38.6901 ], [ -103.1631, 39.1261 ], [ -103.1553, 39.1275 ], [ -103.1543, 39.5658 ], [ -102.8028, 39.5678 ], [ -102.8005, 39.8308 ], [ -102.7935, 40.0024 ], [ -102.7937, 40.3513 ], [ -102.7799, 40.4386 ], [ -102.0776, 40.4398 ], [ -102.0515, 40.44 ] ] ] } },
{ "type": "Feature", "properties": { "i": 15 }, "geometry": { "type": "MultiPolygon", "coordinates": [ [ [ [ -70.0116, 41.3546 ], [ -70.0199, 41.3045 ], [ -70.1919, 41.2958 ], [ -70.1981, 41.267 ], [ -70.1187, 41.2424 ], [ -70.0182, 41.238 ], [ -69.9603, 41.2787 ], [ -70.0116, 41.3546 ] ] ], [ [ [ -70.6009, 41.4816 ], [ -70.66, 41.4602 ], [ -70.7845, 41.3423 ], [ -70.7395, 41.334 ], [ -70.6084, 41.3489 ], [ -70.4528, 41.3475 ], [ -70.4493, 41.3804 ], [ -70.5468, 41.404 ], [ -70.5528, 41.4514 ], [ -70.6009, 41.4816 ] ] ], [ [ [ -71.2211, 41.65 ], [ -71.2752, 41.6196 ], [ -71.3106, 41.5468 ], [ -71.3164, 41.4775 ], [ -71.2474, 41.4909 ], [ -71.2403, 41.6197 ], [ -71.2211, 41.65 ] ] ], [ [ [ -70.8173, 42.8717 ], [ -70.8493, 42.8615 ], [ -70.9274, 42.8856 ], [ -71.03, 42.8593 ], [ -71.0661, 42.8067 ], [ -71.1325, 42.8215 ], [ -71.1852, 42.7917 ], [ -71.1818, 42.7377 ], [ -71.2455, 42.7427 ], [ -71.2942, 42.6971 ], [ -71.7458, 42.7073 ], [ -72.4576, 42.7269 ], [ -73.0234, 42.7407 ], [ -73.0235, 42.7026 ], [ -72.951, 42.6411 ], [ -72.9689, 42.5386 ], [ -73.0117, 42.3798 ], [ -73.0659, 42.389 ], [ -73.0629, 42.329 ], [ -73.0008, 42.3122 ], [ -73.0045, 42.2507 ], [ -73.0349, 42.1444 ], [ -73.073, 42.0941 ], [ -73.0524, 42.0399 ], [ -73.0087, 42.0388 ], [ -73.0295, 41.9666 ], [ -72.8871, 41.9731 ], [ -72.9153, 41.8968 ], [ -72.9535, 41.8542 ], [ -72.949, 41.8064 ], [ -73.0167, 41.7982 ], [ -72.9831, 41.6396 ], [ -72.9385, 41.6443 ], [ -72.9464, 41.5568 ], [ -72.7522, 41.5789 ], [ -72.7139, 41.6277 ], [ -72.5051, 41.6463 ], [ -72.4667, 41.5839 ], [ -72.3286, 41.6053 ], [ -72.3332, 41.6435 ], [ -72.2394, 41.7138 ], [ -72.158, 41.6581 ], [ -72.1203, 41.6619 ], [ -71.9521, 41.6344 ], [ -71.7886, 41.64 ], [ -71.7976, 41.4166 ], [ -71.8434, 41.4059 ], [ -71.8269, 41.3374 ], [ -71.8745, 41.3226 ], [ -71.8551, 41.3071 ], [ -71.7147, 41.331 ], [ -71.6166, 41.3623 ], [ -71.5222, 41.3766 ], [ -71.4883, 41.362 ], [ -71.4183, 41.4726 ], [ -71.404, 41.59 ], [ -71.4088, 41.6629 ], [ -71.3642, 41.6886 ], [ -71.3592, 41.7454 ], [ -71.2909, 41.7126 ], [ -71.2684, 41.6594 ], [ -71.2384, 41.6658 ], [ -71.2254, 41.7308 ], [ -71.1952, 41.7128 ], [ -71.2137, 41.6266 ], [ -71.2062, 41.4992 ], [ -71.1924, 41.4644 ], [ -71.0671, 41.5203 ], [ -71.0386, 41.4957 ], [ -70.9477, 41.5295 ], [ -70.9315, 41.6078 ], [ -70.9037, 41.6327 ], [ -70.8078, 41.6255 ], [ -70.7576, 41.6543 ], [ -70.7573, 41.702 ], [ -70.7178, 41.7274 ], [ -70.6257, 41.7495 ], [ -70.6144, 41.6742 ], [ -70.65, 41.6461 ], [ -70.6427, 41.5724 ], [ -70.6689, 41.5328 ], [ -70.4863, 41.554 ], [ -70.4329, 41.6204 ], [ -70.4011, 41.6354 ], [ -70.3164, 41.6255 ], [ -70.2745, 41.648 ], [ -70.2211, 41.6359 ], [ -70.0103, 41.6722 ], [ -69.936, 41.8094 ], [ -69.9802, 41.9387 ], [ -70.0335, 42.0177 ], [ -70.0845, 42.014 ], [ -70.072, 41.915 ], [ -70.0059, 41.9015 ], [ -70.0051, 41.8063 ], [ -70.0235, 41.7874 ], [ -70.1893, 41.752 ], [ -70.2595, 41.7134 ], [ -70.321, 41.7093 ], [ -70.3474, 41.7365 ], [ -70.474, 41.7628 ], [ -70.541, 41.8158 ], [ -70.5256, 41.8587 ], [ -70.5512, 41.9288 ], [ -70.6613, 41.9566 ], [ -70.6779, 42.0055 ], [ -70.6391, 42.0875 ], [ -70.7648, 42.2441 ], [ -70.856, 42.2684 ], [ -70.9661, 42.2445 ], [ -71.0456, 42.3291 ], [ -70.9751, 42.3715 ], [ -70.9903, 42.4101 ], [ -70.9448, 42.4593 ], [ -70.8948, 42.4613 ], [ -70.8548, 42.4918 ], [ -70.8679, 42.5483 ], [ -70.698, 42.5783 ], [ -70.6761, 42.6086 ], [ -70.5927, 42.6367 ], [ -70.6345, 42.6913 ], [ -70.6925, 42.6555 ], [ -70.7538, 42.6493 ], [ -70.7967, 42.7562 ], [ -70.8173, 42.8717 ] ] ] ] } },
{ "type": "Feature", "properties": { "i": 16 }, "geometry": { "type": "MultiPolygon", "coordinates": [ [ [ [ -97.3593, 27.2782 ], [ -97.3739, 27.2701 ], [ -97.3903, 27.0437 ], [ -97.3774, 26.9051 ], [ -97.3894, 26.8572 ], [ -97.3663, 26.7547 ], [ -97.3293, 26.6999 ], [ -97.3451, 26.6515 ], [ -97.2992, 26.6309 ], [ -97.333, 26.7365 ], [ -97.3647, 26.8717 ], [ -97.3753, 26.9501 ], [ -97.377, 27.101 ], [ -97.3474, 27.2786 ], [ -97.3593, 27.2782 ] ] ], [ [ [ -97.7982, 27.2718 ], [ -97.8853, 27.2361 ], [ -97.9516, 27.2331 ], [ -97.9862, 27.2605 ], [ -98.5239, 27.2651 ], [ -98.5228, 27.3431 ], [ -98.5526, 27.3591 ], [ -98.7983, 27.354 ], [ -98.7981, 27.268 ], [ -99.3336, 27.2732 ], [ -99.3706, 27.3191 ], [ -99.4526, 27.2645 ], [ -99.4267, 27.1793 ], [ -99.4523, 27.0627 ], [ -99.4292, 27.0109 ], [ -99.3773, 26.9738 ], [ -99.3883, 26.9442 ], [ -99.3373, 26.9227 ], [ -99.3288, 26.8795 ], [ -99.2686, 26.8432 ], [ -99.24, 26.7458 ], [ -99.2089, 26.7247 ], [ -99.2003, 26.6561 ], [ -99.1779, 26.6196 ], [ -99.1678, 26.5369 ], [ -99.129, 26.5254 ], [ -99.0918, 26.477 ], [ -99.1104, 26.4259 ], [ -99.0844, 26.3981 ], [ -99.0398, 26.4128 ], [ -98.9238, 26.3827 ], [ -98.8965, 26.3534 ], [ -98.8074, 26.3692 ], [ -98.7531, 26.3316 ], [ -98.6656, 26.2355 ], [ -98.5963, 26.258 ], [ -98.5065, 26.213 ], [ -98.4414, 26.1986 ], [ -98.3867, 26.158 ], [ -98.3489, 26.1536 ], [ -98.2454, 26.0732 ], [ -98.1373, 26.0618 ], [ -98.0717, 26.0448 ], [ -98.0001, 26.0649 ], [ -97.9663, 26.0519 ], [ -97.8779, 26.0649 ], [ -97.8015, 26.0599 ], [ -97.7927, 26.0344 ], [ -97.7093, 26.0341 ], [ -97.6246, 25.9968 ], [ -97.5825, 25.9382 ], [ -97.4426, 25.8485 ], [ -97.3727, 25.8406 ], [ -97.3724, 25.905 ], [ -97.2292, 25.9588 ], [ -97.1459, 25.9567 ], [ -97.1536, 26.014 ], [ -97.2096, 25.9917 ], [ -97.2503, 26.0191 ], [ -97.1975, 26.0483 ], [ -97.1982, 26.0814 ], [ -97.2551, 26.0817 ], [ -97.2957, 26.1076 ], [ -97.2952, 26.1916 ], [ -97.3329, 26.2321 ], [ -97.3479, 26.3119 ], [ -97.331, 26.3517 ], [ -97.4746, 26.4562 ], [ -97.4358, 26.4697 ], [ -97.4256, 26.5578 ], [ -97.4681, 26.7097 ], [ -97.47, 26.7492 ], [ -97.5606, 26.8396 ], [ -97.5564, 26.9941 ], [ -97.4825, 27.0011 ], [ -97.4958, 27.0493 ], [ -97.4845, 27.1074 ], [ -97.4532, 27.1135 ], [ -97.4232, 27.2624 ], [ -97.5462, 27.2294 ], [ -97.6286, 27.2423 ], [ -97.6479, 27.2764 ], [ -97.7254, 27.2617 ], [ -97.7982, 27.2718 ] ] ] ] } },
{ "type": "Feature", "properties": { "i": 17 }, "geometry": { "type": "Polygon", "coordinates": [ [ [ -71.5001, 45.0141 ], [ -72.3142, 45.0038 ], [ -72.6407, 45.0148 ], [ -73.0903, 45.0153 ], [ -73.6502, 45.003 ], [ -73.8744, 45.0012 ], [ -74.1501, 44.9914 ], [ -74.3352, 44.9919 ], [ -74.6836, 44.9995 ], [ -74.7309, 44.9905 ], [ -74.8266, 45.0158 ], [ -74.8746, 44.9677 ], [ -74.9847, 44.9505 ], [ -75.1864, 44.8725 ], [ -75.299, 44.837 ], [ -75.3731, 44.7678 ], [ -75.4872, 44.7077 ], [ -75.7398, 44.5244 ], [ -75.7719, 44.483 ], [ -75.7542, 44.4486 ], [ -75.8312, 44.3965 ], [ -75.8322, 44.3967 ], [ -75.8339, 44.3969 ], [ -75.8368, 44.3959 ], [ -75.8372, 44.3955 ], [ -75.838, 44.3947 ], [ -75.8375, 44.3933 ], [ -75.3112, 44.1573 ], [ -75.17, 44.0967 ], [ -75.0628, 44.0504 ], [ -74.2819, 44.1205 ], [ -74.2561, 43.9703 ], [ -74.3366, 43.925 ], [ -74.214, 43.8111 ], [ -74.1535, 43.8296 ], [ -74.047, 43.7958 ], [ -74.056, 43.7446 ], [ -73.3793, 43.8084 ], [ -73.3514, 43.7695 ], [ -73.4284, 43.6356 ], [ -73.4311, 43.5881 ], [ -73.3842, 43.5758 ], [ -73.3664, 43.6235 ], [ -73.3022, 43.6241 ], [ -73.2972, 43.5794 ], [ -73.2585, 43.5641 ], [ -73.2471, 43.5079 ], [ -73.2546, 43.3142 ], [ -72.8199, 43.2979 ], [ -72.8194, 43.2555 ], [ -72.6852, 43.2224 ], [ -72.5462, 43.2359 ], [ -72.4338, 43.2337 ], [ -72.3957, 43.3144 ], [ -72.4146, 43.3643 ], [ -72.3803, 43.49 ], [ -72.3984, 43.5123 ], [ -72.3789, 43.5746 ], [ -72.3363, 43.5967 ], [ -72.3045, 43.6985 ], [ -72.2196, 43.7506 ], [ -72.1835, 43.808 ], [ -72.1876, 43.8567 ], [ -72.1187, 43.922 ], [ -72.1164, 43.995 ], [ -72.0337, 44.0783 ], [ -72.0428, 44.1607 ], [ -72.0655, 44.1892 ], [ -72.0483, 44.2384 ], [ -72.0678, 44.271 ], [ -72.011, 44.3219 ], [ -71.9057, 44.3483 ], [ -71.8155, 44.3542 ], [ -71.794, 44.3993 ], [ -71.7084, 44.4118 ], [ -71.6457, 44.4751 ], [ -71.5982, 44.4878 ], [ -71.5594, 44.5646 ], [ -71.5551, 44.6308 ], [ -71.5872, 44.6611 ], [ -71.6269, 44.747 ], [ -71.5735, 44.7921 ], [ -71.5495, 44.8626 ], [ -71.495, 44.9109 ], [ -71.5405, 44.9852 ], [ -71.5001, 45.0141 ] ] ] } },
{ "type": "Feature", "properties": { "i": 18 }, "geometry": { "type": "MultiPolygon", "coordinates": [ [ [ [ -78.9978, 43.0645 ], [ -79.0129, 42.9887 ], [ -78.9439, 42.9951 ], [ -78.8996, 43.0411 ], [ -78.9978, 43.0645 ] ] ], [ [ [ -75.8375, 44.3933 ], [ -76.0397, 44.2559 ], [ -76.1601, 44.2191 ], [ -76.2977, 44.1519 ], [ -76.3697, 44.1046 ], [ -76.2949, 44.058 ], [ -76.2959, 44.0088 ], [ -76.2545, 43.9668 ], [ -76.1555, 44.0643 ], [ -76.1239, 44.024 ], [ -76.188, 43.9994 ], [ -76.1388, 43.9415 ], [ -76.1273, 43.8979 ], [ -76.2029, 43.864 ], [ -76.2206, 43.8891 ], [ -76.2974, 43.8559 ], [ -76.2288, 43.8032 ], [ -76.1955, 43.6776 ], [ -76.2198, 43.5426 ], [ -76.2971, 43.5129 ], [ -76.4002, 43.5247 ], [ -76.4841, 43.478 ], [ -76.6308, 43.4134 ], [ -76.7026, 43.3421 ], [ -76.7835, 43.3131 ], [ -76.8972, 43.2957 ], [ -76.9585, 43.2701 ], [ -77.0386, 43.2707 ], [ -77.1065, 43.2894 ], [ -77.2667, 43.2771 ], [ -77.391, 43.2764 ], [ -77.5339, 43.2354 ], [ -77.6538, 43.2795 ], [ -77.7569, 43.3374 ], [ -77.9764, 43.3691 ], [ -78.1045, 43.3757 ], [ -78.2336, 43.3691 ], [ -78.4887, 43.3749 ], [ -78.6346, 43.3575 ], [ -78.8066, 43.3237 ], [ -79.0389, 43.2699 ], [ -79.0508, 43.2535 ], [ -79.0458, 43.0777 ], [ -78.9463, 43.0721 ], [ -78.9062, 43.0583 ], [ -78.8813, 43.0237 ], [ -78.9342, 42.9971 ], [ -78.9018, 42.8959 ], [ -78.8578, 42.8359 ], [ -78.8535, 42.784 ], [ -78.9182, 42.7373 ], [ -79.0489, 42.6892 ], [ -79.1496, 42.5532 ], [ -79.2503, 42.5316 ], [ -79.3599, 42.4833 ], [ -79.4535, 42.4112 ], [ -79.5694, 42.3513 ], [ -79.7622, 42.2698 ], [ -79.7612, 41.9994 ], [ -79.61, 41.9988 ], [ -78.8762, 41.9976 ], [ -78.2686, 41.999 ], [ -77.7498, 41.9988 ], [ -77.7313, 42.3983 ], [ -77.7206, 42.535 ], [ -77.6613, 42.5351 ], [ -77.6588, 42.5803 ], [ -77.3665, 42.5764 ], [ -77.3671, 42.6668 ], [ -77.3104, 42.7614 ], [ -76.9726, 42.7644 ], [ -76.9635, 42.8728 ], [ -76.9638, 43.0122 ], [ -76.7177, 43.0239 ], [ -76.4935, 43.0273 ], [ -76.4993, 43.0976 ], [ -76.4728, 43.1146 ], [ -76.4792, 43.2275 ], [ -76.3081, 43.2308 ], [ -76.2706, 43.2048 ], [ -76.1149, 43.2327 ], [ -76.0033, 43.1784 ], [ -75.883, 43.1646 ], [ -75.863, 43.3188 ], [ -75.8863, 43.3249 ], [ -75.8146, 43.4836 ], [ -75.5335, 43.4197 ], [ -75.111, 43.6148 ], [ -75.17, 44.0967 ], [ -75.3112, 44.1573 ], [ -75.8375, 44.3933 ] ] ] ] } },
{ "type": "Feature", "properties": { "i": 20 }, "geometry": { "type": "Polygon", "coordinates": [ [ [ -80.3204, 34.814 ], [ -80.7969, 34.8198 ], [ -80.7821, 34.9351 ], [ -80.8923, 35.0617 ], [ -80.9092, 35.0165 ], [ -80.8693, 34.9506 ], [ -80.8792, 34.8636 ], [ -80.8986, 34.8261 ], [ -80.8762, 34.788 ], [ -80.8611, 34.6947 ], [ -80.8963, 34.6348 ], [ -80.8825, 34.5433 ], [ -81.4225, 34.5718 ], [ -81.4212, 34.501 ], [ -81.5527, 34.4761 ], [ -81.6389, 34.5276 ], [ -81.7227, 34.4491 ], [ -81.7829, 34.365 ], [ -81.8951, 34.3006 ], [ -81.9286, 34.218 ], [ -81.8966, 34.1463 ], [ -81.8708, 34.1297 ], [ -81.928, 34.0767 ], [ -82.0126, 33.9607 ], [ -82.0757, 33.9794 ], [ -82.2208, 33.991 ], [ -82.2449, 34.0186 ], [ -82.3062, 33.9718 ], [ -82.327, 34.0641 ], [ -82.4493, 34.0602 ], [ -82.5297, 34.0719 ], [ -82.646, 33.9841 ], [ -82.638, 33.9598 ], [ -82.6345, 33.9484 ], [ -82.6296, 33.9323 ], [ -82.6282, 33.9274 ], [ -82.6249, 33.9165 ], [ -82.5922, 33.8682 ], [ -82.5725, 33.8645 ], [ -82.5738, 33.8611 ], [ -82.5742, 33.8561 ], [ -82.5783, 33.8524 ], [ -82.5879, 33.8371 ], [ -82.5904, 33.8354 ], [ -82.5937, 33.8325 ], [ -82.5951, 33.8288 ], [ -82.5754, 33.7896 ], [ -82.5662, 33.7749 ], [ -82.5626, 33.769 ], [ -82.5325, 33.7224 ], [ -82.5238, 33.7085 ], [ -82.5084, 33.6846 ], [ -82.4797, 33.6398 ], [ -82.4909, 33.6499 ], [ -82.4947, 33.6516 ], [ -82.4985, 33.6536 ], [ -82.5049, 33.6514 ], [ -82.5059, 33.6596 ], [ -82.5188, 33.6526 ], [ -82.5192, 33.647 ], [ -82.5259, 33.6448 ], [ -82.5297, 33.6459 ], [ -82.5365, 33.649 ], [ -82.5413, 33.6399 ], [ -82.5523, 33.6411 ], [ -82.5572, 33.6355 ], [ -82.5693, 33.642 ], [ -82.5735, 33.6395 ], [ -82.5801, 33.648 ], [ -82.5833, 33.651 ], [ -82.5843, 33.6447 ], [ -82.5846, 33.6408 ], [ -82.5805, 33.6378 ], [ -82.5883, 33.6418 ], [ -82.5951, 33.6377 ], [ -82.6016, 33.6344 ], [ -82.6052, 33.6351 ], [ -82.6068, 33.6303 ], [ -82.6176, 33.6296 ], [ -82.6173, 33.6247 ], [ -82.6232, 33.619 ], [ -82.6172, 33.6124 ], [ -82.6228, 33.6134 ], [ -82.6271, 33.6115 ], [ -82.638, 33.6147 ], [ -82.644, 33.6171 ], [ -82.643, 33.6138 ], [ -82.6176, 33.5313 ], [ -82.6062, 33.5029 ], [ -82.5896, 33.4619 ], [ -82.5879, 33.4576 ], [ -82.5771, 33.4416 ], [ -82.5571, 33.4196 ], [ -82.5519, 33.4084 ], [ -82.5484, 33.3929 ], [ -82.5488, 33.3573 ], [ -82.545, 33.352 ], [ -82.5328, 33.3562 ], [ -82.5288, 33.355 ], [ -82.5249, 33.351 ], [ -82.4994, 33.3386 ], [ -82.4934, 33.3381 ], [ -82.4789, 33.3397 ], [ -82.4739, 33.3398 ], [ -82.4626, 33.3411 ], [ -82.456, 33.3405 ], [ -82.4483, 33.3383 ], [ -82.4414, 33.3373 ], [ -82.4174, 33.328 ], [ -82.4118, 33.3239 ], [ -82.4107, 33.3203 ], [ -82.4, 33.315 ], [ -82.3912, 33.3126 ], [ -82.363, 33.312 ], [ -82.3605, 33.3121 ], [ -82.3446, 33.312 ], [ -82.3419, 33.3121 ], [ -82.3336, 33.309 ], [ -82.3292, 33.3064 ], [ -82.3225, 33.3008 ], [ -82.3164, 33.2993 ], [ -82.3118, 33.2973 ], [ -82.3094, 33.2953 ], [ -82.3025, 33.2891 ], [ -82.298, 33.2836 ], [ -82.2977, 33.2807 ], [ -82.2936, 33.2767 ], [ -82.2871, 33.2742 ], [ -82.2791, 33.2697 ], [ -82.2729, 33.2677 ], [ -82.2632, 33.2658 ], [ -82.2583, 33.262 ], [ -82.2544, 33.2567 ], [ -82.2515, 33.2542 ], [ -82.247, 33.2492 ], [ -82.244, 33.2435 ], [ -82.2371, 33.2204 ], [ -82.2445, 33.2057 ], [ -82.246, 33.2024 ], [ -82.2498, 33.1936 ], [ -82.2552, 33.1793 ], [ -82.2566, 33.1761 ], [ -82.2669, 33.153 ], [ -82.2897, 33.069 ], [ -82.2908, 33.0594 ], [ -82.2889, 33.0449 ], [ -82.283, 33.0136 ], [ -82.2819, 33.0079 ], [ -82.2808, 33.0007 ], [ -82.2796, 32.9907 ], [ -82.2784, 32.9804 ], [ -82.2764, 32.9634 ], [ -82.2741, 32.9487 ], [ -82.2737, 32.9343 ], [ -82.2904, 32.8912 ], [ -82.2941, 32.8823 ], [ -82.3095, 32.85 ], [ -82.3161, 32.8349 ], [ -82.3117, 32.8303 ], [ -82.3008, 32.8265 ], [ -82.2975, 32.8266 ], [ -82.2766, 32.825 ], [ -82.267, 32.8254 ], [ -82.2605, 32.8239 ], [ -82.2552, 32.8194 ], [ -82.2452, 32.8156 ], [ -82.2375, 32.8137 ], [ -82.2309, 32.8135 ], [ -82.2267, 32.8126 ], [ -82.2222, 32.8103 ], [ -82.199, 32.8073 ], [ -82.1907, 32.8063 ], [ -82.1815, 32.8109 ], [ -82.1773, 32.812 ], [ -82.1737, 32.8126 ], [ -82.1648, 32.8124 ], [ -82.1628, 32.8124 ], [ -82.1581, 32.8153 ], [ -82.1459, 32.8135 ], [ -82.1479, 32.8196 ], [ -82.1237, 32.8836 ], [ -82.121, 32.8859 ], [ -82.1156, 32.89 ], [ -82.1108, 32.8939 ], [ -82.107, 32.8968 ], [ -82.0974, 32.9044 ], [ -82.0811, 32.9168 ], [ -82.0541, 32.9183 ], [ -82.0078, 32.9206 ], [ -81.9562, 32.9238 ], [ -81.8758, 32.9484 ], [ -81.8567, 32.9529 ], [ -81.8394, 32.9453 ], [ -81.8361, 32.9443 ], [ -81.8333, 32.9444 ], [ -81.8278, 32.9426 ], [ -81.8197, 32.946 ], [ -81.8093, 32.935 ], [ -81.7835, 32.9278 ], [ -81.7751, 32.9209 ], [ -81.773, 32.9169 ], [ -81.7723, 32.9142 ], [ -81.7709, 32.9113 ], [ -81.7682, 32.9095 ], [ -81.7624, 32.9125 ], [ -81.7486, 32.9208 ], [ -81.7372, 32.9278 ], [ -81.7271, 32.9339 ], [ -81.7229, 32.9365 ], [ -81.6974, 32.952 ], [ -81.693, 32.9547 ], [ -81.6887, 32.9574 ], [ -81.6862, 32.9591 ], [ -81.6804, 32.9625 ], [ -81.6717, 32.9679 ], [ -81.6682, 32.9701 ], [ -81.6477, 32.9825 ], [ -81.6327, 32.9917 ], [ -81.6236, 32.9971 ], [ -81.6083, 33.0063 ], [ -81.5975, 33.0125 ], [ -81.5657, 33.0316 ], [ -81.5421, 33.046 ], [ -81.5524, 33.0433 ], [ -81.5573, 33.0442 ], [ -81.562, 33.0458 ], [ -81.5656, 33.049 ], [ -81.5625, 33.0498 ], [ -81.5598, 33.0507 ], [ -81.5592, 33.0543 ], [ -81.5669, 33.0533 ], [ -81.5698, 33.0542 ], [ -81.5726, 33.0547 ], [ -81.5806, 33.0622 ], [ -81.5844, 33.0699 ], [ -81.5937, 33.07 ], [ -81.5972, 33.0726 ], [ -81.6022, 33.0743 ], [ -81.599, 33.0767 ], [ -81.5966, 33.0792 ], [ -81.5991, 33.084 ], [ -81.6019, 33.0869 ], [ -81.6142, 33.0954 ], [ -81.5419, 33.1582 ], [ -81.365, 33.1081 ], [ -81.1936, 33.1194 ], [ -81.1267, 33.0552 ], [ -81.1214, 33.0519 ], [ -81.1156, 33.0501 ], [ -81.1075, 33.0489 ], [ -81.1036, 33.049 ], [ -81.1002, 33.0484 ], [ -81.0821, 33.0264 ], [ -80.9407, 33.1007 ], [ -80.9366, 33.1013 ], [ -80.9332, 33.0992 ], [ -80.9302, 33.0919 ], [ -80.9278, 33.0881 ], [ -80.9259, 33.0854 ], [ -80.923, 33.0835 ], [ -80.9204, 33.0815 ], [ -80.9176, 33.0791 ], [ -80.9173, 33.0759 ], [ -80.9161, 33.0727 ], [ -80.9144, 33.0708 ], [ -80.9118, 33.0695 ], [ -80.9097, 33.0679 ], [ -80.9074, 33.0657 ], [ -80.9064, 33.0624 ], [ -80.896, 33.0617 ], [ -80.8811, 33.0906 ], [ -80.8952, 33.1252 ], [ -80.8928, 33.1266 ], [ -80.8748, 33.1356 ], [ -80.851, 33.1483 ], [ -80.8486, 33.1496 ], [ -80.8459, 33.1511 ], [ -80.8406, 33.154 ], [ -80.7983, 33.1768 ], [ -80.7931, 33.1797 ], [ -80.7903, 33.1801 ], [ -80.7743, 33.1895 ], [ -80.6607, 33.2501 ], [ -80.5028, 33.3345 ], [ -80.4934, 33.2964 ], [ -80.4839, 33.2797 ], [ -80.4258, 33.2578 ], [ -80.3619, 33.2574 ], [ -80.3617, 33.2595 ], [ -80.3613, 33.2631 ], [ -80.3603, 33.2675 ], [ -80.3597, 33.2696 ], [ -80.3591, 33.272 ], [ -80.3582, 33.2736 ], [ -80.3574, 33.2748 ], [ -80.3551, 33.2764 ], [ -80.3548, 33.2765 ], [ -80.3544, 33.2768 ], [ -80.3527, 33.2774 ], [ -80.352, 33.2776 ], [ -80.3514, 33.2777 ], [ -80.3508, 33.2778 ], [ -80.3488, 33.278 ], [ -80.347, 33.2781 ], [ -80.3446, 33.2779 ], [ -80.3301, 33.2722 ], [ -80.3279, 33.2707 ], [ -80.3256, 33.2691 ], [ -80.3223, 33.2661 ], [ -80.3172, 33.2641 ], [ -80.2945, 33.2713 ], [ -80.2934, 33.2734 ], [ -80.2927, 33.2747 ], [ -80.2917, 33.2763 ], [ -80.2893, 33.2791 ], [ -80.2785, 33.2826 ], [ -80.2754, 33.2847 ], [ -80.2746, 33.285 ], [ -80.2731, 33.2853 ], [ -80.2726, 33.2857 ], [ -80.2718, 33.2878 ], [ -80.2702, 33.2904 ], [ -80.2699, 33.2907 ], [ -80.2695, 33.2909 ], [ -80.2675, 33.2914 ], [ -80.2666, 33.2918 ], [ -80.2657, 33.292 ], [ -80.2646, 33.2921 ], [ -80.2635, 33.2923 ], [ -80.2565, 33.2996 ], [ -80.2477, 33.3382 ], [ -80.2436, 33.3458 ], [ -80.2424, 33.3479 ], [ -80.2404, 33.3502 ], [ -80.2398, 33.3513 ], [ -80.2391, 33.36 ], [ -80.2391, 33.3612 ], [ -80.2394, 33.3629 ], [ -80.2399, 33.364 ], [ -80.2406, 33.3663 ], [ -80.2402, 33.3714 ], [ -80.2418, 33.3752 ], [ -80.2385, 33.3912 ], [ -80.2324, 33.3841 ], [ -80.2302, 33.3841 ], [ -80.2299, 33.3916 ], [ -80.2226, 33.3913 ], [ -80.2252, 33.4093 ], [ -80.2215, 33.4346 ], [ -80.2216, 33.4357 ], [ -80.2222, 33.4396 ], [ -80.2223, 33.4437 ], [ -80.222, 33.4438 ], [ -80.2218, 33.4441 ], [ -80.2216, 33.4446 ], [ -80.2216, 33.4448 ], [ -80.2217, 33.4452 ], [ -80.2221, 33.4459 ], [ -80.2224, 33.4465 ], [ -80.2225, 33.447 ], [ -80.2225, 33.4473 ], [ -80.2224, 33.4478 ], [ -80.2221, 33.4479 ], [ -80.2208, 33.448 ], [ -80.219, 33.4477 ], [ -80.2175, 33.4472 ], [ -80.217, 33.447 ], [ -80.2166, 33.4466 ], [ -80.2132, 33.4439 ], [ -80.2066, 33.442 ], [ -80.1757, 33.4486 ], [ -80.1745, 33.4486 ], [ -80.1734, 33.4487 ], [ -80.1725, 33.4489 ], [ -80.1718, 33.4491 ], [ -80.1711, 33.4494 ], [ -80.1706, 33.4497 ], [ -80.1677, 33.4518 ], [ -80.1667, 33.4528 ], [ -80.1658, 33.454 ], [ -80.1653, 33.4549 ], [ -80.1652, 33.4553 ], [ -80.1651, 33.4556 ], [ -80.1587, 33.4551 ], [ -80.1616, 33.4504 ], [ -80.1617, 33.4492 ], [ -80.1615, 33.4489 ], [ -80.1611, 33.4488 ], [ -80.1607, 33.4487 ], [ -80.1585, 33.4487 ], [ -80.154, 33.4479 ], [ -80.1483, 33.4499 ], [ -80.1479, 33.4524 ], [ -80.148, 33.4535 ], [ -80.1485, 33.4549 ], [ -80.1488, 33.4553 ], [ -80.1499, 33.4561 ], [ -80.1514, 33.4567 ], [ -80.1519, 33.4569 ], [ -80.1524, 33.4582 ], [ -80.1524, 33.459 ], [ -80.1522, 33.4594 ], [ -80.1512, 33.4601 ], [ -80.1507, 33.4603 ], [ -80.1498, 33.4602 ], [ -80.1463, 33.4592 ], [ -80.1437, 33.458 ], [ -80.142, 33.4547 ], [ -80.1379, 33.4555 ], [ -80.1397, 33.4604 ], [ -80.132, 33.464 ], [ -80.152, 33.4786 ], [ -80.1508, 33.483 ], [ -80.1511, 33.4835 ], [ -80.1516, 33.4839 ], [ -80.1517, 33.4843 ], [ -80.152, 33.4847 ], [ -80.1522, 33.4851 ], [ -80.1521, 33.4854 ], [ -80.1517, 33.4861 ], [ -80.1514, 33.4863 ], [ -80.1511, 33.4864 ], [ -80.1506, 33.4865 ], [ -80.1503, 33.4865 ], [ -80.1497, 33.4868 ], [ -80.1492, 33.4868 ], [ -80.1487, 33.4868 ], [ -80.1482, 33.4867 ], [ -80.1476, 33.4864 ], [ -80.1453, 33.4846 ], [ -80.1416, 33.4864 ], [ -80.1365, 33.4882 ], [ -80.1358, 33.4904 ], [ -80.1352, 33.4916 ], [ -80.1348, 33.4922 ], [ -80.1344, 33.4925 ], [ -80.1336, 33.4929 ], [ -80.13, 33.4924 ], [ -80.1294, 33.4924 ], [ -80.1288, 33.4925 ], [ -80.1277, 33.4929 ], [ -80.1273, 33.4933 ], [ -80.126, 33.4951 ], [ -80.126, 33.4955 ], [ -80.1261, 33.4964 ], [ -80.1263, 33.4968 ], [ -80.1268, 33.4976 ], [ -80.1276, 33.5002 ], [ -80.1269, 33.5015 ], [ -80.1261, 33.5022 ], [ -80.1255, 33.5024 ], [ -80.1253, 33.5025 ], [ -80.1242, 33.5025 ], [ -80.1233, 33.5024 ], [ -80.1223, 33.502 ], [ -80.121, 33.5012 ], [ -80.1192, 33.5003 ], [ -80.1131, 33.4988 ], [ -80.1116, 33.499 ], [ -80.1104, 33.4993 ], [ -80.1089, 33.4999 ], [ -80.1067, 33.4999 ], [ -80.1057, 33.4993 ], [ -80.1051, 33.4981 ], [ -80.1044, 33.497 ], [ -80.1027, 33.4967 ], [ -80.1019, 33.4969 ], [ -80.1001, 33.5002 ], [ -80.0984, 33.5029 ], [ -80.0759, 33.5441 ], [ -80.0545, 33.5825 ], [ -80.0213, 33.6451 ], [ -79.9754, 33.7216 ], [ -79.9955, 33.7678 ], [ -79.9153, 33.8187 ], [ -79.8757, 33.8849 ], [ -79.9468, 33.8868 ], [ -79.9744, 33.9464 ], [ -79.8973, 33.9862 ], [ -79.9903, 34.0393 ], [ -80.0323, 34.0765 ], [ -80.0842, 34.0913 ], [ -80.1573, 34.1609 ], [ -80.1133, 34.1967 ], [ -80.1349, 34.2836 ], [ -80.1752, 34.3293 ], [ -80.244, 34.3243 ], [ -80.289, 34.3666 ], [ -80.0468, 34.492 ], [ -79.8848, 34.4915 ], [ -79.8287, 34.5339 ], [ -79.8031, 34.6095 ], [ -79.8159, 34.6582 ], [ -79.8523, 34.6715 ], [ -79.9303, 34.8062 ], [ -80.3204, 34.814 ] ] ] } },
{ "type": "Feature", "properties": { "i": 21 }, "geometry": { "type": "MultiPolygon", "coordinates": [ [ [ [ -68.7317, 44.3075 ], [ -68.6768, 44.2674 ], [ -68.7145, 44.1709 ], [ -68.6425, 44.1582 ], [ -68.6547, 44.2076 ], [ -68.609, 44.239 ], [ -68.7317, 44.3075 ] ] ], [ [ [ -68.3185, 44.4446 ], [ -68.3685, 44.4206 ], [ -68.3967, 44.377 ], [ -68.4133, 44.2699 ], [ -68.3401, 44.2235 ], [ -68.2909, 44.2468 ], [ -68.32, 44.2888 ], [ -68.2247, 44.2908 ], [ -68.1744, 44.3441 ], [ -68.2502, 44.4166 ], [ -68.3185, 44.4446 ] ] ], [ [ [ -68.8159, 44.6848 ], [ -68.8422, 44.6275 ], [ -68.8082, 44.5737 ], [ -68.7637, 44.5608 ], [ -68.7568, 44.5112 ], [ -68.8218, 44.4087 ], [ -68.7967, 44.3867 ], [ -68.8237, 44.3108 ], [ -68.7603, 44.3322 ], [ -68.6049, 44.276 ], [ -68.546, 44.3561 ], [ -68.5638, 44.4024 ], [ -68.4339, 44.4015 ], [ -68.2955, 44.4719 ], [ -68.2301, 44.464 ], [ -68.1602, 44.5033 ], [ -68.1139, 44.4811 ], [ -68.1124, 44.4035 ], [ -68.0274, 44.3678 ], [ -67.9827, 44.4415 ], [ -67.9129, 44.418 ], [ -67.8511, 44.493 ], [ -67.7624, 44.5627 ], [ -67.6982, 44.5371 ], [ -67.5653, 44.5319 ], [ -67.5564, 44.5996 ], [ -67.4915, 44.6266 ], [ -67.4013, 44.5985 ], [ -67.3744, 44.691 ], [ -67.3105, 44.7084 ], [ -67.2817, 44.6234 ], [ -67.1667, 44.6627 ], [ -66.9831, 44.8114 ], [ -67.0171, 44.8827 ], [ -67.0898, 44.8725 ], [ -67.0963, 44.9236 ], [ -67.0397, 44.9452 ], [ -67.1249, 45.1273 ], [ -67.1594, 45.1622 ], [ -67.2273, 45.1634 ], [ -67.2623, 45.1879 ], [ -67.3409, 45.125 ], [ -67.3807, 45.1521 ], [ -67.4625, 45.2431 ], [ -67.4661, 45.2941 ], [ -67.4309, 45.3419 ], [ -67.4274, 45.3906 ], [ -67.4727, 45.4232 ], [ -67.5037, 45.4867 ], [ -67.4482, 45.5103 ], [ -67.4215, 45.5495 ], [ -67.4567, 45.6043 ], [ -67.499, 45.5866 ], [ -67.6455, 45.6133 ], [ -67.7014, 45.6691 ], [ -67.8036, 45.6776 ], [ -67.802, 45.8035 ], [ -67.7555, 45.8235 ], [ -67.8047, 45.8731 ], [ -67.7532, 45.9202 ], [ -67.7812, 45.9435 ], [ -67.7831, 46.3522 ], [ -67.7884, 46.6011 ], [ -67.7902, 47.0663 ], [ -67.8829, 47.1044 ], [ -67.9525, 47.1954 ], [ -68.2237, 47.3447 ], [ -68.3356, 47.3597 ], [ -68.3847, 47.3241 ], [ -68.3779, 47.2873 ], [ -68.5156, 47.2961 ], [ -68.58, 47.2871 ], [ -68.6075, 47.247 ], [ -68.6902, 47.244 ], [ -68.8114, 47.2152 ], [ -68.8946, 47.1826 ], [ -69.0409, 47.245 ], [ -69.0549, 47.3777 ], [ -69.0354, 47.414 ], [ -69.1781, 47.4564 ], [ -69.2244, 47.4597 ], [ -69.5706, 47.1208 ], [ -69.9971, 46.6952 ], [ -70.0563, 46.4162 ], [ -70.2069, 46.3317 ], [ -70.2917, 46.1911 ], [ -70.2366, 46.1464 ], [ -70.2843, 46.0987 ], [ -70.278, 46.0607 ], [ -70.3156, 46.0195 ], [ -70.3121, 45.9688 ], [ -70.2602, 45.9608 ], [ -69.6847, 45.9818 ], [ -69.6506, 45.8658 ], [ -69.6952, 45.864 ], [ -69.7239, 45.7628 ], [ -69.7879, 45.7639 ], [ -69.7957, 45.7129 ], [ -69.7093, 45.6562 ], [ -69.7089, 45.5806 ], [ -69.7781, 45.538 ], [ -69.698, 45.2948 ], [ -69.7073, 45.2924 ], [ -69.6211, 45.0109 ], [ -69.5172, 45.0247 ], [ -69.4999, 45.0537 ], [ -69.3559, 45.0733 ], [ -69.2816, 44.8105 ], [ -69.2668, 44.722 ], [ -69.2052, 44.7296 ], [ -69.1835, 44.6441 ], [ -68.8967, 44.6918 ], [ -68.8159, 44.6848 ] ] ] ] } },
{ "type": "Feature", "properties": { "i": 23 }, "geometry": { "type": "Polygon", "coordinates": [ [ [ -79.61, 41.9988 ], [ -79.7612, 41.9994 ], [ -79.7622, 42.2698 ], [ -79.8732, 42.2321 ], [ -80.0611, 42.1449 ], [ -80.3237, 42.0384 ], [ -80.6305, 41.9435 ], [ -80.9043, 41.8678 ], [ -81.0105, 41.854 ], [ -81.2216, 41.7696 ], [ -81.2841, 41.763 ], [ -81.4397, 41.6753 ], [ -81.5004, 41.6234 ], [ -81.5997, 41.5606 ], [ -81.7448, 41.4871 ], [ -81.9379, 41.4914 ], [ -82.012, 41.5156 ], [ -82.178, 41.4715 ], [ -82.2547, 41.4344 ], [ -82.3618, 41.4266 ], [ -82.4887, 41.3808 ], [ -82.7081, 41.4599 ], [ -82.795, 41.4669 ], [ -82.9242, 41.42 ], [ -82.9917, 41.4601 ], [ -82.9548, 41.4884 ], [ -82.8062, 41.5062 ], [ -82.7307, 41.5032 ], [ -82.7122, 41.5257 ], [ -82.8039, 41.5587 ], [ -82.9464, 41.515 ], [ -83.0383, 41.5636 ], [ -83.0696, 41.5976 ], [ -83.2127, 41.6378 ], [ -83.3304, 41.7038 ], [ -83.4253, 41.6898 ], [ -83.4538, 41.7326 ], [ -83.8805, 41.7201 ], [ -83.8835, 41.3425 ], [ -83.8801, 40.8198 ], [ -83.4963, 40.8171 ], [ -83.4957, 40.7017 ], [ -83.4201, 40.6867 ], [ -83.4184, 40.5052 ], [ -83.2551, 40.507 ], [ -83.2486, 40.4439 ], [ -83.021, 40.4331 ], [ -82.9247, 40.4148 ], [ -82.9299, 40.3588 ], [ -82.7447, 40.3494 ], [ -82.7528, 40.277 ], [ -82.4772, 40.2647 ], [ -82.4774, 40.2458 ], [ -82.1962, 40.2391 ], [ -82.1941, 40.2746 ], [ -82.1918, 40.3164 ], [ -82.1912, 40.3294 ], [ -82.191, 40.3357 ], [ -82.1897, 40.3595 ], [ -82.1887, 40.3745 ], [ -82.1878, 40.3909 ], [ -82.1871, 40.4033 ], [ -82.1863, 40.4187 ], [ -82.1857, 40.4318 ], [ -82.1852, 40.4416 ], [ -82.1847, 40.4539 ], [ -82.1846, 40.4563 ], [ -82.151, 40.455 ], [ -82.124, 40.4542 ], [ -82.0964, 40.4532 ], [ -82.086, 40.4533 ], [ -82.0552, 40.4533 ], [ -82.0441, 40.4529 ], [ -82.0334, 40.4525 ], [ -82.0268, 40.4523 ], [ -81.9845, 40.4512 ], [ -81.968, 40.4507 ], [ -81.9614, 40.4505 ], [ -81.9488, 40.4502 ], [ -81.9285, 40.4497 ], [ -81.9108, 40.4492 ], [ -81.9069, 40.4491 ], [ -81.8376, 40.4474 ], [ -81.8244, 40.4471 ], [ -81.8155, 40.447 ], [ -81.7997, 40.4467 ], [ -81.7832, 40.4464 ], [ -81.7711, 40.4461 ], [ -81.7632, 40.4459 ], [ -81.7091, 40.444 ], [ -81.6886, 40.4443 ], [ -81.6696, 40.4479 ], [ -81.6691, 40.4611 ], [ -81.6687, 40.4714 ], [ -81.6682, 40.4827 ], [ -81.6677, 40.4954 ], [ -81.6666, 40.525 ], [ -81.6657, 40.5548 ], [ -81.6654, 40.5638 ], [ -81.6651, 40.5712 ], [ -81.6646, 40.5844 ], [ -81.6692, 40.6328 ], [ -81.5936, 40.641 ], [ -81.578, 40.6427 ], [ -81.5563, 40.6452 ], [ -81.5501, 40.6459 ], [ -81.5019, 40.6513 ], [ -81.4815, 40.6532 ], [ -81.4691, 40.655 ], [ -81.4613, 40.6662 ], [ -81.436, 40.6609 ], [ -81.4355, 40.6588 ], [ -81.3475, 40.6521 ], [ -81.3251, 40.6517 ], [ -81.2941, 40.6512 ], [ -81.2497, 40.6507 ], [ -81.2406, 40.6623 ], [ -81.2401, 40.6722 ], [ -81.2397, 40.6787 ], [ -81.2385, 40.699 ], [ -81.238, 40.7095 ], [ -81.2372, 40.7235 ], [ -81.2336, 40.7234 ], [ -81.199, 40.7223 ], [ -81.1988, 40.726 ], [ -81.1688, 40.7288 ], [ -81.1363, 40.7284 ], [ -81.1282, 40.7282 ], [ -81.117, 40.7284 ], [ -81.0871, 40.7694 ], [ -81.0867, 40.8501 ], [ -81.0868, 40.8578 ], [ -81.079, 40.9029 ], [ -81.0663, 40.9027 ], [ -81.0398, 40.9025 ], [ -81.0211, 40.9025 ], [ -80.9899, 40.9025 ], [ -80.9714, 40.9022 ], [ -80.9561, 40.902 ], [ -80.9521, 40.902 ], [ -80.8969, 40.9125 ], [ -80.8966, 40.9163 ], [ -80.8963, 40.93 ], [ -80.8914, 40.9302 ], [ -80.8627, 40.93 ], [ -80.8216, 40.9296 ], [ -80.8219, 40.9125 ], [ -80.8058, 40.9008 ], [ -80.7863, 40.9008 ], [ -80.775, 40.9005 ], [ -80.7282, 40.9004 ], [ -80.6838, 40.9001 ], [ -80.6631, 40.9 ], [ -80.6472, 40.8999 ], [ -80.6352, 40.8998 ], [ -80.6184, 40.8997 ], [ -80.5342, 40.8998 ], [ -80.5203, 40.9 ], [ -80.5198, 40.9022 ], [ -80.5191, 40.9532 ], [ -80.519, 40.9608 ], [ -80.5191, 41.0466 ], [ -80.5191, 41.1008 ], [ -80.519, 41.1184 ], [ -80.5191, 41.1305 ], [ -80.5192, 41.1334 ], [ -80.519, 41.1501 ], [ -80.5191, 41.1712 ], [ -80.5189, 41.1987 ], [ -80.5189, 41.2392 ], [ -80.5187, 41.2487 ], [ -80.5189, 41.2668 ], [ -80.519, 41.2729 ], [ -80.5191, 41.2773 ], [ -80.5191, 41.3124 ], [ -80.5191, 41.3239 ], [ -80.519, 41.4362 ], [ -80.4813, 41.4882 ], [ -80.4602, 41.4875 ], [ -80.4449, 41.4921 ], [ -80.4323, 41.4921 ], [ -80.4273, 41.4869 ], [ -80.421, 41.4867 ], [ -80.4112, 41.4865 ], [ -80.3973, 41.4862 ], [ -80.3902, 41.4862 ], [ -80.3792, 41.4859 ], [ -80.3748, 41.4856 ], [ -80.3653, 41.4852 ], [ -80.3557, 41.4848 ], [ -80.3486, 41.4845 ], [ -80.3345, 41.4843 ], [ -80.2889, 41.4836 ], [ -80.2639, 41.4833 ], [ -80.2352, 41.4826 ], [ -80.1852, 41.4818 ], [ -80.1792, 41.4817 ], [ -80.1626, 41.4814 ], [ -80.1508, 41.4809 ], [ -80.13, 41.4805 ], [ -80.1259, 41.4805 ], [ -80.1252, 41.4863 ], [ -80.1023, 41.4869 ], [ -80.0973, 41.487 ], [ -80.0481, 41.4884 ], [ -80.0374, 41.4888 ], [ -80.0215, 41.4892 ], [ -80.0083, 41.4897 ], [ -79.9884, 41.5007 ], [ -79.9592, 41.5134 ], [ -79.9591, 41.5246 ], [ -79.9427, 41.5252 ], [ -79.9355, 41.5375 ], [ -79.8957, 41.5622 ], [ -79.893, 41.5708 ], [ -79.8702, 41.5742 ], [ -79.8705, 41.5819 ], [ -79.8414, 41.5999 ], [ -79.8296, 41.602 ], [ -79.8289, 41.622 ], [ -79.7108, 41.6175 ], [ -79.6876, 41.6173 ], [ -79.6509, 41.6173 ], [ -79.6129, 41.6171 ], [ -79.6129, 41.6243 ], [ -79.61, 41.9988 ] ] ] } },
{ "type": "Feature", "properties": { "i": 24 }, "geometry": { "type": "MultiPolygon", "coordinates": [ [ [ [ -97.3474, 27.2786 ], [ -97.2403, 27.5838 ], [ -97.3077, 27.4805 ], [ -97.3668, 27.3324 ], [ -97.3593, 27.2782 ], [ -97.3474, 27.2786 ] ] ], [ [ [ -97.0529, 27.8387 ], [ -97.0926, 27.8111 ], [ -97.1284, 27.7534 ], [ -97.1662, 27.7325 ], [ -97.1667, 27.6766 ], [ -97.0529, 27.8387 ] ] ], [ [ [ -96.8713, 28.069 ], [ -96.9645, 27.9988 ], [ -96.9569, 27.9616 ], [ -96.8558, 28.0588 ], [ -96.8713, 28.069 ] ] ], [ [ [ -96.4022, 28.3687 ], [ -96.5158, 28.3039 ], [ -96.6517, 28.2513 ], [ -96.703, 28.1991 ], [ -96.7886, 28.1893 ], [ -96.82, 28.165 ], [ -96.81, 28.1262 ], [ -96.6974, 28.1804 ], [ -96.5604, 28.2644 ], [ -96.3986, 28.3423 ], [ -96.4022, 28.3687 ] ] ], [ [ [ -96.3243, 28.6419 ], [ -96.3236, 28.6756 ], [ -96.3914, 28.6746 ], [ -96.3243, 28.6419 ] ] ], [ [ [ -96.5283, 28.7056 ], [ -96.5335, 28.6779 ], [ -96.4835, 28.6109 ], [ -96.3818, 28.6171 ], [ -96.4285, 28.7055 ], [ -96.5283, 28.7056 ] ] ], [ [ [ -96.6445, 28.7114 ], [ -96.7226, 28.8215 ], [ -96.7154, 28.8586 ], [ -96.8016, 28.9353 ], [ -96.8324, 29.0211 ], [ -96.9386, 29.0632 ], [ -96.9764, 29.104 ], [ -97.3056, 28.8639 ], [ -97.3399, 28.8953 ], [ -97.4162, 28.9252 ], [ -97.7724, 28.6724 ], [ -97.8242, 28.6706 ], [ -97.9187, 28.7189 ], [ -98.0058, 28.6908 ], [ -98.0983, 28.7869 ], [ -98.3309, 28.6158 ], [ -98.3353, 28.6438 ], [ -98.8012, 28.6381 ], [ -98.8008, 28.6475 ], [ -99.3957, 28.6408 ], [ -99.3951, 28.2046 ], [ -99.7255, 28.2011 ], [ -100.2119, 28.1967 ], [ -100.0875, 28.1472 ], [ -100.0531, 28.0847 ], [ -100.0171, 28.0623 ], [ -99.9906, 27.9937 ], [ -99.9348, 27.9818 ], [ -99.9371, 27.9405 ], [ -99.8941, 27.8929 ], [ -99.8778, 27.8 ], [ -99.7707, 27.7321 ], [ -99.7215, 27.6661 ], [ -99.6035, 27.642 ], [ -99.5417, 27.6057 ], [ -99.5113, 27.564 ], [ -99.5258, 27.4967 ], [ -99.4802, 27.4858 ], [ -99.5045, 27.3391 ], [ -99.4802, 27.2604 ], [ -99.4526, 27.2645 ], [ -99.3706, 27.3191 ], [ -99.3336, 27.2732 ], [ -98.7981, 27.268 ], [ -98.7983, 27.354 ], [ -98.5526, 27.3591 ], [ -98.5228, 27.3431 ], [ -98.5239, 27.2651 ], [ -97.9862, 27.2605 ], [ -97.9516, 27.2331 ], [ -97.8853, 27.2361 ], [ -97.7982, 27.2718 ], [ -97.7979, 27.2718 ], [ -97.7968, 27.273 ], [ -97.7265, 27.2696 ], [ -97.6621, 27.2875 ], [ -97.6907, 27.3331 ], [ -97.6618, 27.3601 ], [ -97.623, 27.2902 ], [ -97.5336, 27.34 ], [ -97.4548, 27.3116 ], [ -97.4029, 27.333 ], [ -97.3224, 27.5685 ], [ -97.2557, 27.6925 ], [ -97.3675, 27.7399 ], [ -97.3939, 27.7827 ], [ -97.3935, 27.829 ], [ -97.4654, 27.8195 ], [ -97.483, 27.8675 ], [ -97.3401, 27.8835 ], [ -97.3254, 27.8675 ], [ -97.2508, 27.8767 ], [ -97.2183, 27.8235 ], [ -97.1883, 27.8241 ], [ -97.0343, 28.0447 ], [ -97.0252, 28.1054 ], [ -97.1028, 28.0761 ], [ -97.135, 28.048 ], [ -97.2204, 28.0785 ], [ -97.1689, 28.1305 ], [ -97.0327, 28.1883 ], [ -97.0197, 28.1448 ], [ -96.9321, 28.1235 ], [ -96.7838, 28.2397 ], [ -96.8084, 28.2946 ], [ -96.7916, 28.3594 ], [ -96.8573, 28.4084 ], [ -96.8368, 28.4326 ], [ -96.7872, 28.4013 ], [ -96.7088, 28.4076 ], [ -96.6905, 28.3498 ], [ -96.5956, 28.3561 ], [ -96.4306, 28.4332 ], [ -96.4125, 28.4614 ], [ -96.5108, 28.5304 ], [ -96.5239, 28.5567 ], [ -96.5924, 28.5831 ], [ -96.6108, 28.6394 ], [ -96.6649, 28.6954 ], [ -96.6445, 28.7114 ] ] ] ] } },
{ "type": "Feature", "properties": { "i": 25 }, "geometry": { "type": "Polygon", "coordinates": [ [ [ -75.9973, 40.913 ], [ -76.0286, 40.9021 ], [ -76.2078, 40.9497 ], [ -76.2313, 41.0503 ], [ -76.229, 41.1385 ], [ -76.2775, 41.1321 ], [ -76.319, 41.205 ], [ -76.3107, 41.3084 ], [ -76.2208, 41.5421 ], [ -76.7497, 41.5832 ], [ -76.8747, 41.5969 ], [ -76.9266, 42.0012 ], [ -77.1259, 41.9994 ], [ -77.7498, 41.9988 ], [ -78.2686, 41.999 ], [ -78.8762, 41.9976 ], [ -79.61, 41.9988 ], [ -79.6129, 41.6243 ], [ -79.5928, 41.624 ], [ -79.5706, 41.6242 ], [ -79.5201, 41.6245 ], [ -79.4784, 41.625 ], [ -79.4585, 41.6253 ], [ -79.4389, 41.6255 ], [ -79.4098, 41.6257 ], [ -79.3974, 41.6258 ], [ -79.3785, 41.6261 ], [ -79.3633, 41.6264 ], [ -79.3321, 41.6268 ], [ -79.1886, 41.6273 ], [ -79.1522, 41.627 ], [ -79.1051, 41.6264 ], [ -79.0437, 41.6251 ], [ -78.993, 41.6245 ], [ -78.9675, 41.6241 ], [ -78.956, 41.6246 ], [ -78.9564, 41.6127 ], [ -78.9571, 41.589 ], [ -78.9574, 41.5775 ], [ -78.9582, 41.5385 ], [ -78.9586, 41.5215 ], [ -78.9591, 41.5 ], [ -78.959, 41.4699 ], [ -78.9706, 41.437 ], [ -78.9767, 41.4517 ], [ -78.9998, 41.4521 ], [ -79.0412, 41.4528 ], [ -79.0637, 41.4496 ], [ -79.0661, 41.4232 ], [ -79.0936, 41.4233 ], [ -79.0909, 41.342 ], [ -79.0861, 41.3472 ], [ -79.0661, 41.3502 ], [ -79.0633, 41.3501 ], [ -79.0155, 41.3538 ], [ -79.0052, 41.359 ], [ -79.0031, 41.3592 ], [ -78.9995, 41.3622 ], [ -78.9921, 41.3683 ], [ -78.987, 41.3679 ], [ -78.9811, 41.368 ], [ -78.9759, 41.3737 ], [ -78.9725, 41.3761 ], [ -78.9673, 41.3723 ], [ -78.9663, 41.3707 ], [ -78.9598, 41.3707 ], [ -78.939, 41.3533 ], [ -78.9202, 41.345 ], [ -78.8748, 41.3249 ], [ -78.8543, 41.3158 ], [ -78.8491, 41.3135 ], [ -78.8255, 41.3029 ], [ -78.7795, 41.2826 ], [ -78.7404, 41.2652 ], [ -78.7388, 41.2546 ], [ -78.739, 41.2498 ], [ -78.7304, 41.2305 ], [ -78.7107, 41.2303 ], [ -78.7256, 41.2021 ], [ -78.7609, 41.2026 ], [ -78.7708, 41.1953 ], [ -78.7743, 41.1881 ], [ -78.7824, 41.1726 ], [ -78.8001, 41.1398 ], [ -78.8043, 41.1319 ], [ -78.8044, 41.0628 ], [ -78.8042, 41.04 ], [ -78.8042, 41.0088 ], [ -78.804, 40.9927 ], [ -78.8041, 40.9492 ], [ -78.8043, 40.9397 ], [ -78.8044, 40.9368 ], [ -78.8052, 40.906 ], [ -78.8054, 40.897 ], [ -78.8057, 40.8825 ], [ -78.8064, 40.7492 ], [ -78.8057, 40.7295 ], [ -78.8017, 40.7245 ], [ -78.7998, 40.7173 ], [ -78.8163, 40.7035 ], [ -78.8217, 40.6911 ], [ -78.8323, 40.6671 ], [ -78.8346, 40.6617 ], [ -78.8393, 40.6508 ], [ -78.8432, 40.6432 ], [ -78.8512, 40.6251 ], [ -78.8597, 40.6056 ], [ -78.875, 40.5755 ], [ -78.9473, 40.4418 ], [ -78.9747, 40.396 ], [ -78.9821, 40.3834 ], [ -78.9933, 40.3652 ], [ -78.9996, 40.3556 ], [ -79.0051, 40.3518 ], [ -79.0102, 40.3441 ], [ -79.0124, 40.3397 ], [ -79.0228, 40.3303 ], [ -79.0256, 40.3258 ], [ -79.0362, 40.3108 ], [ -79.0409, 40.3033 ], [ -79.0463, 40.2964 ], [ -79.0493, 40.2938 ], [ -79.0544, 40.2892 ], [ -79.0717, 40.2678 ], [ -79.0737, 40.2652 ], [ -79.0784, 40.2586 ], [ -79.0824, 40.2499 ], [ -79.0957, 40.2332 ], [ -79.0986, 40.2287 ], [ -79.1011, 40.2233 ], [ -79.1047, 40.217 ], [ -79.1079, 40.2173 ], [ -79.1079, 40.213 ], [ -79.1222, 40.2024 ], [ -79.1253, 40.1974 ], [ -79.1241, 40.1926 ], [ -79.1259, 40.1906 ], [ -79.1267, 40.1845 ], [ -79.1353, 40.1787 ], [ -79.1406, 40.1676 ], [ -79.142, 40.163 ], [ -79.1494, 40.1606 ], [ -79.1626, 40.1481 ], [ -79.1629, 40.1417 ], [ -79.1663, 40.1352 ], [ -79.1674, 40.1316 ], [ -79.1822, 40.1133 ], [ -79.1946, 40.1125 ], [ -79.197, 40.1181 ], [ -79.2057, 40.1167 ], [ -79.2145, 40.1173 ], [ -79.2201, 40.113 ], [ -79.2312, 40.0972 ], [ -79.2348, 40.0964 ], [ -79.2403, 40.0937 ], [ -79.2433, 40.0926 ], [ -79.2611, 40.0792 ], [ -79.2706, 40.0646 ], [ -79.2888, 40.0458 ], [ -79.2938, 40.0404 ], [ -79.2988, 40.0334 ], [ -79.3027, 40.0286 ], [ -79.3095, 40.0198 ], [ -79.3161, 40.0113 ], [ -79.3283, 39.9956 ], [ -79.373, 39.9354 ], [ -79.3748, 39.9332 ], [ -79.3827, 39.9224 ], [ -79.3987, 39.9006 ], [ -79.4, 39.8976 ], [ -79.4143, 39.8618 ], [ -79.4107, 39.85 ], [ -79.3957, 39.8443 ], [ -79.3818, 39.8341 ], [ -79.3753, 39.828 ], [ -79.3724, 39.8275 ], [ -79.3671, 39.8225 ], [ -79.3653, 39.8152 ], [ -79.3689, 39.7983 ], [ -79.3677, 39.7946 ], [ -79.3614, 39.7883 ], [ -79.3544, 39.7885 ], [ -79.3737, 39.7878 ], [ -79.3768, 39.7894 ], [ -79.3813, 39.7859 ], [ -79.3922, 39.7844 ], [ -79.3949, 39.7829 ], [ -79.3905, 39.7774 ], [ -79.3787, 39.7696 ], [ -79.3826, 39.7651 ], [ -79.3847, 39.7637 ], [ -79.389, 39.7614 ], [ -79.3987, 39.758 ], [ -79.3983, 39.7525 ], [ -79.3959, 39.7502 ], [ -79.3938, 39.7445 ], [ -79.4084, 39.7416 ], [ -79.4094, 39.7395 ], [ -79.4093, 39.7346 ], [ -79.3982, 39.7336 ], [ -79.3906, 39.7299 ], [ -79.3899, 39.7248 ], [ -79.3921, 39.7219 ], [ -79.3875, 39.7216 ], [ -79.3135, 39.722 ], [ -79.2076, 39.722 ], [ -79.0443, 39.7229 ], [ -78.8272, 39.7229 ], [ -78.7958, 39.7229 ], [ -78.7064, 39.7229 ], [ -78.6247, 39.7229 ], [ -78.6103, 39.7228 ], [ -78.475, 39.7228 ], [ -78.4614, 39.7229 ], [ -78.4454, 39.7228 ], [ -78.4257, 39.7225 ], [ -78.4133, 39.7227 ], [ -78.4012, 39.7228 ], [ -78.3855, 39.7227 ], [ -78.3747, 39.7226 ], [ -78.3571, 39.7227 ], [ -78.3532, 39.7227 ], [ -78.3387, 39.7225 ], [ -78.3201, 39.7229 ], [ -78.3105, 39.7229 ], [ -78.305, 39.7229 ], [ -78.2815, 39.7227 ], [ -78.2693, 39.7226 ], [ -78.2372, 39.7227 ], [ -78.2134, 39.7226 ], [ -78.1715, 39.7225 ], [ -77.8657, 39.7221 ], [ -77.8274, 39.7218 ], [ -77.799, 39.7217 ], [ -77.7551, 39.7212 ], [ -77.7393, 39.7211 ], [ -77.5112, 39.7199 ], [ -77.2171, 39.7199 ], [ -76.9996, 39.7199 ], [ -76.9909, 39.7198 ], [ -76.82, 39.7206 ], [ -76.816, 39.7206 ], [ -76.7834, 39.7209 ], [ -76.7114, 39.7211 ], [ -76.7054, 39.7212 ], [ -76.6379, 39.7212 ], [ -76.6092, 39.7213 ], [ -76.5703, 39.7212 ], [ -76.4242, 39.7212 ], [ -76.3959, 39.7213 ], [ -76.3926, 39.7212 ], [ -76.2416, 39.7211 ], [ -76.2333, 39.7213 ], [ -76.2189, 39.7214 ], [ -76.2001, 39.7214 ], [ -76.1349, 39.7263 ], [ -76.1188, 39.7242 ], [ -76.1062, 39.7243 ], [ -76.0931, 39.7349 ], [ -76.0928, 39.7428 ], [ -76.0889, 39.7445 ], [ -76.0715, 39.7604 ], [ -76.0646, 39.7622 ], [ -76.0604, 39.7757 ], [ -76.0514, 39.7822 ], [ -76.0483, 39.7889 ], [ -76.0441, 39.7922 ], [ -76.0175, 39.8355 ], [ -76.0209, 39.8521 ], [ -76.0101, 39.8525 ], [ -76.0082, 39.8521 ], [ -75.9921, 39.8694 ], [ -75.9879, 39.8769 ], [ -75.9891, 39.8788 ], [ -75.9895, 39.8895 ], [ -75.9872, 39.8934 ], [ -75.9946, 39.9019 ], [ -75.996, 39.9048 ], [ -75.9955, 39.9121 ], [ -75.9944, 39.9274 ], [ -75.9673, 39.9942 ], [ -75.9579, 40.0074 ], [ -75.9359, 40.0382 ], [ -75.9351, 40.0489 ], [ -75.9359, 40.0643 ], [ -75.9399, 40.0936 ], [ -75.9146, 40.1207 ], [ -75.8808, 40.134 ], [ -75.8796, 40.1409 ], [ -75.896, 40.1519 ], [ -75.9448, 40.1836 ], [ -75.9571, 40.1916 ], [ -75.9785, 40.2053 ], [ -76.0516, 40.252 ], [ -76.0795, 40.27 ], [ -76.0918, 40.2777 ], [ -76.1247, 40.2987 ], [ -76.158, 40.3211 ], [ -76.1658, 40.3275 ], [ -76.196, 40.3527 ], [ -76.2055, 40.3606 ], [ -76.2434, 40.3735 ], [ -76.2549, 40.3805 ], [ -76.2611, 40.3844 ], [ -76.2673, 40.3883 ], [ -76.2933, 40.4045 ], [ -76.3085, 40.4143 ], [ -76.325, 40.4246 ], [ -76.3502, 40.4403 ], [ -76.4387, 40.4959 ], [ -76.4089, 40.4981 ], [ -76.3759, 40.5068 ], [ -76.3698, 40.5094 ], [ -76.3609, 40.5102 ], [ -76.3474, 40.5127 ], [ -76.3449, 40.5131 ], [ -76.3137, 40.5159 ], [ -76.2898, 40.5156 ], [ -76.2826, 40.5162 ], [ -76.2697, 40.5174 ], [ -76.2458, 40.5196 ], [ -76.2347, 40.5218 ], [ -76.1982, 40.5311 ], [ -76.1153, 40.5591 ], [ -76.0992, 40.5631 ], [ -76.0285, 40.5783 ], [ -76.0258, 40.5784 ], [ -76.0068, 40.5985 ], [ -76.0031, 40.6097 ], [ -75.9956, 40.6327 ], [ -75.8206, 40.7033 ], [ -75.8107, 40.7065 ], [ -75.7806, 40.7247 ], [ -75.7712, 40.7297 ], [ -75.7584, 40.7359 ], [ -75.8007, 40.7623 ], [ -75.8587, 40.7991 ], [ -75.886, 40.8163 ], [ -75.9315, 40.8561 ], [ -75.9577, 40.8783 ], [ -75.9779, 40.8959 ], [ -75.9973, 40.913 ] ] ] } },
{ "type": "Feature", "properties": { "i": 26 }, "geometry": { "type": "Polygon", "coordinates": [ [ [ -102.7926, 42.9999 ], [ -103.4757, 43.0005 ], [ -104.0531, 43.0007 ], [ -104.0548, 43.5031 ], [ -104.9401, 43.4991 ], [ -105.4407, 43.4966 ], [ -106.0174, 43.495 ], [ -106.0739, 43.4719 ], [ -106.0756, 43.1195 ], [ -106.0727, 42.7813 ], [ -106.0759, 42.4332 ], [ -106.6253, 42.4306 ], [ -107.5232, 42.4338 ], [ -107.5223, 42.0879 ], [ -107.5038, 42.0879 ], [ -107.5055, 41.7405 ], [ -107.5097, 41.6574 ], [ -107.9297, 41.6596 ], [ -107.9299, 41.3985 ], [ -107.9171, 41.3985 ], [ -107.9192, 41.002 ], [ -107.5006, 41.0023 ], [ -106.8585, 41.0025 ], [ -106.4549, 41.0021 ], [ -106.0451, 40.997 ], [ -105.3929, 40.9978 ], [ -104.8553, 40.998 ], [ -104.6255, 41.0014 ], [ -104.0401, 41.0015 ], [ -103.5351, 41.0014 ], [ -102.6209, 41.0029 ], [ -102.6102, 41.0482 ], [ -102.6098, 41.3951 ], [ -102.6367, 41.3952 ], [ -102.6365, 41.7431 ], [ -102.6784, 41.8015 ], [ -102.6776, 42.0053 ], [ -102.7024, 42.0927 ], [ -102.7423, 42.0923 ], [ -102.7499, 42.44 ], [ -102.7732, 42.44 ], [ -102.7734, 42.7853 ], [ -102.7927, 42.7852 ], [ -102.7926, 42.9999 ] ] ] } },
{ "type": "Feature", "properties": { "i": 27 }, "geometry": { "type": "Polygon", "coordinates": [ [ [ -99.0368, 39.1331 ], [ -99.6054, 39.1324 ], [ -100.1486, 39.1322 ], [ -100.1542, 38.6973 ], [ -100.4495, 38.6999 ], [ -100.9432, 38.6989 ], [ -101.1286, 38.7004 ], [ -101.1254, 38.2645 ], [ -101.7624, 38.2624 ], [ -102.0444, 38.2625 ], [ -102.0416, 37.6967 ], [ -102.0422, 36.9931 ], [ -101.6254, 36.9948 ], [ -100.9613, 36.9981 ], [ -100.6394, 36.9997 ], [ -100.0018, 37.0016 ], [ -99.4561, 36.9993 ], [ -99.05, 36.9992 ], [ -98.3472, 36.998 ], [ -98.3497, 37.384 ], [ -98.4649, 37.3841 ], [ -98.4649, 37.8246 ], [ -98.4724, 37.8246 ], [ -98.4724, 38.2607 ], [ -99.0314, 38.2612 ], [ -99.0329, 38.6968 ], [ -99.0426, 38.6969 ], [ -99.0368, 39.1331 ] ] ] } },
{ "type": "Feature", "properties": { "i": 28 }, "geometry": { "type": "MultiPolygon", "coordinates": [ [ [ [ -90.5275, 46.9679 ], [ -90.6345, 46.9429 ], [ -90.6432, 46.9078 ], [ -90.531, 46.932 ], [ -90.5275, 46.9679 ] ] ], [ [ [ -90.4182, 46.5661 ], [ -90.5036, 46.5889 ], [ -90.5456, 46.5823 ], [ -90.6947, 46.6644 ], [ -90.749, 46.6696 ], [ -90.775, 46.6333 ], [ -90.9131, 46.5827 ], [ -90.9513, 46.5996 ], [ -90.9114, 46.6633 ], [ -90.8527, 46.6996 ], [ -90.8846, 46.7495 ], [ -90.7983, 46.8238 ], [ -90.7546, 46.8983 ], [ -90.8345, 46.9563 ], [ -90.9348, 46.9334 ], [ -90.9696, 46.9447 ], [ -91.097, 46.861 ], [ -91.3114, 46.8282 ], [ -91.3642, 46.7959 ], [ -91.5128, 46.7572 ], [ -91.5773, 46.757 ], [ -91.7901, 46.6947 ], [ -91.943, 46.6799 ], [ -92.0133, 46.6845 ], [ -92.0939, 46.7452 ], [ -92.0861, 46.7943 ], [ -91.8346, 46.9271 ], [ -91.7799, 46.9436 ], [ -91.5715, 47.0912 ], [ -91.4774, 47.1257 ], [ -91.356, 47.207 ], [ -91.1281, 47.3996 ], [ -90.8669, 47.5581 ], [ -90.7301, 47.6276 ], [ -90.4375, 47.7317 ], [ -90.332, 47.7493 ], [ -90.1648, 47.792 ], [ -89.9743, 47.8305 ], [ -89.9211, 47.8628 ], [ -89.7605, 47.9039 ], [ -89.6184, 48.0108 ], [ -89.734, 48.0219 ], [ -89.8198, 48.0151 ], [ -89.8982, 47.9878 ], [ -89.993, 48.0284 ], [ -90.0236, 48.0847 ], [ -90.1326, 48.1118 ], [ -90.3056, 48.1051 ], [ -90.3821, 48.0931 ], [ -90.6416, 48.1035 ], [ -90.7616, 48.0983 ], [ -90.8326, 48.1738 ], [ -90.8392, 48.2395 ], [ -90.977, 48.2195 ], [ -91.0827, 48.1808 ], [ -91.2501, 48.0841 ], [ -91.3709, 48.0694 ], [ -91.4296, 48.0486 ], [ -91.4886, 48.0681 ], [ -91.5757, 48.0488 ], [ -91.5697, 48.0933 ], [ -91.7118, 48.1146 ], [ -91.7152, 48.1993 ], [ -91.8644, 48.207 ], [ -91.8935, 48.2377 ], [ -92.0066, 48.2654 ], [ -92.0001, 48.3214 ], [ -92.0835, 48.3539 ], [ -92.1622, 48.3633 ], [ -92.289, 48.343 ], [ -92.3015, 48.2886 ], [ -92.2807, 48.2443 ], [ -92.3706, 48.2233 ], [ -92.4702, 48.3524 ], [ -92.4564, 48.4011 ], [ -92.5073, 48.4479 ], [ -92.656, 48.4367 ], [ -92.7126, 48.463 ], [ -92.6988, 48.4949 ], [ -92.6367, 48.4994 ], [ -92.6349, 48.5429 ], [ -92.728, 48.5393 ], [ -92.985, 48.6237 ], [ -93.1781, 48.6233 ], [ -93.2074, 48.6425 ], [ -93.3475, 48.6266 ], [ -93.466, 48.5873 ], [ -93.4675, 48.5457 ], [ -93.6454, 48.5173 ], [ -93.7945, 48.516 ], [ -93.8053, 48.5703 ], [ -93.844, 48.6294 ], [ -94.0069, 48.6432 ], [ -94.2444, 48.6534 ], [ -94.2645, 48.6989 ], [ -94.3888, 48.7119 ], [ -94.43, 48.6999 ], [ -94.4303, 48.512 ], [ -94.4178, 48.0198 ], [ -94.4192, 47.715 ], [ -94.4164, 47.4118 ], [ -94.6702, 47.4101 ], [ -94.6636, 47.3217 ], [ -94.6599, 46.8038 ], [ -94.787, 46.8041 ], [ -94.779, 46.3943 ], [ -94.7321, 46.369 ], [ -94.5338, 46.3031 ], [ -94.4265, 46.3323 ], [ -94.3509, 46.2955 ], [ -94.3883, 46.2386 ], [ -94.3722, 46.1571 ], [ -93.8104, 46.1571 ], [ -93.8109, 46.2431 ], [ -93.4305, 46.2461 ], [ -93.4318, 46.1544 ], [ -93.0541, 46.158 ], [ -93.0551, 45.9812 ], [ -93.1432, 45.9809 ], [ -93.142, 45.7308 ], [ -92.8528, 45.73 ], [ -92.8845, 45.6441 ], [ -92.5291, 45.6421 ], [ -92.5283, 45.7287 ], [ -92.1544, 45.7256 ], [ -92.1549, 45.6397 ], [ -91.4674, 45.6375 ], [ -90.6788, 45.6376 ], [ -90.6788, 45.3778 ], [ -90.4582, 45.3769 ], [ -90.0423, 45.3819 ], [ -90.044, 45.9819 ], [ -89.9288, 45.9833 ], [ -89.9297, 46.2998 ], [ -90.1091, 46.3346 ], [ -90.2155, 46.5005 ], [ -90.2624, 46.5029 ], [ -90.3342, 46.5535 ], [ -90.3925, 46.5343 ], [ -90.4182, 46.5661 ] ] ] ] } },
{ "type": "Feature", "properties": { "i": 29 }, "geometry": { "type": "Polygon", "coordinates": [ [ [ -93.0493, 43.4997 ], [ -93.734, 43.4995 ], [ -94.4709, 43.5003 ], [ -94.8544, 43.5006 ], [ -94.9148, 43.5002 ], [ -94.9134, 43.1631 ], [ -94.9147, 42.5602 ], [ -95.388, 42.5613 ], [ -95.3876, 42.4748 ], [ -95.3233, 42.4747 ], [ -95.3233, 42.211 ], [ -95.6707, 42.2112 ], [ -95.6727, 41.8637 ], [ -95.093, 41.8634 ], [ -95.0927, 41.602 ], [ -95.0408, 41.602 ], [ -95.0407, 41.5049 ], [ -95.1549, 41.5052 ], [ -95.1558, 41.1593 ], [ -94.9275, 41.1584 ], [ -94.9285, 40.7274 ], [ -94.9131, 40.7273 ], [ -94.9149, 40.5751 ], [ -94.6427, 40.5712 ], [ -94.0807, 40.5729 ], [ -93.5597, 40.5803 ], [ -93.2796, 40.5807 ], [ -92.6866, 40.5898 ], [ -92.3503, 40.5973 ], [ -92.1798, 40.6005 ], [ -92.18, 41.1623 ], [ -92.4101, 41.1618 ], [ -92.4121, 41.5095 ], [ -92.2975, 41.5096 ], [ -92.2972, 41.9708 ], [ -92.2988, 42.2974 ], [ -92.0645, 42.2975 ], [ -92.0644, 42.468 ], [ -92.0811, 42.468 ], [ -92.0819, 42.642 ], [ -92.0817, 42.907 ], [ -92.5746, 42.907 ], [ -93.025, 42.9076 ], [ -93.0244, 43.4996 ], [ -93.0493, 43.4997 ] ] ] } },
{ "type": "Feature", "properties": { "i": 30 }, "geometry": { "type": "Polygon", "coordinates": [ [ [ -83.4538, 41.7326 ], [ -83.473, 41.7555 ], [ -83.3837, 41.8695 ], [ -83.341, 41.8805 ], [ -83.3181, 41.934 ], [ -83.2698, 41.9201 ], [ -83.2524, 41.9686 ], [ -83.1882, 42.0313 ], [ -83.1897, 42.1027 ], [ -83.1415, 42.2143 ], [ -83.1422, 42.2427 ], [ -83.0654, 42.3201 ], [ -82.9728, 42.3557 ], [ -82.9311, 42.3574 ], [ -82.8884, 42.3988 ], [ -82.8688, 42.4565 ], [ -82.8735, 42.5248 ], [ -82.8477, 42.5584 ], [ -82.7815, 42.5716 ], [ -82.8131, 42.6413 ], [ -82.7252, 42.6831 ], [ -82.6219, 42.6673 ], [ -82.6297, 42.6314 ], [ -82.5368, 42.6105 ], [ -82.4708, 42.7641 ], [ -82.4854, 42.805 ], [ -82.4746, 42.8901 ], [ -82.4186, 42.9748 ], [ -82.4259, 43.0162 ], [ -82.5231, 43.2254 ], [ -82.539, 43.4367 ], [ -82.601, 43.6048 ], [ -82.6059, 43.7092 ], [ -82.6344, 43.8333 ], [ -82.7399, 43.9901 ], [ -82.8141, 44.0326 ], [ -82.9231, 44.0678 ], [ -83.0282, 44.0455 ], [ -83.0648, 44.0038 ], [ -83.2626, 43.9754 ], [ -83.325, 43.9163 ], [ -83.3258, 43.8829 ], [ -83.3904, 43.8487 ], [ -83.396, 43.8186 ], [ -83.498, 43.6977 ], [ -83.5236, 43.7174 ], [ -83.6665, 43.5911 ], [ -83.9095, 43.6726 ], [ -83.9536, 43.7682 ], [ -83.9263, 43.7874 ], [ -83.9097, 43.9106 ], [ -84.0445, 43.9138 ], [ -84.0453, 43.997 ], [ -84.1663, 43.9973 ], [ -84.167, 43.8261 ], [ -84.3663, 43.8286 ], [ -84.3665, 43.8142 ], [ -84.6061, 43.8148 ], [ -84.6076, 43.466 ], [ -84.3701, 43.4661 ], [ -84.3673, 43.0379 ], [ -84.3629, 42.776 ], [ -84.1582, 42.7766 ], [ -84.1311, 42.4245 ], [ -84.1312, 42.0735 ], [ -84.3632, 42.0735 ], [ -84.3599, 41.7066 ], [ -83.8805, 41.7201 ], [ -83.4538, 41.7326 ] ] ] } },
{ "type": "Feature", "properties": { "i": 31 }, "geometry": { "type": "Polygon", "coordinates": [ [ [ -90.4264, 42.5071 ], [ -90.64, 42.5084 ], [ -90.6456, 42.5441 ], [ -90.719, 42.6403 ], [ -90.897, 42.6751 ], [ -90.8974, 42.6457 ], [ -91.4605, 42.6437 ], [ -92.0819, 42.642 ], [ -92.0811, 42.468 ], [ -92.0644, 42.468 ], [ -92.0645, 42.2975 ], [ -92.2988, 42.2974 ], [ -92.2972, 41.9708 ], [ -92.2975, 41.5096 ], [ -92.4121, 41.5095 ], [ -92.4101, 41.1618 ], [ -92.18, 41.1623 ], [ -92.1798, 40.6005 ], [ -92.3503, 40.5973 ], [ -92.3484, 40.3028 ], [ -91.9498, 40.3008 ], [ -91.9507, 40.2573 ], [ -91.5002, 40.2488 ], [ -91.5051, 40.2 ], [ -90.9127, 40.193 ], [ -90.9099, 40.2844 ], [ -90.4503, 40.2767 ], [ -90.4431, 40.779 ], [ -90.4377, 41.1512 ], [ -89.8686, 41.1493 ], [ -89.8678, 41.2344 ], [ -89.6389, 41.2339 ], [ -89.6386, 41.1485 ], [ -89.33, 41.1479 ], [ -89.3539, 41.1037 ], [ -89.1622, 41.1041 ], [ -89.1665, 41.5848 ], [ -89.6324, 41.5849 ], [ -89.6292, 41.9287 ], [ -89.6869, 41.9307 ], [ -89.6885, 42.1991 ], [ -89.3963, 42.2027 ], [ -89.4014, 42.5002 ], [ -90.0735, 42.5083 ], [ -90.4264, 42.5071 ] ] ] } },
{ "type": "Feature", "properties": { "i": 32 }, "geometry": { "type": "Polygon", "coordinates": [ [ [ -92.3484, 40.3028 ], [ -92.3503, 40.5973 ], [ -92.6866, 40.5898 ], [ -93.2796, 40.5807 ], [ -93.5597, 40.5803 ], [ -94.0807, 40.5729 ], [ -94.6427, 40.5712 ], [ -94.9149, 40.5751 ], [ -95.7648, 40.5854 ], [ -95.7533, 40.524 ], [ -95.6523, 40.538 ], [ -95.6939, 40.4704 ], [ -95.6442, 40.4572 ], [ -95.6591, 40.4087 ], [ -95.6091, 40.3138 ], [ -95.4903, 40.249 ], [ -95.4817, 40.1905 ], [ -95.3978, 40.1257 ], [ -95.4168, 40.0432 ], [ -95.3629, 40.0315 ], [ -95.3399, 40.0 ], [ -95.3402, 39.653 ], [ -95.5642, 39.653 ], [ -95.5705, 39.4193 ], [ -95.1794, 39.419 ], [ -95.18, 39.1289 ], [ -95.186, 38.9644 ], [ -95.1031, 38.9593 ], [ -95.0563, 38.9817 ], [ -95.0567, 38.6952 ], [ -95.0658, 38.6949 ], [ -95.0653, 38.2592 ], [ -95.0751, 38.2588 ], [ -95.0777, 38.0377 ], [ -94.614, 38.0369 ], [ -94.6141, 38.0601 ], [ -94.2449, 38.0509 ], [ -94.2259, 38.0384 ], [ -94.1351, 38.0581 ], [ -94.0583, 38.0365 ], [ -94.0499, 38.2139 ], [ -93.557, 38.2011 ], [ -93.5231, 38.2074 ], [ -93.5128, 38.5125 ], [ -93.2919, 38.5063 ], [ -93.2893, 38.5354 ], [ -93.0674, 38.5301 ], [ -93.06, 38.6939 ], [ -92.8398, 38.6844 ], [ -92.6172, 38.68 ], [ -92.6166, 38.6939 ], [ -92.4991, 38.9209 ], [ -92.5675, 38.9763 ], [ -92.5546, 39.016 ], [ -92.4302, 39.2486 ], [ -92.3144, 39.2466 ], [ -92.2879, 39.9525 ], [ -92.3448, 39.9533 ], [ -92.3484, 40.3028 ] ] ] } },
{ "type": "Feature", "properties": { "i": 33 }, "geometry": { "type": "Polygon", "coordinates": [ [ [ -123.6436, 41.523 ], [ -123.676, 41.544 ], [ -123.7162, 41.6058 ], [ -123.6636, 41.6943 ], [ -123.6893, 41.8027 ], [ -123.6399, 41.8902 ], [ -123.5672, 41.9033 ], [ -123.5178, 42.0005 ], [ -123.657, 41.9951 ], [ -124.0575, 41.9963 ], [ -124.126, 41.997 ], [ -124.1879, 41.9981 ], [ -124.193, 41.9981 ], [ -124.209, 41.9984 ], [ -124.2112, 41.9985 ], [ -124.2116, 41.9985 ], [ -124.204, 41.9245 ], [ -124.2196, 41.8464 ], [ -124.256, 41.783 ], [ -124.1647, 41.7401 ], [ -124.0825, 41.5483 ], [ -124.0641, 41.4278 ], [ -124.1075, 41.2377 ], [ -124.1582, 41.068 ], [ -124.1117, 41.0274 ], [ -124.1583, 40.8761 ], [ -124.088, 40.8241 ], [ -124.1752, 40.8045 ], [ -124.2209, 40.7412 ], [ -124.2246, 40.6847 ], [ -124.2891, 40.6796 ], [ -124.3873, 40.5104 ], [ -124.4086, 40.4432 ], [ -124.3648, 40.3728 ], [ -124.3522, 40.2494 ], [ -124.2153, 40.1614 ], [ -124.1879, 40.1305 ], [ -124.1113, 40.1042 ], [ -124.0808, 40.0315 ], [ -124.037, 40.0142 ], [ -123.93, 39.9097 ], [ -123.9074, 39.8628 ], [ -123.8538, 39.8341 ], [ -123.8247, 39.7181 ], [ -123.7927, 39.6841 ], [ -123.7672, 39.5654 ], [ -123.8199, 39.4368 ], [ -123.8266, 39.3519 ], [ -123.7962, 39.3031 ], [ -123.7765, 39.2132 ], [ -123.7085, 39.1045 ], [ -123.6897, 39.0341 ], [ -123.7376, 38.9501 ], [ -123.7278, 38.9189 ], [ -123.6474, 38.8455 ], [ -123.5194, 38.7602 ], [ -123.4968, 38.7786 ], [ -123.4474, 38.7768 ], [ -123.4059, 38.7767 ], [ -123.3761, 38.7772 ], [ -123.3682, 38.7771 ], [ -123.3683, 38.7822 ], [ -123.3683, 38.7918 ], [ -123.3684, 38.8066 ], [ -123.1363, 38.8091 ], [ -123.081, 38.8524 ], [ -122.8249, 38.8502 ], [ -122.7697, 38.8192 ], [ -122.6952, 38.714 ], [ -122.6472, 38.7064 ], [ -122.6054, 38.6727 ], [ -122.4639, 38.7052 ], [ -122.3735, 38.817 ], [ -122.4033, 38.8554 ], [ -122.3943, 38.8639 ], [ -122.3917, 38.8678 ], [ -122.4215, 38.9036 ], [ -122.4039, 38.9253 ], [ -122.3653, 38.925 ], [ -122.341, 38.9255 ], [ -122.3425, 38.9274 ], [ -122.3497, 38.9287 ], [ -122.367, 38.9384 ], [ -122.3767, 38.9424 ], [ -122.4091, 38.9638 ], [ -122.411, 39.0187 ], [ -122.49, 39.053 ], [ -122.4952, 39.1353 ], [ -122.516, 39.2085 ], [ -122.5724, 39.2045 ], [ -122.6351, 39.2227 ], [ -122.7565, 39.2845 ], [ -122.759, 39.2947 ], [ -122.7747, 39.3119 ], [ -122.7683, 39.3255 ], [ -122.7651, 39.3349 ], [ -122.7655, 39.3416 ], [ -122.7622, 39.3438 ], [ -122.7529, 39.3459 ], [ -122.7391, 39.3839 ], [ -122.7356, 39.5807 ], [ -122.8853, 39.5837 ], [ -122.8915, 39.666 ], [ -122.9127, 39.729 ], [ -122.9374, 39.7552 ], [ -122.9469, 39.8328 ], [ -122.9529, 39.8632 ], [ -122.9497, 39.8803 ], [ -122.9497, 39.8896 ], [ -122.9433, 39.9095 ], [ -122.9309, 39.9119 ], [ -122.9201, 39.9185 ], [ -122.9105, 39.936 ], [ -122.9208, 39.9414 ], [ -122.9244, 39.9443 ], [ -122.9265, 39.9505 ], [ -122.9266, 39.9574 ], [ -122.9366, 39.9813 ], [ -122.9354, 39.9866 ], [ -122.9393, 39.9917 ], [ -122.9484, 39.9961 ], [ -122.9496, 40.0098 ], [ -122.9498, 40.0131 ], [ -122.9559, 40.0192 ], [ -122.9551, 40.0225 ], [ -122.9498, 40.0315 ], [ -122.9496, 40.0492 ], [ -122.9499, 40.0515 ], [ -122.9528, 40.0593 ], [ -122.9587, 40.0638 ], [ -122.9729, 40.0771 ], [ -122.9682, 40.0851 ], [ -122.9665, 40.089 ], [ -122.963, 40.1035 ], [ -122.9687, 40.139 ], [ -122.9866, 40.1449 ], [ -122.9876, 40.1475 ], [ -122.9867, 40.1503 ], [ -122.9802, 40.1774 ], [ -122.9718, 40.1886 ], [ -122.9762, 40.2045 ], [ -122.9761, 40.2279 ], [ -122.9963, 40.2519 ], [ -122.9985, 40.2524 ], [ -123.0181, 40.2624 ], [ -123.0277, 40.2635 ], [ -123.0656, 40.2866 ], [ -123.0673, 40.3107 ], [ -123.065, 40.3244 ], [ -123.0683, 40.3317 ], [ -123.0441, 40.3528 ], [ -123.0409, 40.3585 ], [ -123.0346, 40.3641 ], [ -123.0145, 40.3868 ], [ -122.9979, 40.4097 ], [ -122.996, 40.4184 ], [ -122.982, 40.4184 ], [ -122.9754, 40.4196 ], [ -122.9617, 40.4256 ], [ -122.9527, 40.4227 ], [ -122.9458, 40.4255 ], [ -122.9429, 40.4272 ], [ -122.9196, 40.4488 ], [ -122.912, 40.4473 ], [ -122.8942, 40.4596 ], [ -122.8839, 40.4742 ], [ -122.8741, 40.4808 ], [ -122.867, 40.4819 ], [ -122.8086, 40.5113 ], [ -122.7935, 40.5147 ], [ -122.7885, 40.5279 ], [ -122.7824, 40.5318 ], [ -122.7626, 40.5558 ], [ -122.7462, 40.5544 ], [ -122.7436, 40.5554 ], [ -122.723, 40.5751 ], [ -122.6991, 40.5694 ], [ -122.6972, 40.5707 ], [ -122.6933, 40.5768 ], [ -122.6933, 40.5806 ], [ -122.6998, 40.5897 ], [ -122.7068, 40.6108 ], [ -122.7299, 40.6349 ], [ -122.7322, 40.6346 ], [ -122.7312, 40.6455 ], [ -122.7339, 40.6584 ], [ -122.7495, 40.6834 ], [ -122.7517, 40.6869 ], [ -122.7519, 40.6897 ], [ -122.7252, 40.6938 ], [ -122.7143, 40.7096 ], [ -122.6925, 40.761 ], [ -122.6902, 40.7623 ], [ -122.6621, 40.7842 ], [ -122.6606, 40.7918 ], [ -122.6576, 40.8126 ], [ -122.6612, 40.8186 ], [ -122.6635, 40.8296 ], [ -122.6612, 40.8313 ], [ -122.6266, 40.8731 ], [ -122.6244, 40.8797 ], [ -122.6017, 40.9045 ], [ -122.6043, 40.9407 ], [ -122.6074, 40.9569 ], [ -122.6008, 40.9719 ], [ -122.584, 40.9838 ], [ -122.5633, 40.9908 ], [ -122.5446, 41.0046 ], [ -122.5282, 41.0176 ], [ -122.5283, 41.025 ], [ -122.5224, 41.0523 ], [ -122.5258, 41.063 ], [ -122.5285, 41.0644 ], [ -122.5378, 41.0674 ], [ -122.5379, 41.0746 ], [ -122.5359, 41.0759 ], [ -122.5261, 41.0788 ], [ -122.4964, 41.0866 ], [ -122.4811, 41.0912 ], [ -122.473, 41.095 ], [ -122.4676, 41.0967 ], [ -122.4467, 41.1317 ], [ -122.4462, 41.134 ], [ -122.4457, 41.1586 ], [ -122.4689, 41.1698 ], [ -122.4984, 41.1818 ], [ -122.4989, 41.1846 ], [ -122.4978, 41.1863 ], [ -122.4965, 41.1895 ], [ -122.495, 41.1921 ], [ -122.4968, 41.1948 ], [ -122.5045, 41.1988 ], [ -122.51, 41.2034 ], [ -122.5155, 41.205 ], [ -122.5226, 41.2135 ], [ -122.5034, 41.3338 ], [ -122.5688, 41.3675 ], [ -122.5885, 41.3275 ], [ -122.6333, 41.331 ], [ -122.6628, 41.2916 ], [ -122.8121, 41.2028 ], [ -122.8942, 41.2026 ], [ -122.9353, 41.1775 ], [ -122.9734, 41.1121 ], [ -122.8981, 41.0299 ], [ -122.915, 41.0033 ], [ -122.9573, 41.0083 ], [ -123.0437, 41.0139 ], [ -123.0642, 41.0519 ], [ -123.1413, 41.0792 ], [ -123.1999, 41.0729 ], [ -123.2043, 41.0721 ], [ -123.2395, 41.0758 ], [ -123.2949, 41.14 ], [ -123.392, 41.1607 ], [ -123.4546, 41.2364 ], [ -123.5043, 41.3825 ], [ -123.6063, 41.3822 ], [ -123.6274, 41.3824 ], [ -123.6357, 41.3823 ], [ -123.6452, 41.3823 ], [ -123.6483, 41.3822 ], [ -123.6583, 41.3821 ], [ -123.6613, 41.3821 ], [ -123.6559, 41.3946 ], [ -123.6417, 41.4002 ], [ -123.639, 41.41 ], [ -123.6481, 41.4201 ], [ -123.6383, 41.4276 ], [ -123.6335, 41.4283 ], [ -123.6262, 41.4312 ], [ -123.6217, 41.434 ], [ -123.6436, 41.523 ] ] ] } },
{ "type": "Feature", "properties": { "i": 34 }, "geometry": { "type": "Polygon", "coordinates": [ [ [ -104.8515, 32.5205 ], [ -105.3539, 32.5188 ], [ -105.3526, 32.962 ], [ -105.3162, 32.962 ], [ -105.3191, 33.3055 ], [ -105.726, 33.3055 ], [ -105.7273, 33.3892 ], [ -106.3592, 33.3908 ], [ -106.3731, 33.4791 ], [ -106.4743, 33.4758 ], [ -106.9428, 33.4759 ], [ -107.0537, 33.4782 ], [ -107.9399, 33.4745 ], [ -108.0006, 33.478 ], [ -108.0006, 33.2016 ], [ -108.45, 33.201 ], [ -108.6594, 33.2094 ], [ -109.0472, 33.2084 ], [ -109.0477, 32.6379 ], [ -109.048, 32.2109 ], [ -109.0486, 31.8708 ], [ -109.05, 31.3324 ], [ -108.8161, 31.3322 ], [ -108.2086, 31.3334 ], [ -108.2092, 31.7836 ], [ -107.7506, 31.7836 ], [ -107.1256, 31.7835 ], [ -106.5319, 31.7839 ], [ -106.4868, 31.7477 ], [ -106.4527, 31.7648 ], [ -106.381, 31.7321 ], [ -106.3035, 31.6204 ], [ -106.281, 31.5624 ], [ -106.2452, 31.5389 ], [ -106.2188, 31.4806 ], [ -106.076, 31.3978 ], [ -106.0059, 31.3926 ], [ -105.9547, 31.365 ], [ -105.9319, 31.3129 ], [ -105.8703, 31.2892 ], [ -105.773, 31.1669 ], [ -105.6475, 31.1149 ], [ -105.6063, 31.0852 ], [ -105.5548, 30.9884 ], [ -105.3993, 30.8845 ], [ -105.3877, 30.8533 ], [ -105.1951, 30.7916 ], [ -105.0538, 30.6826 ], [ -105.0066, 30.6856 ], [ -104.9796, 30.6289 ], [ -104.9431, 30.6494 ], [ -104.9171, 30.6714 ], [ -104.917, 30.6936 ], [ -104.9169, 30.7166 ], [ -104.9165, 30.8198 ], [ -104.9165, 30.8247 ], [ -104.9076, 30.8359 ], [ -104.9076, 30.8607 ], [ -104.9072, 30.91 ], [ -104.9073, 30.9182 ], [ -104.9089, 31.0001 ], [ -104.9089, 31.0607 ], [ -104.909, 31.0984 ], [ -104.909, 31.1118 ], [ -104.9091, 31.2466 ], [ -104.9096, 31.2706 ], [ -104.9105, 31.3184 ], [ -104.9119, 31.4263 ], [ -104.9124, 31.469 ], [ -104.9131, 31.5869 ], [ -104.9138, 31.6607 ], [ -104.9148, 31.6985 ], [ -104.9153, 31.7192 ], [ -104.9156, 31.7279 ], [ -104.916, 31.744 ], [ -104.9166, 31.7638 ], [ -104.9178, 31.8 ], [ -104.9183, 31.8133 ], [ -104.9185, 32.0003 ], [ -104.8478, 32.0005 ], [ -104.8478, 32.1181 ], [ -104.848, 32.1251 ], [ -104.8479, 32.1477 ], [ -104.8476, 32.2531 ], [ -104.8513, 32.2905 ], [ -104.8521, 32.4086 ], [ -104.852, 32.4128 ], [ -104.8516, 32.4736 ], [ -104.8515, 32.4835 ], [ -104.8515, 32.5205 ] ] ] } },
{ "type": "Feature", "properties": { "i": 35 }, "geometry": { "type": "Polygon", "coordinates": [ [ [ -96.9633, 30.557 ], [ -97.1552, 30.4573 ], [ -97.2714, 30.7357 ], [ -97.6245, 30.8701 ], [ -97.8285, 30.9062 ], [ -97.9117, 31.0349 ], [ -98.4396, 31.0294 ], [ -98.4431, 31.0199 ], [ -98.4483, 31.0167 ], [ -98.4581, 31.0119 ], [ -98.4566, 31.0036 ], [ -98.4525, 30.9695 ], [ -98.4505, 30.9586 ], [ -98.4194, 30.9466 ], [ -98.4165, 30.933 ], [ -98.4185, 30.9266 ], [ -98.4221, 30.9244 ], [ -98.4301, 30.9266 ], [ -98.4343, 30.9271 ], [ -98.441, 30.9262 ], [ -98.4482, 30.9215 ], [ -98.458, 30.9215 ], [ -98.4756, 30.9216 ], [ -98.5155, 30.9218 ], [ -98.5175, 30.922 ], [ -98.53, 30.9217 ], [ -98.6225, 30.9218 ], [ -98.6573, 30.9216 ], [ -98.7323, 30.921 ], [ -98.7704, 30.9204 ], [ -98.7885, 30.9206 ], [ -98.9463, 30.9212 ], [ -98.9645, 30.9212 ], [ -98.9643, 30.8702 ], [ -98.9639, 30.8081 ], [ -98.9638, 30.7902 ], [ -98.9637, 30.7584 ], [ -98.9636, 30.7502 ], [ -98.964, 30.7053 ], [ -98.9639, 30.6855 ], [ -98.9641, 30.6776 ], [ -98.9642, 30.6644 ], [ -98.9645, 30.629 ], [ -98.9641, 30.5096 ], [ -98.9737, 30.4984 ], [ -99.0003, 30.4981 ], [ -99.0262, 30.4982 ], [ -99.286, 30.4997 ], [ -99.304, 30.4992 ], [ -99.3036, 30.46 ], [ -99.3027, 30.3755 ], [ -99.3024, 30.3495 ], [ -99.3021, 30.3004 ], [ -99.3214, 30.2868 ], [ -99.3578, 30.2872 ], [ -99.4212, 30.2878 ], [ -99.4333, 30.2879 ], [ -99.5013, 30.2887 ], [ -99.5167, 30.2886 ], [ -99.5809, 30.2891 ], [ -99.6129, 30.2895 ], [ -99.6828, 30.2901 ], [ -99.7117, 30.2904 ], [ -99.7495, 30.2908 ], [ -99.8203, 30.2904 ], [ -99.8318, 30.2904 ], [ -99.8882, 30.2905 ], [ -99.9098, 30.2904 ], [ -99.9216, 30.2904 ], [ -99.9591, 30.2901 ], [ -99.981, 30.2902 ], [ -100.0512, 30.2904 ], [ -100.0786, 30.2903 ], [ -100.1138, 30.2902 ], [ -100.1246, 30.2904 ], [ -100.1339, 30.2903 ], [ -100.1551, 30.2902 ], [ -100.2281, 30.2899 ], [ -100.3055, 30.2894 ], [ -100.3304, 30.2893 ], [ -100.3392, 30.2892 ], [ -100.3814, 30.289 ], [ -100.4098, 30.2887 ], [ -100.4392, 30.2885 ], [ -100.5357, 30.2881 ], [ -100.5594, 30.2881 ], [ -100.5775, 30.2881 ], [ -100.588, 30.2881 ], [ -100.7216, 30.2883 ], [ -100.7392, 30.2882 ], [ -100.7504, 30.2881 ], [ -100.7759, 30.2881 ], [ -100.8292, 30.2881 ], [ -100.9339, 30.2877 ], [ -100.9606, 30.2878 ], [ -100.9802, 30.2878 ], [ -100.999, 30.2881 ], [ -101.0307, 30.2875 ], [ -101.1951, 30.2881 ], [ -101.375, 30.2881 ], [ -101.4529, 30.2881 ], [ -101.5501, 30.2882 ], [ -101.5668, 30.2881 ], [ -101.7583, 30.289 ], [ -101.7586, 30.2619 ], [ -101.7585, 30.2428 ], [ -101.7588, 30.1758 ], [ -101.759, 30.1362 ], [ -101.7592, 30.1137 ], [ -101.7592, 30.0785 ], [ -101.7594, 30.0002 ], [ -101.7596, 29.969 ], [ -101.7596, 29.9296 ], [ -101.7599, 29.8871 ], [ -101.76, 29.8752 ], [ -101.761, 29.7825 ], [ -101.7106, 29.7616 ], [ -101.6641, 29.7708 ], [ -101.5389, 29.7612 ], [ -101.4529, 29.7829 ], [ -101.4496, 29.7518 ], [ -101.3996, 29.7373 ], [ -101.3627, 29.652 ], [ -101.3141, 29.659 ], [ -101.312, 29.5862 ], [ -101.2517, 29.6002 ], [ -101.2608, 29.5379 ], [ -101.1738, 29.5146 ], [ -101.1521, 29.4777 ], [ -101.0601, 29.4585 ], [ -101.0106, 29.3688 ], [ -100.9498, 29.3475 ], [ -100.8865, 29.307 ], [ -100.8785, 29.2815 ], [ -100.8138, 29.2622 ], [ -100.7748, 29.2111 ], [ -100.7754, 29.1738 ], [ -100.6747, 29.0998 ], [ -100.6461, 28.9869 ], [ -100.6514, 28.9445 ], [ -100.6019, 28.9015 ], [ -100.5753, 28.8305 ], [ -100.5468, 28.825 ], [ -100.5082, 28.741 ], [ -100.5001, 28.6616 ], [ -100.446, 28.6408 ], [ -100.4465, 28.6088 ], [ -100.4003, 28.5865 ], [ -100.4113, 28.5513 ], [ -100.3415, 28.4496 ], [ -100.3495, 28.4026 ], [ -100.286, 28.3091 ], [ -100.294, 28.2848 ], [ -100.2119, 28.1967 ], [ -99.7255, 28.2011 ], [ -99.3951, 28.2046 ], [ -99.3957, 28.6408 ], [ -98.8008, 28.6475 ], [ -98.8012, 28.6381 ], [ -98.3353, 28.6438 ], [ -98.3309, 28.6158 ], [ -98.0983, 28.7869 ], [ -98.0058, 28.6908 ], [ -97.9187, 28.7189 ], [ -97.8242, 28.6706 ], [ -97.7724, 28.6724 ], [ -97.4162, 28.9252 ], [ -97.3399, 28.8953 ], [ -97.3056, 28.8639 ], [ -96.9764, 29.104 ], [ -96.9386, 29.0632 ], [ -96.5606, 29.3354 ], [ -96.7938, 29.5772 ], [ -96.833, 29.5771 ], [ -96.8691, 29.6379 ], [ -96.7166, 29.7932 ], [ -96.5701, 29.962 ], [ -96.6215, 30.0446 ], [ -96.6336, 30.1053 ], [ -96.6834, 30.151 ], [ -96.7664, 30.1389 ], [ -96.7942, 30.1603 ], [ -96.7421, 30.1979 ], [ -96.7344, 30.2404 ], [ -96.6622, 30.2789 ], [ -96.688, 30.3178 ], [ -96.7538, 30.3299 ], [ -96.7702, 30.3652 ], [ -96.868, 30.4339 ], [ -96.9164, 30.5349 ], [ -96.9633, 30.557 ] ] ] } },
{ "type": "Feature", "properties": { "i": 36 }, "geometry": { "type": "Polygon", "coordinates": [ [ [ -82.646, 33.9841 ], [ -82.656, 33.9907 ], [ -82.6598, 33.9897 ], [ -82.6651, 33.987 ], [ -82.6693, 33.9854 ], [ -82.6922, 33.983 ], [ -82.6973, 33.9823 ], [ -82.7088, 33.9826 ], [ -82.7259, 33.9844 ], [ -82.7404, 33.9799 ], [ -82.7736, 33.9724 ], [ -82.7787, 33.9709 ], [ -82.7859, 33.9726 ], [ -82.8136, 33.9818 ], [ -82.8207, 33.988 ], [ -82.8298, 33.9882 ], [ -82.8418, 33.9874 ], [ -82.8482, 33.9827 ], [ -82.8638, 33.9841 ], [ -82.8685, 33.9921 ], [ -82.8746, 33.9941 ], [ -82.8803, 33.9974 ], [ -82.8831, 34.001 ], [ -82.8936, 34.0025 ], [ -82.9012, 34.0031 ], [ -82.9041, 34.0041 ], [ -82.9065, 34.008 ], [ -82.9105, 34.0117 ], [ -82.9129, 34.0121 ], [ -82.915, 34.0079 ], [ -82.9217, 34.0094 ], [ -82.9421, 34.0151 ], [ -82.9396, 34.0241 ], [ -82.9444, 34.0291 ], [ -82.9492, 34.035 ], [ -82.9674, 34.0408 ], [ -82.9703, 34.0413 ], [ -82.9852, 34.0501 ], [ -83.0021, 34.0708 ], [ -83.005, 34.0779 ], [ -83.0143, 34.0782 ], [ -83.0204, 34.0841 ], [ -83.0252, 34.0893 ], [ -83.0301, 34.0944 ], [ -83.0338, 34.1146 ], [ -83.0409, 34.1185 ], [ -83.0554, 34.1368 ], [ -83.0919, 34.1615 ], [ -83.0983, 34.1652 ], [ -83.1016, 34.1678 ], [ -83.1031, 34.1709 ], [ -83.098, 34.1805 ], [ -83.0923, 34.19 ], [ -83.0952, 34.2023 ], [ -83.0922, 34.2055 ], [ -83.0786, 34.2205 ], [ -83.0778, 34.2266 ], [ -83.0841, 34.2325 ], [ -83.0977, 34.2446 ], [ -83.1098, 34.2562 ], [ -83.1136, 34.2726 ], [ -83.1884, 34.2435 ], [ -83.1991, 34.247 ], [ -83.2052, 34.247 ], [ -83.2095, 34.2445 ], [ -83.222, 34.2447 ], [ -83.2267, 34.2453 ], [ -83.2528, 34.2465 ], [ -83.2597, 34.2474 ], [ -83.264, 34.2475 ], [ -83.2738, 34.2493 ], [ -83.2766, 34.2537 ], [ -83.2839, 34.254 ], [ -83.2886, 34.2556 ], [ -83.2913, 34.2607 ], [ -83.3005, 34.2637 ], [ -83.3059, 34.2602 ], [ -83.3081, 34.2591 ], [ -83.3138, 34.2584 ], [ -83.3152, 34.2539 ], [ -83.3225, 34.2506 ], [ -83.3281, 34.2489 ], [ -83.3449, 34.2354 ], [ -83.354, 34.2283 ], [ -83.3496, 34.2354 ], [ -83.3427, 34.2469 ], [ -83.339, 34.2567 ], [ -83.3386, 34.2626 ], [ -83.3396, 34.2641 ], [ -83.3536, 34.2798 ], [ -83.3769, 34.3056 ], [ -83.3789, 34.308 ], [ -83.3929, 34.332 ], [ -83.3871, 34.3795 ], [ -83.3829, 34.3925 ], [ -83.3836, 34.4301 ], [ -83.385, 34.4319 ], [ -83.3881, 34.4397 ], [ -83.3952, 34.4547 ], [ -83.4002, 34.4615 ], [ -83.4744, 34.4846 ], [ -83.5032, 34.4874 ], [ -83.517, 34.4892 ], [ -83.5381, 34.4909 ], [ -83.5409, 34.4887 ], [ -83.5497, 34.4858 ], [ -83.5926, 34.4497 ], [ -83.5992, 34.4471 ], [ -83.603, 34.446 ], [ -83.609, 34.4396 ], [ -83.6125, 34.4331 ], [ -83.664, 34.5001 ], [ -83.6598, 34.514 ], [ -83.6506, 34.519 ], [ -83.6325, 34.5331 ], [ -83.6268, 34.5365 ], [ -83.6172, 34.5422 ], [ -83.6171, 34.5465 ], [ -83.6158, 34.5538 ], [ -83.6266, 34.561 ], [ -83.6314, 34.5691 ], [ -83.6353, 34.5763 ], [ -83.6387, 34.5805 ], [ -83.639, 34.5845 ], [ -83.6387, 34.5918 ], [ -83.6434, 34.5995 ], [ -83.6454, 34.604 ], [ -83.6402, 34.6247 ], [ -83.6445, 34.6302 ], [ -83.6474, 34.6355 ], [ -83.6515, 34.6418 ], [ -83.6612, 34.6497 ], [ -83.6612, 34.6609 ], [ -83.6456, 34.6701 ], [ -83.6458, 34.6726 ], [ -83.6462, 34.6756 ], [ -83.6406, 34.6806 ], [ -83.6371, 34.7009 ], [ -83.637, 34.7141 ], [ -83.6329, 34.7206 ], [ -83.6254, 34.7434 ], [ -83.6279, 34.7469 ], [ -83.6322, 34.7531 ], [ -83.6298, 34.7576 ], [ -83.6289, 34.7635 ], [ -83.6335, 34.7675 ], [ -83.6531, 34.7778 ], [ -83.6586, 34.7812 ], [ -83.6632, 34.7849 ], [ -83.67, 34.7889 ], [ -83.6782, 34.7938 ], [ -83.6814, 34.8002 ], [ -83.6757, 34.8044 ], [ -83.6558, 34.8189 ], [ -83.6536, 34.8207 ], [ -83.6538, 34.824 ], [ -83.6568, 34.8264 ], [ -83.6592, 34.8346 ], [ -83.6593, 34.8378 ], [ -83.6609, 34.843 ], [ -83.6615, 34.8484 ], [ -83.6592, 34.8557 ], [ -83.6567, 34.861 ], [ -83.6558, 34.8723 ], [ -83.6445, 34.8905 ], [ -83.6333, 34.894 ], [ -83.6302, 34.8949 ], [ -83.6283, 34.8999 ], [ -83.6294, 34.9062 ], [ -83.6274, 34.9089 ], [ -83.6214, 34.9091 ], [ -83.6029, 34.9137 ], [ -83.5961, 34.9216 ], [ -83.5996, 34.9251 ], [ -83.5939, 34.9395 ], [ -83.5469, 34.9467 ], [ -83.5481, 34.9685 ], [ -83.5494, 34.9925 ], [ -83.5569, 34.9924 ], [ -83.565, 34.9924 ], [ -83.5996, 34.9922 ], [ -83.6173, 34.9921 ], [ -83.6202, 34.9921 ], [ -83.6249, 34.9867 ], [ -83.6457, 34.9869 ], [ -83.677, 34.9871 ], [ -83.7357, 34.9876 ], [ -83.7912, 34.9876 ], [ -83.8085, 34.9875 ], [ -83.8118, 34.9874 ], [ -83.874, 34.9874 ], [ -83.9472, 34.9874 ], [ -83.9566, 34.9874 ], [ -83.9793, 34.9874 ], [ -84.0226, 34.9874 ], [ -84.0273, 34.9874 ], [ -84.0619, 34.9874 ], [ -84.0744, 34.9874 ], [ -84.1016, 34.9874 ], [ -84.105, 34.9876 ], [ -84.1409, 34.9876 ], [ -84.174, 34.9877 ], [ -84.1911, 34.9879 ], [ -84.2581, 34.988 ], [ -84.2735, 34.9881 ], [ -84.2863, 34.9883 ], [ -84.3522, 34.9882 ], [ -84.3723, 34.9882 ], [ -84.3909, 34.988 ], [ -84.4662, 34.9881 ], [ -84.5095, 34.988 ], [ -84.6368, 34.988 ], [ -84.6825, 34.9882 ], [ -84.695, 34.9881 ], [ -84.7266, 34.988 ], [ -84.776, 34.9879 ], [ -84.8023, 34.9876 ], [ -84.8315, 34.9879 ], [ -84.9443, 34.9879 ], [ -84.9542, 34.9879 ], [ -84.9805, 34.9876 ], [ -84.9844, 34.9876 ], [ -84.9997, 34.9876 ], [ -85.096, 34.9865 ], [ -85.106, 34.9866 ], [ -85.1319, 34.9865 ], [ -85.144, 34.9864 ], [ -85.1927, 34.986 ], [ -85.1965, 34.9859 ], [ -85.2101, 34.9857 ], [ -85.2212, 34.9856 ], [ -85.2387, 34.9855 ], [ -85.256, 34.9852 ], [ -85.2671, 34.9852 ], [ -85.2733, 34.985 ], [ -85.2767, 34.985 ], [ -85.2858, 34.9849 ], [ -85.3013, 34.9845 ], [ -85.3055, 34.9845 ], [ -85.3115, 34.9844 ], [ -85.342, 34.9838 ], [ -85.3492, 34.9836 ], [ -85.3576, 34.9835 ], [ -85.3638, 34.9834 ], [ -85.3797, 34.983 ], [ -85.4155, 34.983 ], [ -85.4227, 34.9829 ], [ -85.4591, 34.983 ], [ -85.4667, 34.983 ], [ -85.485, 34.9831 ], [ -85.5, 34.9833 ], [ -85.5142, 34.9835 ], [ -85.6043, 34.9847 ], [ -85.6038, 34.977 ], [ -85.6001, 34.9558 ], [ -85.5988, 34.9448 ], [ -85.5969, 34.9333 ], [ -85.5952, 34.9243 ], [ -85.5922, 34.9087 ], [ -85.5851, 34.8709 ], [ -85.5762, 34.8239 ], [ -85.5745, 34.8155 ], [ -85.5674, 34.7798 ], [ -85.5588, 34.7379 ], [ -85.5524, 34.7078 ], [ -85.5505, 34.699 ], [ -85.5484, 34.6893 ], [ -85.5393, 34.6479 ], [ -85.5338, 34.6224 ], [ -85.5262, 34.5839 ], [ -85.5189, 34.5509 ], [ -85.5181, 34.547 ], [ -85.516, 34.5364 ], [ -85.5139, 34.5247 ], [ -85.5084, 34.5011 ], [ -85.5074, 34.4976 ], [ -85.5053, 34.4879 ], [ -85.5013, 34.4696 ], [ -85.5004, 34.4649 ], [ -85.4983, 34.4557 ], [ -85.4854, 34.3977 ], [ -85.4705, 34.3282 ], [ -85.4678, 34.3144 ], [ -85.4631, 34.2908 ], [ -85.4593, 34.2724 ], [ -85.4564, 34.2576 ], [ -85.4455, 34.2039 ], [ -85.444, 34.1953 ], [ -85.4386, 34.1689 ], [ -85.4371, 34.1615 ], [ -85.4364, 34.1583 ], [ -85.4327, 34.1407 ], [ -85.4295, 34.1251 ], [ -85.4268, 34.1067 ], [ -85.4219, 34.0808 ], [ -85.4094, 34.016 ], [ -85.4068, 34.0026 ], [ -85.4059, 34.0001 ], [ -85.4025, 33.9825 ], [ -85.3975, 33.9576 ], [ -85.394, 33.9397 ], [ -85.3879, 33.9087 ], [ -85.3789, 33.8633 ], [ -85.3743, 33.8397 ], [ -85.3728, 33.832 ], [ -85.3678, 33.8052 ], [ -85.3613, 33.7712 ], [ -85.359, 33.7594 ], [ -85.3441, 33.6828 ], [ -85.3428, 33.6762 ], [ -85.3378, 33.6508 ], [ -85.3282, 33.6027 ], [ -85.3235, 33.5791 ], [ -85.319, 33.5561 ], [ -85.3155, 33.5387 ], [ -85.3141, 33.5305 ], [ -85.3118, 33.5192 ], [ -85.3082, 33.5014 ], [ -85.3055, 33.4879 ], [ -85.3046, 33.4829 ], [ -85.3032, 33.4764 ], [ -85.2976, 33.4469 ], [ -85.2938, 33.4283 ], [ -85.2916, 33.4172 ], [ -85.2863, 33.3893 ], [ -85.2835, 33.3751 ], [ -85.2786, 33.35 ], [ -85.2489, 33.1939 ], [ -85.2451, 33.174 ], [ -85.2428, 33.1627 ], [ -85.2406, 33.1514 ], [ -85.2357, 33.1251 ], [ -85.2324, 33.1083 ], [ -85.226, 33.0765 ], [ -85.2219, 33.0555 ], [ -85.2208, 33.05 ], [ -85.2198, 33.0451 ], [ -85.2171, 33.0317 ], [ -85.2152, 33.0228 ], [ -85.2132, 33.0125 ], [ -85.2107, 33.0004 ], [ -85.2052, 32.9726 ], [ -85.1995, 32.9438 ], [ -85.1928, 32.9105 ], [ -85.1895, 32.8939 ], [ -85.1846, 32.8698 ], [ -85.1842, 32.8611 ], [ -85.1756, 32.8535 ], [ -85.1672, 32.854 ], [ -85.1581, 32.8527 ], [ -85.1548, 32.8483 ], [ -85.1568, 32.8396 ], [ -85.1645, 32.8349 ], [ -85.1659, 32.8331 ], [ -85.1683, 32.8265 ], [ -85.1659, 32.8228 ], [ -85.165, 32.8197 ], [ -85.1682, 32.8129 ], [ -85.1667, 32.8103 ], [ -85.1634, 32.806 ], [ -85.1577, 32.8002 ], [ -85.1535, 32.7957 ], [ -85.1312, 32.7699 ], [ -85.1373, 32.7702 ], [ -85.1429, 32.7606 ], [ -85.1397, 32.753 ], [ -85.1385, 32.7507 ], [ -85.1354, 32.7466 ], [ -85.1275, 32.7422 ], [ -85.1215, 32.7418 ], [ -85.1141, 32.7306 ], [ -85.1185, 32.7252 ], [ -85.1195, 32.7058 ], [ -85.1183, 32.6994 ], [ -85.1103, 32.6822 ], [ -85.1062, 32.6804 ], [ -85.1036, 32.6792 ], [ -85.0933, 32.6681 ], [ -85.0916, 32.6622 ], [ -85.0909, 32.6553 ], [ -85.0952, 32.6533 ], [ -85.1003, 32.6501 ], [ -85.1049, 32.6452 ], [ -85.1013, 32.6398 ], [ -85.0957, 32.6353 ], [ -85.0914, 32.6341 ], [ -85.085, 32.6364 ], [ -85.0832, 32.6337 ], [ -85.0809, 32.6104 ], [ -85.0805, 32.6045 ], [ -85.0794, 32.6018 ], [ -85.076, 32.5942 ], [ -85.0719, 32.5876 ], [ -85.0593, 32.576 ], [ -85.0554, 32.5697 ], [ -85.0493, 32.5644 ], [ -85.0454, 32.5615 ], [ -85.0431, 32.5562 ], [ -85.0328, 32.5464 ], [ -85.0155, 32.5284 ], [ -85.0095, 32.5252 ], [ -84.9994, 32.5073 ], [ -84.9967, 32.502 ], [ -84.9983, 32.4943 ], [ -84.9967, 32.4923 ], [ -84.9949, 32.4866 ], [ -84.9949, 32.4815 ], [ -84.9954, 32.4747 ], [ -84.9983, 32.4693 ], [ -84.9801, 32.4445 ], [ -84.9718, 32.4428 ], [ -84.9668, 32.4348 ], [ -84.9633, 32.4232 ], [ -84.9718, 32.4162 ], [ -84.9809, 32.4061 ], [ -84.9797, 32.4002 ], [ -84.9773, 32.3976 ], [ -84.9725, 32.3945 ], [ -84.9768, 32.3908 ], [ -84.9883, 32.3847 ], [ -84.9841, 32.38 ], [ -84.9798, 32.3743 ], [ -84.9918, 32.3545 ], [ -84.9996, 32.3495 ], [ -85.0081, 32.3367 ], [ -85.0079, 32.3345 ], [ -84.9919, 32.3198 ], [ -84.9856, 32.3177 ], [ -84.9563, 32.307 ], [ -84.9355, 32.2993 ], [ -84.9327, 32.2971 ], [ -84.928, 32.2916 ], [ -84.9214, 32.2843 ], [ -84.9184, 32.2822 ], [ -84.9142, 32.2793 ], [ -84.9035, 32.2732 ], [ -84.8993, 32.2692 ], [ -84.9003, 32.2586 ], [ -84.9044, 32.2509 ], [ -84.9099, 32.2487 ], [ -84.9148, 32.249 ], [ -84.922, 32.2506 ], [ -84.9252, 32.222 ], [ -84.9299, 32.2191 ], [ -84.9444, 32.2181 ], [ -84.962, 32.2182 ], [ -84.9644, 32.2188 ], [ -84.9709, 32.2187 ], [ -84.9799, 32.2107 ], [ -84.9697, 32.2043 ], [ -84.9625, 32.2009 ], [ -84.9724, 32.1922 ], [ -84.9823, 32.1891 ], [ -84.9933, 32.1857 ], [ -84.997, 32.1845 ], [ -85.024, 32.1683 ], [ -85.0299, 32.1622 ], [ -85.0332, 32.1574 ], [ -85.0366, 32.1541 ], [ -85.0406, 32.1498 ], [ -85.0483, 32.1417 ], [ -85.0582, 32.1363 ], [ -85.0599, 32.1267 ], [ -85.055, 32.1137 ], [ -85.0541, 32.0779 ], [ -85.0544, 32.0709 ], [ -85.0566, 32.0589 ], [ -85.0571, 32.0522 ], [ -85.0582, 32.0487 ], [ -85.0582, 32.0449 ], [ -85.0538, 32.0386 ], [ -85.0574, 32.034 ], [ -85.0567, 32.0291 ], [ -85.0547, 32.0269 ], [ -85.0502, 32.0242 ], [ -85.0489, 32.022 ], [ -85.0524, 32.0207 ], [ -85.0551, 32.0182 ], [ -85.0551, 32.0107 ], [ -85.0584, 32.0084 ], [ -85.0676, 31.9943 ], [ -85.0682, 31.9919 ], [ -85.0663, 31.9917 ], [ -85.0619, 31.9857 ], [ -85.0494, 31.9847 ], [ -85.0419, 31.9847 ], [ -85.0302, 31.9757 ], [ -85.0119, 31.9791 ], [ -85.0011, 31.9828 ], [ -85.0005, 31.9759 ], [ -84.974, 31.9752 ], [ -84.9576, 31.9748 ], [ -84.9603, 31.9508 ], [ -84.9173, 31.9247 ], [ -84.8984, 31.9243 ], [ -84.8624, 31.9237 ], [ -84.85, 31.9235 ], [ -84.8008, 31.9311 ], [ -84.7586, 31.9218 ], [ -84.7436, 31.9215 ], [ -84.7037, 31.9207 ], [ -84.6855, 31.9203 ], [ -84.6758, 31.9287 ], [ -84.6758, 31.9213 ], [ -84.6377, 31.9202 ], [ -84.6059, 31.9202 ], [ -84.5956, 31.9201 ], [ -84.544, 31.9196 ], [ -84.4958, 31.9196 ], [ -84.4538, 31.9192 ], [ -84.4453, 31.9261 ], [ -84.4445, 31.9464 ], [ -84.4413, 31.9645 ], [ -84.4396, 31.9595 ], [ -84.4358, 31.9572 ], [ -84.4316, 31.9522 ], [ -84.4293, 31.9515 ], [ -84.4267, 31.9486 ], [ -84.4189, 31.9417 ], [ -84.4092, 31.937 ], [ -84.4067, 31.9363 ], [ -84.401, 31.931 ], [ -84.3977, 31.9258 ], [ -84.3927, 31.9228 ], [ -84.3899, 31.9208 ], [ -84.3832, 31.9166 ], [ -84.3731, 31.9009 ], [ -84.3653, 31.8962 ], [ -84.3623, 31.8922 ], [ -84.3594, 31.8891 ], [ -84.3499, 31.8813 ], [ -84.3472, 31.8782 ], [ -84.3381, 31.8735 ], [ -84.3386, 31.8752 ], [ -84.3381, 31.8998 ], [ -84.3196, 31.9159 ], [ -84.2935, 31.9155 ], [ -84.2867, 31.9157 ], [ -84.2587, 31.9159 ], [ -84.2255, 31.9153 ], [ -84.1643, 31.9145 ], [ -84.1469, 31.9143 ], [ -84.1349, 31.9141 ], [ -84.0877, 31.914 ], [ -84.0661, 31.9139 ], [ -84.0547, 31.9138 ], [ -84.0455, 31.9138 ], [ -84.033, 31.9137 ], [ -84.0108, 31.9136 ], [ -83.9948, 31.9127 ], [ -83.9674, 31.9123 ], [ -83.923, 31.9088 ], [ -83.9325, 31.8964 ], [ -83.9307, 31.8906 ], [ -83.9314, 31.8847 ], [ -83.9316, 31.8776 ], [ -83.9305, 31.8753 ], [ -83.9284, 31.8703 ], [ -83.9307, 31.8603 ], [ -83.9331, 31.8592 ], [ -83.9378, 31.8548 ], [ -83.938, 31.8527 ], [ -83.9373, 31.845 ], [ -83.9281, 31.8456 ], [ -83.9187, 31.8474 ], [ -83.9064, 31.8441 ], [ -83.8999, 31.8419 ], [ -83.8942, 31.8412 ], [ -83.8786, 31.8373 ], [ -83.8755, 31.8376 ], [ -83.8682, 31.8369 ], [ -83.8614, 31.8365 ], [ -83.8552, 31.8275 ], [ -83.8391, 31.8235 ], [ -83.8324, 31.8136 ], [ -83.8274, 31.8101 ], [ -83.8202, 31.8124 ], [ -83.8157, 31.8112 ], [ -83.802, 31.8035 ], [ -83.7935, 31.8036 ], [ -83.7794, 31.8038 ], [ -83.7608, 31.8041 ], [ -83.7299, 31.8046 ], [ -83.671, 31.8044 ], [ -83.6612, 31.8043 ], [ -83.6248, 31.8041 ], [ -83.6125, 31.8163 ], [ -83.6122, 31.8541 ], [ -83.5865, 31.8538 ], [ -83.5735, 31.8534 ], [ -83.5527, 31.8532 ], [ -83.5434, 31.8479 ], [ -83.5297, 31.8478 ], [ -83.5038, 31.8475 ], [ -83.4945, 31.8475 ], [ -83.4802, 31.8473 ], [ -83.4735, 31.8472 ], [ -83.4549, 31.8471 ], [ -83.4442, 31.847 ], [ -83.4019, 31.8465 ], [ -83.3667, 31.8467 ], [ -83.3416, 31.8463 ], [ -83.3092, 31.8459 ], [ -83.2978, 31.8457 ], [ -83.274, 31.8455 ], [ -83.2499, 31.8454 ], [ -83.2255, 31.8448 ], [ -83.1909, 31.8492 ], [ -83.1824, 31.8514 ], [ -83.1748, 31.8453 ], [ -83.1716, 31.8419 ], [ -83.1618, 31.8378 ], [ -83.1606, 31.8354 ], [ -83.1529, 31.8318 ], [ -83.153, 31.8267 ], [ -83.148, 31.8243 ], [ -83.1336, 31.8224 ], [ -83.1398, 31.8179 ], [ -83.136, 31.8137 ], [ -83.1296, 31.8104 ], [ -83.1088, 31.8122 ], [ -83.1065, 31.8187 ], [ -83.1011, 31.8114 ], [ -83.0952, 31.808 ], [ -83.0887, 31.8094 ], [ -83.0848, 31.8105 ], [ -83.0791, 31.8017 ], [ -83.0725, 31.8013 ], [ -83.0691, 31.7965 ], [ -83.0626, 31.7945 ], [ -83.0565, 31.7922 ], [ -83.0464, 31.7902 ], [ -83.0419, 31.7911 ], [ -83.0391, 31.7871 ], [ -83.0353, 31.7864 ], [ -83.0306, 31.7811 ], [ -83.0268, 31.7787 ], [ -83.0175, 31.7795 ], [ -83.0097, 31.7778 ], [ -82.9999, 31.7804 ], [ -82.9955, 31.7803 ], [ -82.9929, 31.7787 ], [ -82.9916, 31.7818 ], [ -82.9912, 31.7871 ], [ -82.9695, 31.7915 ], [ -82.9668, 31.7878 ], [ -82.958, 31.7835 ], [ -82.9536, 31.7835 ], [ -82.9475, 31.7844 ], [ -82.946, 31.7872 ], [ -82.94, 31.7871 ], [ -82.9341, 31.7877 ], [ -82.9306, 31.786 ], [ -82.9266, 31.7855 ], [ -82.9202, 31.7814 ], [ -82.9185, 31.7798 ], [ -82.9122, 31.7846 ], [ -82.9049, 31.7873 ], [ -82.8975, 31.79 ], [ -82.8984, 31.7836 ], [ -82.8936, 31.7829 ], [ -82.8868, 31.7807 ], [ -82.8769, 31.7862 ], [ -82.8767, 31.7826 ], [ -82.868, 31.7851 ], [ -82.8579, 31.7923 ], [ -82.8564, 31.7945 ], [ -82.8535, 31.7988 ], [ -82.8509, 31.7979 ], [ -82.846, 31.802 ], [ -82.844, 31.8045 ], [ -82.8389, 31.8073 ], [ -82.8396, 31.8119 ], [ -82.8389, 31.8147 ], [ -82.827, 31.8146 ], [ -82.8198, 31.8179 ], [ -82.8076, 31.8247 ], [ -82.8052, 31.8307 ], [ -82.7964, 31.8345 ], [ -82.7871, 31.8364 ], [ -82.7848, 31.8409 ], [ -82.7911, 31.8446 ], [ -82.7855, 31.8531 ], [ -82.7793, 31.857 ], [ -82.7766, 31.8616 ], [ -82.7699, 31.8558 ], [ -82.7641, 31.8605 ], [ -82.759, 31.8568 ], [ -82.7537, 31.8611 ], [ -82.7508, 31.8694 ], [ -82.7439, 31.8753 ], [ -82.7406, 31.8771 ], [ -82.7341, 31.88 ], [ -82.7153, 31.8889 ], [ -82.7067, 31.8951 ], [ -82.7021, 31.8995 ], [ -82.6965, 31.901 ], [ -82.6914, 31.9 ], [ -82.6894, 31.9018 ], [ -82.6859, 31.9061 ], [ -82.6797, 31.909 ], [ -82.6793, 31.9161 ], [ -82.6816, 31.9199 ], [ -82.6553, 31.9208 ], [ -82.651, 31.9192 ], [ -82.6476, 31.9176 ], [ -82.638, 31.9223 ], [ -82.6325, 31.9253 ], [ -82.6264, 31.9234 ], [ -82.6177, 31.9269 ], [ -82.6131, 31.9287 ], [ -82.605, 31.936 ], [ -82.6002, 31.9379 ], [ -82.5928, 31.936 ], [ -82.5867, 31.9375 ], [ -82.5804, 31.9425 ], [ -82.5684, 31.9553 ], [ -82.5603, 31.9569 ], [ -82.5437, 31.9591 ], [ -82.5367, 31.9577 ], [ -82.5346, 31.9607 ], [ -82.5278, 31.9591 ], [ -82.493, 31.9488 ], [ -82.4862, 31.9505 ], [ -82.4804, 31.9563 ], [ -82.4879, 31.9576 ], [ -82.4967, 31.9578 ], [ -82.4955, 31.9664 ], [ -82.4854, 31.9687 ], [ -82.4605, 31.9648 ], [ -82.4538, 31.9642 ], [ -82.4493, 31.9658 ], [ -82.4402, 31.9677 ], [ -82.4283, 31.9653 ], [ -82.4206, 31.9614 ], [ -82.4136, 31.9578 ], [ -82.4046, 31.9496 ], [ -82.4034, 31.9556 ], [ -82.3982, 31.9591 ], [ -82.3923, 31.9519 ], [ -82.3883, 31.9484 ], [ -82.3859, 31.9497 ], [ -82.3883, 31.9557 ], [ -82.3882, 31.959 ], [ -82.3749, 31.9542 ], [ -82.3722, 31.9519 ], [ -82.3777, 31.9471 ], [ -82.3788, 31.9447 ], [ -82.3712, 31.9417 ], [ -82.3677, 31.9429 ], [ -82.3573, 31.9394 ], [ -82.3551, 31.9391 ], [ -82.3374, 31.9371 ], [ -82.3338, 31.936 ], [ -82.3191, 31.9326 ], [ -82.3138, 31.9309 ], [ -82.3079, 31.9361 ], [ -82.3089, 31.938 ], [ -82.3154, 31.9453 ], [ -82.3085, 31.9451 ], [ -82.3068, 31.9424 ], [ -82.3028, 31.9339 ], [ -82.2953, 31.9389 ], [ -82.2911, 31.9425 ], [ -82.2833, 31.9407 ], [ -82.2693, 31.9344 ], [ -82.2502, 31.923 ], [ -82.2472, 31.9157 ], [ -82.2308, 31.9129 ], [ -82.2278, 31.9123 ], [ -82.2251, 31.9134 ], [ -82.2204, 31.9507 ], [ -82.2198, 31.9561 ], [ -82.2183, 31.97 ], [ -82.2161, 31.9867 ], [ -82.2127, 32.0133 ], [ -82.211, 32.0239 ], [ -82.2089, 32.0381 ], [ -82.2045, 32.0757 ], [ -82.1939, 32.1353 ], [ -82.195, 32.1413 ], [ -82.1918, 32.1441 ], [ -82.189, 32.147 ], [ -82.1883, 32.1503 ], [ -82.1868, 32.1522 ], [ -82.1858, 32.1574 ], [ -82.183, 32.1604 ], [ -82.1821, 32.1659 ], [ -82.1846, 32.1809 ], [ -82.1948, 32.198 ], [ -82.1952, 32.202 ], [ -82.2069, 32.2132 ], [ -82.207, 32.2205 ], [ -82.209, 32.2219 ], [ -82.2106, 32.225 ], [ -82.2135, 32.2299 ], [ -82.2286, 32.2837 ], [ -82.2284, 32.2909 ], [ -82.2276, 32.2934 ], [ -82.2291, 32.3039 ], [ -82.2315, 32.307 ], [ -82.2325, 32.31 ], [ -82.2339, 32.3125 ], [ -82.2349, 32.3144 ], [ -82.2337, 32.3199 ], [ -82.2376, 32.3307 ], [ -82.2399, 32.3325 ], [ -82.2383, 32.3349 ], [ -82.2391, 32.3385 ], [ -82.2398, 32.3412 ], [ -82.2388, 32.3436 ], [ -82.2398, 32.3455 ], [ -82.188, 32.4335 ], [ -82.1811, 32.4741 ], [ -82.1627, 32.5002 ], [ -82.1585, 32.5062 ], [ -82.1485, 32.5206 ], [ -82.0849, 32.5571 ], [ -82.079, 32.5597 ], [ -82.043, 32.5442 ], [ -82.0303, 32.5391 ], [ -82.0254, 32.5582 ], [ -82.0224, 32.5642 ], [ -82.0112, 32.587 ], [ -82.0022, 32.6056 ], [ -82.0052, 32.6094 ], [ -82.015, 32.6162 ], [ -82.0285, 32.6256 ], [ -82.0303, 32.6268 ], [ -82.0396, 32.6333 ], [ -82.0493, 32.6401 ], [ -82.0655, 32.6513 ], [ -82.076, 32.6586 ], [ -82.0827, 32.6632 ], [ -82.1459, 32.8135 ], [ -82.1581, 32.8153 ], [ -82.1628, 32.8124 ], [ -82.1648, 32.8124 ], [ -82.1737, 32.8126 ], [ -82.1773, 32.812 ], [ -82.1815, 32.8109 ], [ -82.1907, 32.8063 ], [ -82.199, 32.8073 ], [ -82.2222, 32.8103 ], [ -82.2267, 32.8126 ], [ -82.2309, 32.8135 ], [ -82.2375, 32.8137 ], [ -82.2452, 32.8156 ], [ -82.2552, 32.8194 ], [ -82.2605, 32.8239 ], [ -82.267, 32.8254 ], [ -82.2766, 32.825 ], [ -82.2975, 32.8266 ], [ -82.3008, 32.8265 ], [ -82.3117, 32.8303 ], [ -82.3161, 32.8349 ], [ -82.3095, 32.85 ], [ -82.2941, 32.8823 ], [ -82.2904, 32.8912 ], [ -82.2737, 32.9343 ], [ -82.2741, 32.9487 ], [ -82.2764, 32.9634 ], [ -82.2784, 32.9804 ], [ -82.2796, 32.9907 ], [ -82.2808, 33.0007 ], [ -82.2819, 33.0079 ], [ -82.283, 33.0136 ], [ -82.2889, 33.0449 ], [ -82.2908, 33.0594 ], [ -82.2897, 33.069 ], [ -82.2669, 33.153 ], [ -82.2566, 33.1761 ], [ -82.2552, 33.1793 ], [ -82.2498, 33.1936 ], [ -82.246, 33.2024 ], [ -82.2445, 33.2057 ], [ -82.2371, 33.2204 ], [ -82.244, 33.2435 ], [ -82.247, 33.2492 ], [ -82.2515, 33.2542 ], [ -82.2544, 33.2567 ], [ -82.2583, 33.262 ], [ -82.2632, 33.2658 ], [ -82.2729, 33.2677 ], [ -82.2791, 33.2697 ], [ -82.2871, 33.2742 ], [ -82.2936, 33.2767 ], [ -82.2977, 33.2807 ], [ -82.298, 33.2836 ], [ -82.3025, 33.2891 ], [ -82.3094, 33.2953 ], [ -82.3118, 33.2973 ], [ -82.3164, 33.2993 ], [ -82.3225, 33.3008 ], [ -82.3292, 33.3064 ], [ -82.3336, 33.309 ], [ -82.3419, 33.3121 ], [ -82.3446, 33.312 ], [ -82.3605, 33.3121 ], [ -82.363, 33.312 ], [ -82.3912, 33.3126 ], [ -82.4, 33.315 ], [ -82.4107, 33.3203 ], [ -82.4118, 33.3239 ], [ -82.4174, 33.328 ], [ -82.4414, 33.3373 ], [ -82.4483, 33.3383 ], [ -82.456, 33.3405 ], [ -82.4626, 33.3411 ], [ -82.4739, 33.3398 ], [ -82.4789, 33.3397 ], [ -82.4934, 33.3381 ], [ -82.4994, 33.3386 ], [ -82.5249, 33.351 ], [ -82.5288, 33.355 ], [ -82.5328, 33.3562 ], [ -82.545, 33.352 ], [ -82.5488, 33.3573 ], [ -82.5484, 33.3929 ], [ -82.5519, 33.4084 ], [ -82.5571, 33.4196 ], [ -82.5771, 33.4416 ], [ -82.5879, 33.4576 ], [ -82.5896, 33.4619 ], [ -82.6062, 33.5029 ], [ -82.6176, 33.5313 ], [ -82.643, 33.6138 ], [ -82.644, 33.6171 ], [ -82.638, 33.6147 ], [ -82.6271, 33.6115 ], [ -82.6228, 33.6134 ], [ -82.6172, 33.6124 ], [ -82.6232, 33.619 ], [ -82.6173, 33.6247 ], [ -82.6176, 33.6296 ], [ -82.6068, 33.6303 ], [ -82.6052, 33.6351 ], [ -82.6016, 33.6344 ], [ -82.5951, 33.6377 ], [ -82.5883, 33.6418 ], [ -82.5805, 33.6378 ], [ -82.5846, 33.6408 ], [ -82.5843, 33.6447 ], [ -82.5833, 33.651 ], [ -82.5801, 33.648 ], [ -82.5735, 33.6395 ], [ -82.5693, 33.642 ], [ -82.5572, 33.6355 ], [ -82.5523, 33.6411 ], [ -82.5413, 33.6399 ], [ -82.5365, 33.649 ], [ -82.5297, 33.6459 ], [ -82.5259, 33.6448 ], [ -82.5192, 33.647 ], [ -82.5188, 33.6526 ], [ -82.5059, 33.6596 ], [ -82.5049, 33.6514 ], [ -82.4985, 33.6536 ], [ -82.4947, 33.6516 ], [ -82.4909, 33.6499 ], [ -82.4797, 33.6398 ], [ -82.5084, 33.6846 ], [ -82.5238, 33.7085 ], [ -82.5325, 33.7224 ], [ -82.5626, 33.769 ], [ -82.5662, 33.7749 ], [ -82.5754, 33.7896 ], [ -82.5951, 33.8288 ], [ -82.5937, 33.8325 ], [ -82.5904, 33.8354 ], [ -82.5879, 33.8371 ], [ -82.5783, 33.8524 ], [ -82.5742, 33.8561 ], [ -82.5738, 33.8611 ], [ -82.5725, 33.8645 ], [ -82.5922, 33.8682 ], [ -82.6249, 33.9165 ], [ -82.6282, 33.9274 ], [ -82.6296, 33.9323 ], [ -82.6345, 33.9484 ], [ -82.638, 33.9598 ], [ -82.646, 33.9841 ] ] ] } },
{ "type": "Feature", "properties": { "i": 37 }, "geometry": { "type": "Polygon", "coordinates": [ [ [ -94.43, 48.6999 ], [ -94.5384, 48.7011 ], [ -94.6955, 48.7808 ], [ -94.7068, 48.8275 ], [ -94.6814, 48.8856 ], [ -94.7496, 49.0988 ], [ -94.7728, 49.1205 ], [ -94.8217, 49.2944 ], [ -94.8541, 49.3243 ], [ -94.9574, 49.3702 ], [ -95.0583, 49.3532 ], [ -95.1534, 49.3884 ], [ -95.1541, 48.9984 ], [ -95.6647, 48.9994 ], [ -96.4438, 49.0 ], [ -97.2342, 49.0 ], [ -98.9691, 49.0 ], [ -99.5258, 48.9993 ], [ -99.526, 48.7183 ], [ -99.4932, 48.7184 ], [ -99.4929, 48.3709 ], [ -99.8466, 48.3706 ], [ -99.8481, 48.0214 ], [ -99.8128, 48.0212 ], [ -99.8118, 47.8476 ], [ -99.2973, 47.8469 ], [ -99.2973, 47.6729 ], [ -99.266, 47.6727 ], [ -99.2661, 47.5876 ], [ -98.5002, 47.5867 ], [ -98.4997, 47.3265 ], [ -98.4675, 47.3265 ], [ -98.4674, 46.9796 ], [ -98.4395, 46.9796 ], [ -98.439, 46.6311 ], [ -98.0338, 46.6307 ], [ -98.0345, 46.2826 ], [ -98.0065, 46.2785 ], [ -98.0082, 45.9361 ], [ -97.2076, 45.935 ], [ -96.5665, 45.9352 ], [ -96.5726, 46.0219 ], [ -96.2659, 46.0217 ], [ -96.2541, 45.9339 ], [ -96.254, 45.7598 ], [ -95.7582, 45.76 ], [ -95.7587, 45.9337 ], [ -95.7692, 46.1074 ], [ -95.1458, 46.1071 ], [ -95.1501, 46.3689 ], [ -94.7321, 46.369 ], [ -94.779, 46.3943 ], [ -94.787, 46.8041 ], [ -94.6599, 46.8038 ], [ -94.6636, 47.3217 ], [ -94.6702, 47.4101 ], [ -94.4164, 47.4118 ], [ -94.4192, 47.715 ], [ -94.4178, 48.0198 ], [ -94.4303, 48.512 ], [ -94.43, 48.6999 ] ] ] } },
{ "type": "Feature", "properties": { "i": 38 }, "geometry": { "type": "Polygon", "coordinates": [ [ [ -109.0453, 36.9992 ], [ -109.7507, 36.9981 ], [ -110.4689, 36.998 ], [ -110.5007, 37.0042 ], [ -110.9143, 37.0028 ], [ -111.2776, 37.0005 ], [ -112.0007, 37.0009 ], [ -112.5401, 36.9997 ], [ -112.5304, 36.9506 ], [ -112.5671, 36.8975 ], [ -112.6194, 36.7826 ], [ -112.6134, 36.7375 ], [ -112.6384, 36.6744 ], [ -112.6212, 36.5958 ], [ -112.6535, 36.5583 ], [ -112.6557, 36.5151 ], [ -112.6229, 36.4747 ], [ -112.6437, 36.4345 ], [ -112.6298, 36.3922 ], [ -112.7575, 36.3229 ], [ -112.7973, 36.2838 ], [ -112.8659, 36.2824 ], [ -112.9039, 36.254 ], [ -113.0056, 36.2384 ], [ -113.1362, 36.1666 ], [ -113.1968, 36.1529 ], [ -113.2243, 36.0915 ], [ -113.32, 36.0968 ], [ -113.3541, 36.0413 ], [ -113.319, 35.9727 ], [ -113.3338, 35.9121 ], [ -113.3098, 35.8914 ], [ -113.3339, 35.8017 ], [ -113.3342, 35.5 ], [ -113.3327, 35.0001 ], [ -113.3335, 34.3179 ], [ -113.3335, 33.9999 ], [ -112.7435, 33.9997 ], [ -112.2766, 33.8828 ], [ -112.2409, 33.9083 ], [ -112.2296, 33.9553 ], [ -112.195, 33.9764 ], [ -112.1557, 34.0471 ], [ -111.7258, 33.9999 ], [ -111.4952, 34.0 ], [ -111.4296, 34.0141 ], [ -111.4122, 33.9738 ], [ -111.2617, 33.8981 ], [ -111.158, 33.8009 ], [ -110.976, 33.7543 ], [ -110.9204, 33.6405 ], [ -110.8347, 33.687 ], [ -110.7821, 33.6484 ], [ -110.6731, 33.7988 ], [ -110.5622, 33.8484 ], [ -110.5065, 33.8252 ], [ -110.3286, 33.8276 ], [ -110.0492, 33.6053 ], [ -110.0004, 33.5772 ], [ -109.8719, 33.5628 ], [ -109.8086, 33.4896 ], [ -109.7691, 33.476 ], [ -109.6858, 33.5431 ], [ -109.6747, 33.5724 ], [ -109.4835, 33.6571 ], [ -109.4803, 33.6905 ], [ -109.3946, 33.7164 ], [ -109.3475, 33.7764 ], [ -109.0469, 33.7782 ], [ -109.0462, 34.5 ], [ -109.0458, 34.9597 ], [ -109.0468, 35.3614 ], [ -109.0462, 35.7092 ], [ -109.046, 36.1849 ], [ -109.0455, 36.5097 ], [ -109.0453, 36.9992 ] ] ] } },
{ "type": "Feature", "properties": { "i": 39 }, "geometry": { "type": "Polygon", "coordinates": [ [ [ -96.4518, 44.631 ], [ -96.452, 44.5435 ], [ -97.2093, 44.5431 ], [ -97.8563, 44.5449 ], [ -97.8563, 44.6311 ], [ -98.7058, 44.6341 ], [ -98.7013, 44.53 ], [ -98.7012, 44.1967 ], [ -98.9264, 44.1966 ], [ -98.9273, 43.9351 ], [ -99.3561, 43.9338 ], [ -99.3522, 43.8923 ], [ -99.3085, 43.8589 ], [ -99.3667, 43.7921 ], [ -99.4042, 43.7792 ], [ -99.4158, 43.6985 ], [ -99.376, 43.657 ], [ -99.3396, 43.5809 ], [ -99.2855, 43.5335 ], [ -99.2982, 43.4998 ], [ -99.5339, 43.4995 ], [ -99.5346, 42.998 ], [ -98.8999, 42.9981 ], [ -98.501, 42.9986 ], [ -98.467, 42.9473 ], [ -98.3097, 42.8818 ], [ -98.2573, 42.8743 ], [ -98.1295, 42.8219 ], [ -98.06, 42.7731 ], [ -97.9502, 42.7696 ], [ -97.8886, 42.8172 ], [ -97.8758, 42.858 ], [ -97.8295, 42.8688 ], [ -97.6865, 42.8424 ], [ -97.6056, 42.8584 ], [ -97.4383, 42.8476 ], [ -97.3088, 42.8672 ], [ -97.2212, 42.847 ], [ -97.2127, 42.8123 ], [ -97.1308, 42.7718 ], [ -97.0158, 42.7611 ], [ -97.0178, 42.2645 ], [ -96.7458, 42.2642 ], [ -96.7259, 42.278 ], [ -96.3575, 42.2765 ], [ -96.3436, 42.2148 ], [ -96.0199, 42.2117 ], [ -95.6707, 42.2112 ], [ -95.3233, 42.211 ], [ -95.3233, 42.4747 ], [ -95.3876, 42.4748 ], [ -95.388, 42.5613 ], [ -94.9147, 42.5602 ], [ -94.9134, 43.1631 ], [ -94.9148, 43.5002 ], [ -94.8544, 43.5006 ], [ -94.8544, 43.8472 ], [ -94.8599, 44.1079 ], [ -95.1002, 44.1081 ], [ -95.1019, 44.195 ], [ -95.5935, 44.1957 ], [ -95.5949, 44.5422 ], [ -95.604, 44.6299 ], [ -96.4518, 44.631 ] ] ] } },
{ "type": "Feature", "properties": { "i": 40 }, "geometry": { "type": "Polygon", "coordinates": [ [ [ -95.7622, 33.8725 ], [ -95.8365, 33.8355 ], [ -95.9176, 33.8818 ], [ -95.9412, 33.862 ], [ -96.0481, 33.8368 ], [ -96.1465, 33.8383 ], [ -96.1698, 33.7697 ], [ -96.2306, 33.7487 ], [ -96.2772, 33.7696 ], [ -96.3165, 33.6996 ], [ -96.3426, 33.6871 ], [ -96.4228, 33.776 ], [ -96.5012, 33.7729 ], [ -96.5266, 33.8208 ], [ -96.5719, 33.819 ], [ -96.6294, 33.8514 ], [ -96.5918, 33.8792 ], [ -96.659, 33.9163 ], [ -96.7073, 33.8334 ], [ -96.7665, 33.8256 ], [ -96.7943, 33.8689 ], [ -96.883, 33.868 ], [ -96.9214, 33.9596 ], [ -96.9753, 33.9362 ], [ -96.986, 33.886 ], [ -97.0482, 33.8181 ], [ -97.0949, 33.7976 ], [ -97.0945, 33.7305 ], [ -97.1503, 33.7223 ], [ -97.1932, 33.7603 ], [ -97.2049, 33.8189 ], [ -97.1667, 33.8468 ], [ -97.1807, 33.8949 ], [ -97.2462, 33.9003 ], [ -97.3017, 33.8833 ], [ -97.374, 33.8195 ], [ -97.427, 33.8195 ], [ -97.4628, 33.843 ], [ -97.4596, 33.9031 ], [ -97.4998, 33.9196 ], [ -97.5874, 33.9025 ], [ -97.5896, 33.9528 ], [ -97.6597, 33.9904 ], [ -97.7168, 33.9477 ], [ -97.7626, 33.9339 ], [ -97.8038, 33.8795 ], [ -97.8719, 33.8491 ], [ -97.9776, 33.8892 ], [ -97.9789, 33.4679 ], [ -98.4214, 33.4668 ], [ -98.4207, 33.3956 ], [ -98.9539, 33.3975 ], [ -98.954, 33.387 ], [ -98.954, 33.3751 ], [ -98.9536, 33.2983 ], [ -98.9534, 33.2674 ], [ -98.9532, 33.2509 ], [ -98.9532, 33.24 ], [ -98.9532, 33.2345 ], [ -98.953, 33.2238 ], [ -98.9527, 33.1786 ], [ -98.9526, 33.1671 ], [ -98.9523, 33.1251 ], [ -98.9521, 33.1109 ], [ -98.9516, 33.0454 ], [ -98.9513, 33.0141 ], [ -98.9511, 32.9835 ], [ -98.951, 32.9622 ], [ -98.9509, 32.9593 ], [ -98.9615, 32.9569 ], [ -98.9859, 32.9567 ], [ -99.0004, 32.9567 ], [ -99.0049, 32.9568 ], [ -99.0391, 32.9569 ], [ -99.0936, 32.957 ], [ -99.096, 32.9441 ], [ -99.0958, 32.8079 ], [ -99.0961, 32.5966 ], [ -99.0961, 32.5166 ], [ -99.0968, 32.5148 ], [ -99.1142, 32.5096 ], [ -99.1141, 32.5064 ], [ -99.115, 32.4708 ], [ -99.1151, 32.4446 ], [ -99.1154, 32.4149 ], [ -99.1164, 32.3655 ], [ -99.117, 32.2973 ], [ -99.1172, 32.2821 ], [ -99.1173, 32.2697 ], [ -99.1176, 32.1977 ], [ -99.1177, 32.1841 ], [ -99.1178, 32.1746 ], [ -99.1191, 32.08 ], [ -99.0784, 32.0793 ], [ -99.0546, 32.0791 ], [ -99.0494, 32.079 ], [ -98.9635, 32.0787 ], [ -98.9441, 32.0784 ], [ -98.9188, 32.0697 ], [ -98.906, 32.0508 ], [ -98.9033, 32.047 ], [ -98.8892, 32.0261 ], [ -98.8615, 31.985 ], [ -98.8593, 31.9819 ], [ -98.8432, 31.9583 ], [ -98.8346, 31.9459 ], [ -98.8222, 31.9276 ], [ -98.8097, 31.9094 ], [ -98.7861, 31.8751 ], [ -98.7834, 31.8704 ], [ -98.7649, 31.8431 ], [ -98.7393, 31.8053 ], [ -98.7337, 31.797 ], [ -98.7258, 31.7854 ], [ -98.7104, 31.7628 ], [ -98.7034, 31.7525 ], [ -98.696, 31.7413 ], [ -98.6934, 31.7374 ], [ -98.6836, 31.723 ], [ -98.6779, 31.7145 ], [ -98.7421, 31.6904 ], [ -98.7564, 31.6884 ], [ -98.7616, 31.6821 ], [ -98.7663, 31.6637 ], [ -98.768, 31.6573 ], [ -98.7764, 31.6251 ], [ -98.78, 31.6107 ], [ -98.7922, 31.6034 ], [ -98.8025, 31.5971 ], [ -98.8349, 31.5775 ], [ -98.865, 31.5594 ], [ -98.8997, 31.5382 ], [ -98.9225, 31.5244 ], [ -98.9409, 31.5132 ], [ -98.9464, 31.5101 ], [ -98.9708, 31.4968 ], [ -98.9884, 31.4826 ], [ -98.9895, 31.4767 ], [ -98.9837, 31.4599 ], [ -98.9769, 31.4558 ], [ -98.9608, 31.439 ], [ -98.9535, 31.4487 ], [ -98.9356, 31.4482 ], [ -98.9346, 31.4422 ], [ -98.9088, 31.4343 ], [ -98.9038, 31.4362 ], [ -98.8736, 31.4444 ], [ -98.867, 31.4411 ], [ -98.8555, 31.4253 ], [ -98.8526, 31.4204 ], [ -98.8516, 31.4127 ], [ -98.8492, 31.4124 ], [ -98.8348, 31.4104 ], [ -98.8311, 31.4101 ], [ -98.8276, 31.4113 ], [ -98.8161, 31.4095 ], [ -98.7832, 31.4105 ], [ -98.7753, 31.4131 ], [ -98.7731, 31.411 ], [ -98.7744, 31.4045 ], [ -98.7753, 31.3935 ], [ -98.7784, 31.3773 ], [ -98.7717, 31.3805 ], [ -98.7584, 31.3804 ], [ -98.7569, 31.3821 ], [ -98.751, 31.4036 ], [ -98.7423, 31.4056 ], [ -98.7368, 31.4181 ], [ -98.7375, 31.4212 ], [ -98.7346, 31.4301 ], [ -98.731, 31.4296 ], [ -98.7086, 31.4071 ], [ -98.6957, 31.3968 ], [ -98.6932, 31.3887 ], [ -98.7043, 31.3801 ], [ -98.7044, 31.3764 ], [ -98.7048, 31.3689 ], [ -98.7031, 31.362 ], [ -98.7048, 31.3574 ], [ -98.7127, 31.3544 ], [ -98.7076, 31.3472 ], [ -98.7021, 31.339 ], [ -98.6991, 31.3388 ], [ -98.6897, 31.3441 ], [ -98.6854, 31.3453 ], [ -98.6793, 31.349 ], [ -98.6686, 31.3623 ], [ -98.663, 31.3642 ], [ -98.6562, 31.3694 ], [ -98.6539, 31.37 ], [ -98.6524, 31.3626 ], [ -98.6505, 31.3575 ], [ -98.6437, 31.3575 ], [ -98.6409, 31.3555 ], [ -98.6386, 31.347 ], [ -98.6448, 31.3432 ], [ -98.6427, 31.3343 ], [ -98.6431, 31.3273 ], [ -98.649, 31.3208 ], [ -98.6476, 31.3148 ], [ -98.6412, 31.3158 ], [ -98.6347, 31.3227 ], [ -98.6289, 31.3258 ], [ -98.6226, 31.3255 ], [ -98.6282, 31.3097 ], [ -98.6068, 31.3121 ], [ -98.6005, 31.3156 ], [ -98.5968, 31.3192 ], [ -98.5953, 31.3219 ], [ -98.5953, 31.3244 ], [ -98.5869, 31.3194 ], [ -98.5903, 31.3162 ], [ -98.5964, 31.3049 ], [ -98.5975, 31.2967 ], [ -98.6094, 31.2831 ], [ -98.6148, 31.282 ], [ -98.6253, 31.2698 ], [ -98.6176, 31.2663 ], [ -98.614, 31.2637 ], [ -98.5972, 31.2537 ], [ -98.5937, 31.2579 ], [ -98.5938, 31.2642 ], [ -98.5917, 31.2665 ], [ -98.5798, 31.2654 ], [ -98.5779, 31.2605 ], [ -98.5762, 31.258 ], [ -98.5678, 31.2444 ], [ -98.5656, 31.2426 ], [ -98.5632, 31.236 ], [ -98.5626, 31.2306 ], [ -98.563, 31.2247 ], [ -98.5645, 31.2185 ], [ -98.5673, 31.212 ], [ -98.5691, 31.2052 ], [ -98.5688, 31.1984 ], [ -98.5603, 31.1935 ], [ -98.5544, 31.1919 ], [ -98.5361, 31.1868 ], [ -98.5382, 31.1837 ], [ -98.5321, 31.1738 ], [ -98.5206, 31.1653 ], [ -98.5074, 31.1669 ], [ -98.5043, 31.1625 ], [ -98.5069, 31.1592 ], [ -98.5284, 31.1458 ], [ -98.5273, 31.1431 ], [ -98.5279, 31.1374 ], [ -98.5391, 31.1314 ], [ -98.5456, 31.1298 ], [ -98.5279, 31.0916 ], [ -98.5265, 31.09 ], [ -98.5213, 31.09 ], [ -98.5159, 31.0965 ], [ -98.5122, 31.1055 ], [ -98.5049, 31.1091 ], [ -98.5005, 31.1175 ], [ -98.4958, 31.1185 ], [ -98.4905, 31.1152 ], [ -98.487, 31.1143 ], [ -98.4819, 31.1188 ], [ -98.4797, 31.1182 ], [ -98.4662, 31.1073 ], [ -98.4615, 31.111 ], [ -98.4555, 31.1087 ], [ -98.4641, 31.0995 ], [ -98.47, 31.093 ], [ -98.4674, 31.0915 ], [ -98.4617, 31.09 ], [ -98.4565, 31.079 ], [ -98.4644, 31.076 ], [ -98.4762, 31.0705 ], [ -98.4834, 31.0671 ], [ -98.4834, 31.0612 ], [ -98.4781, 31.0554 ], [ -98.4683, 31.0495 ], [ -98.4655, 31.048 ], [ -98.4589, 31.0458 ], [ -98.4514, 31.0435 ], [ -98.4481, 31.0416 ], [ -98.4427, 31.0342 ], [ -98.4396, 31.0294 ], [ -97.9117, 31.0349 ], [ -97.8285, 30.9062 ], [ -97.6245, 30.8701 ], [ -97.2714, 30.7357 ], [ -97.1552, 30.4573 ], [ -96.9633, 30.557 ], [ -96.6256, 30.7285 ], [ -96.5634, 30.6973 ], [ -96.4591, 30.7434 ], [ -96.3874, 30.8638 ], [ -96.3487, 30.9118 ], [ -96.2626, 30.9645 ], [ -96.1724, 30.9941 ], [ -96.0483, 31.0684 ], [ -95.9734, 31.0922 ], [ -95.7643, 31.0937 ], [ -95.7733, 31.139 ], [ -95.7283, 31.1621 ], [ -95.7478, 31.2079 ], [ -95.7249, 31.2714 ], [ -95.6713, 31.296 ], [ -95.6754, 31.3657 ], [ -95.7112, 31.4208 ], [ -95.7372, 31.5051 ], [ -95.6508, 31.542 ], [ -95.2742, 31.5929 ], [ -95.2898, 31.6828 ], [ -95.3659, 31.7278 ], [ -95.3943, 31.7634 ], [ -95.4134, 31.8353 ], [ -95.4451, 31.8493 ], [ -95.4225, 31.9246 ], [ -95.4533, 31.9609 ], [ -95.4252, 32.018 ], [ -95.432, 32.0942 ], [ -95.4796, 32.1512 ], [ -95.4633, 32.2015 ], [ -95.4879, 32.2355 ], [ -95.4503, 32.2947 ], [ -95.4504, 32.3603 ], [ -95.5943, 32.4798 ], [ -95.5946, 32.6931 ], [ -95.6346, 32.7169 ], [ -95.6654, 32.9604 ], [ -95.309, 32.9626 ], [ -95.3076, 33.2908 ], [ -95.3106, 33.5284 ], [ -95.3103, 33.8796 ], [ -95.4061, 33.8663 ], [ -95.5517, 33.8878 ], [ -95.5861, 33.9346 ], [ -95.7622, 33.8725 ] ] ] } },
{ "type": "Feature", "properties": { "i": 41 }, "geometry": { "type": "Polygon", "coordinates": [ [ [ -104.0485, 48.9997 ], [ -104.6528, 48.999 ], [ -105.3709, 48.9995 ], [ -106.1121, 48.999 ], [ -106.4982, 48.9994 ], [ -107.4155, 48.9993 ], [ -108.2365, 48.9996 ], [ -108.2594, 48.9129 ], [ -108.2594, 48.7422 ], [ -108.3191, 48.7423 ], [ -108.3191, 48.5684 ], [ -108.3462, 48.5684 ], [ -108.3468, 48.4285 ], [ -108.4112, 48.441 ], [ -108.4116, 48.2197 ], [ -108.4339, 48.2194 ], [ -108.434, 47.9765 ], [ -108.6076, 47.9911 ], [ -108.6273, 47.921 ], [ -108.8882, 47.9227 ], [ -108.8912, 47.7353 ], [ -108.8184, 47.7074 ], [ -108.7704, 47.6452 ], [ -108.6701, 47.6193 ], [ -108.5323, 47.6156 ], [ -108.35, 47.5674 ], [ -108.3127, 47.5835 ], [ -108.315, 47.3149 ], [ -108.3365, 47.3077 ], [ -108.5901, 47.3062 ], [ -108.5905, 47.2705 ], [ -108.7192, 47.2703 ], [ -108.7181, 47.1843 ], [ -108.7367, 47.0994 ], [ -108.6085, 47.0978 ], [ -108.6119, 46.8367 ], [ -108.631, 46.7496 ], [ -107.8312, 46.7559 ], [ -107.8409, 46.8024 ], [ -107.8885, 46.8515 ], [ -107.4678, 46.8515 ], [ -107.4667, 46.8603 ], [ -106.7205, 46.8596 ], [ -106.72, 46.8452 ], [ -106.0865, 46.846 ], [ -106.0867, 46.8601 ], [ -105.8337, 46.8605 ], [ -105.8328, 46.832 ], [ -105.6183, 46.8321 ], [ -105.6181, 46.745 ], [ -105.5763, 46.7449 ], [ -105.5757, 46.6579 ], [ -105.492, 46.6572 ], [ -105.4919, 46.601 ], [ -105.449, 46.5713 ], [ -105.2392, 46.5701 ], [ -105.2305, 46.541 ], [ -104.9847, 46.5406 ], [ -104.9848, 46.5694 ], [ -104.8589, 46.5691 ], [ -104.8587, 46.6116 ], [ -104.7329, 46.6127 ], [ -104.7328, 46.6563 ], [ -104.607, 46.6573 ], [ -104.6068, 46.6851 ], [ -104.4178, 46.6844 ], [ -104.3539, 46.6421 ], [ -104.0453, 46.6414 ], [ -104.0448, 47.1274 ], [ -104.0452, 47.4111 ], [ -104.0416, 47.8561 ], [ -104.048, 48.5004 ], [ -104.0485, 48.9997 ] ] ] } },
{ "type": "Feature", "properties": { "i": 42 }, "geometry": { "type": "Polygon", "coordinates": [ [ [ -97.3691, 40.0013 ], [ -97.3685, 40.5461 ], [ -97.3681, 41.0324 ], [ -97.3681, 41.056 ], [ -97.3681, 41.389 ], [ -97.5258, 41.3605 ], [ -97.598, 41.3334 ], [ -97.5985, 41.3949 ], [ -97.7038, 41.3949 ], [ -97.7036, 41.5261 ], [ -97.8844, 41.5259 ], [ -97.8863, 41.5113 ], [ -98.0356, 41.5105 ], [ -98.0997, 41.4808 ], [ -98.2913, 41.4807 ], [ -98.2958, 41.7413 ], [ -98.5854, 41.7403 ], [ -99.2123, 41.7402 ], [ -99.2124, 41.3946 ], [ -99.2033, 41.3941 ], [ -99.2077, 41.047 ], [ -99.5004, 41.0462 ], [ -100.2242, 41.0466 ], [ -100.2241, 40.7003 ], [ -99.9816, 40.6997 ], [ -99.9823, 40.4382 ], [ -100.0953, 40.4384 ], [ -100.0952, 40.3514 ], [ -100.1978, 40.35 ], [ -100.1937, 40.0016 ], [ -99.6257, 40.0014 ], [ -99.6285, 39.5674 ], [ -99.6019, 39.5672 ], [ -99.6054, 39.1324 ], [ -99.0368, 39.1331 ], [ -98.4899, 39.1327 ], [ -98.49, 39.2202 ], [ -97.9304, 39.2194 ], [ -97.9287, 39.5669 ], [ -97.9318, 40.0011 ], [ -97.3691, 40.0013 ] ] ] } },
{ "type": "Feature", "properties": { "i": 43 }, "geometry": { "type": "Polygon", "coordinates": [ [ [ -106.8585, 41.0025 ], [ -107.5006, 41.0023 ], [ -107.9192, 41.002 ], [ -108.1816, 41.0004 ], [ -108.74, 41.0001 ], [ -108.7507, 41.0002 ], [ -109.2286, 41.002 ], [ -109.232, 41.002 ], [ -109.238, 41.0018 ], [ -109.5042, 40.9991 ], [ -110.0003, 40.9973 ], [ -109.9996, 40.8136 ], [ -109.9778, 40.8099 ], [ -109.9761, 40.158 ], [ -109.9676, 39.806 ], [ -109.9192, 39.7862 ], [ -109.9298, 39.7491 ], [ -109.9868, 39.741 ], [ -109.9844, 39.6648 ], [ -110.0105, 39.6459 ], [ -110.0378, 39.5674 ], [ -110.0155, 39.4858 ], [ -110.0226, 39.3516 ], [ -110.0719, 39.2901 ], [ -110.0539, 39.2298 ], [ -110.1003, 39.1879 ], [ -110.1179, 39.0962 ], [ -110.1564, 39.0366 ], [ -110.1339, 39.0012 ], [ -110.1791, 38.9082 ], [ -110.1061, 38.8106 ], [ -110.0819, 38.7567 ], [ -110.1129, 38.7316 ], [ -109.9946, 38.5276 ], [ -110.0146, 38.4464 ], [ -109.9726, 38.3844 ], [ -109.9845, 38.3553 ], [ -109.9094, 38.2708 ], [ -109.8911, 38.1809 ], [ -109.9334, 38.1362 ], [ -109.9962, 38.1007 ], [ -110.0109, 37.9887 ], [ -110.1202, 37.9888 ], [ -110.1757, 37.9306 ], [ -110.1756, 37.8584 ], [ -110.3393, 37.8586 ], [ -110.3392, 37.7711 ], [ -110.3757, 37.771 ], [ -110.3839, 37.6645 ], [ -110.4382, 37.6648 ], [ -110.4562, 37.6211 ], [ -110.5292, 37.6212 ], [ -110.5284, 37.447 ], [ -110.6197, 37.4471 ], [ -110.6197, 37.3889 ], [ -110.692, 37.3889 ], [ -110.6911, 37.302 ], [ -110.6381, 37.3023 ], [ -110.6379, 37.2588 ], [ -110.5767, 37.2517 ], [ -110.438, 37.317 ], [ -110.2391, 37.3166 ], [ -110.2391, 37.3311 ], [ -110.0938, 37.3308 ], [ -110.0378, 37.2585 ], [ -109.9452, 37.244 ], [ -109.9914, 37.212 ], [ -110.0733, 37.2403 ], [ -110.1486, 37.3152 ], [ -110.2066, 37.3182 ], [ -110.2424, 37.2668 ], [ -110.3165, 37.2375 ], [ -110.4536, 37.0784 ], [ -110.4918, 37.1264 ], [ -110.6294, 37.201 ], [ -110.6521, 37.1692 ], [ -110.6626, 37.0932 ], [ -110.7272, 37.0711 ], [ -110.7952, 37.0711 ], [ -110.9143, 37.0028 ], [ -110.5007, 37.0042 ], [ -110.4689, 36.998 ], [ -109.7507, 36.9981 ], [ -109.0453, 36.9992 ], [ -108.2411, 36.999 ], [ -107.4253, 37.0 ], [ -106.8778, 37.0001 ], [ -106.8698, 36.9924 ], [ -106.4762, 36.9937 ], [ -106.5892, 37.1402 ], [ -106.5974, 37.195 ], [ -106.6784, 37.2286 ], [ -106.6784, 37.4036 ], [ -106.7108, 37.3962 ], [ -107.1287, 37.3924 ], [ -107.1247, 37.6751 ], [ -107.1451, 37.6755 ], [ -107.1382, 37.9388 ], [ -107.0672, 37.9607 ], [ -107.0011, 37.9562 ], [ -107.0006, 38.4254 ], [ -106.2506, 38.4229 ], [ -106.3123, 38.4948 ], [ -106.3478, 38.512 ], [ -106.3446, 38.5686 ], [ -106.3801, 38.6378 ], [ -106.4177, 38.6448 ], [ -106.4518, 38.698 ], [ -106.417, 38.7268 ], [ -106.4223, 38.8072 ], [ -106.349, 38.8574 ], [ -106.327, 38.911 ], [ -106.4582, 38.9101 ], [ -106.5279, 38.9606 ], [ -106.5554, 38.9984 ], [ -106.5954, 38.9917 ], [ -106.5862, 39.094 ], [ -106.5612, 39.1551 ], [ -106.5111, 39.1636 ], [ -106.494, 39.1986 ], [ -106.5036, 39.2846 ], [ -106.3712, 39.3612 ], [ -106.2836, 39.3501 ], [ -106.2076, 39.3803 ], [ -106.2513, 39.4659 ], [ -106.2556, 39.5322 ], [ -106.1759, 39.6161 ], [ -106.1841, 39.6517 ], [ -106.2349, 39.6623 ], [ -106.3487, 39.7575 ], [ -106.3857, 39.7683 ], [ -106.4328, 39.8653 ], [ -106.4432, 39.9249 ], [ -106.6264, 39.9255 ], [ -106.637, 40.0021 ], [ -106.6323, 40.3415 ], [ -106.6528, 40.3415 ], [ -106.6537, 40.4932 ], [ -106.7014, 40.5778 ], [ -106.7061, 40.6155 ], [ -106.6683, 40.6957 ], [ -106.6684, 40.7634 ], [ -106.6364, 40.7913 ], [ -106.6567, 40.852 ], [ -106.6922, 40.8881 ], [ -106.8001, 40.8962 ], [ -106.8506, 40.9261 ], [ -106.8585, 41.0025 ] ] ] } },
{ "type": "Feature", "properties": { "i": 44 }, "geometry": { "type": "Polygon", "coordinates": [ [ [ -102.0515, 40.4181 ], [ -102.0776, 40.4398 ], [ -102.7799, 40.4386 ], [ -102.7937, 40.3513 ], [ -102.7935, 40.0024 ], [ -102.8005, 39.8308 ], [ -102.8028, 39.5678 ], [ -103.1543, 39.5658 ], [ -103.1553, 39.1275 ], [ -103.1631, 39.1261 ], [ -103.1642, 38.6901 ], [ -103.1729, 38.6124 ], [ -103.0622, 38.6151 ], [ -102.6205, 38.6129 ], [ -102.0452, 38.6153 ], [ -102.0444, 38.2625 ], [ -101.7624, 38.2624 ], [ -101.1254, 38.2645 ], [ -101.1286, 38.7004 ], [ -100.9432, 38.6989 ], [ -100.4495, 38.6999 ], [ -100.1542, 38.6973 ], [ -100.1486, 39.1322 ], [ -99.6054, 39.1324 ], [ -99.6019, 39.5672 ], [ -99.6285, 39.5674 ], [ -99.6257, 40.0014 ], [ -100.1937, 40.0016 ], [ -100.1978, 40.35 ], [ -100.9067, 40.3495 ], [ -101.702, 40.3494 ], [ -102.0515, 40.3492 ], [ -102.0515, 40.4181 ] ] ] } },
{ "type": "Feature", "properties": { "i": 45 }, "geometry": { "type": "MultiPolygon", "coordinates": [ [ [ [ -87.0081, 45.2947 ], [ -87.1083, 45.2575 ], [ -87.146, 45.1922 ], [ -87.2298, 45.1735 ], [ -87.2821, 45.0485 ], [ -87.3216, 45.0378 ], [ -87.4061, 44.9042 ], [ -87.3761, 44.8298 ], [ -87.3133, 44.7942 ], [ -87.2614, 44.8506 ], [ -87.2045, 44.8756 ], [ -87.1749, 44.9277 ], [ -87.1894, 44.9686 ], [ -87.1394, 45.0126 ], [ -87.1234, 45.0668 ], [ -87.0575, 45.087 ], [ -87.0289, 45.2333 ], [ -86.9852, 45.2618 ], [ -87.0081, 45.2947 ] ] ], [ [ [ -86.9258, 45.3976 ], [ -86.9436, 45.3526 ], [ -86.8672, 45.3347 ], [ -86.841, 45.39 ], [ -86.9258, 45.3976 ] ] ], [ [ [ -87.5904, 45.0965 ], [ -87.6633, 45.1069 ], [ -87.7365, 45.1717 ], [ -87.6867, 45.3007 ], [ -87.6493, 45.3405 ], [ -87.6932, 45.3895 ], [ -87.755, 45.3482 ], [ -87.8544, 45.3491 ], [ -87.863, 45.4337 ], [ -87.8071, 45.4723 ], [ -87.8078, 45.5441 ], [ -87.7751, 45.6021 ], [ -87.827, 45.6609 ], [ -87.7821, 45.674 ], [ -87.8761, 45.7516 ], [ -87.9618, 45.7575 ], [ -87.9948, 45.7949 ], [ -88.1031, 45.7913 ], [ -88.1344, 45.8224 ], [ -88.071, 45.8739 ], [ -88.0962, 45.9168 ], [ -88.1466, 45.9363 ], [ -88.2939, 45.951 ], [ -88.3798, 45.9912 ], [ -88.4203, 45.9768 ], [ -88.5106, 46.0193 ], [ -88.6163, 45.9879 ], [ -88.74, 46.0271 ], [ -88.7803, 46.0156 ], [ -89.0916, 46.1385 ], [ -89.9297, 46.2998 ], [ -89.9288, 45.9833 ], [ -90.044, 45.9819 ], [ -90.0423, 45.3819 ], [ -90.045, 45.1203 ], [ -90.1978, 45.1205 ], [ -90.1975, 45.0336 ], [ -90.3148, 45.0338 ], [ -90.3155, 44.5231 ], [ -90.3181, 44.2492 ], [ -89.8301, 44.2492 ], [ -89.598, 44.2455 ], [ -89.598, 43.9822 ], [ -88.8862, 43.9833 ], [ -88.8856, 43.8953 ], [ -88.403, 43.8928 ], [ -88.4032, 43.938 ], [ -88.1616, 43.9374 ], [ -88.1619, 43.8914 ], [ -87.7307, 43.8938 ], [ -87.6955, 43.9896 ], [ -87.6656, 44.022 ], [ -87.6466, 44.1047 ], [ -87.544, 44.1567 ], [ -87.5084, 44.2297 ], [ -87.5454, 44.3214 ], [ -87.4681, 44.5519 ], [ -87.3435, 44.7192 ], [ -87.3138, 44.7938 ], [ -87.3898, 44.8311 ], [ -87.4201, 44.8762 ], [ -87.49, 44.854 ], [ -87.6101, 44.8384 ], [ -87.7194, 44.7265 ], [ -87.7198, 44.6932 ], [ -87.7654, 44.643 ], [ -87.8687, 44.6169 ], [ -87.9263, 44.5392 ], [ -87.9891, 44.5399 ], [ -88.0389, 44.576 ], [ -87.9865, 44.6822 ], [ -87.9918, 44.7073 ], [ -87.9004, 44.8199 ], [ -87.8254, 44.8865 ], [ -87.8399, 44.9273 ], [ -87.7626, 44.9656 ], [ -87.6301, 44.9836 ], [ -87.6258, 45.0447 ], [ -87.5904, 45.0965 ] ] ] ] } },
{ "type": "Feature", "properties": { "i": 46 }, "geometry": { "type": "Polygon", "coordinates": [ [ [ -84.6061, 43.8148 ], [ -84.6081, 44.1599 ], [ -85.1069, 44.1645 ], [ -85.8319, 44.1642 ], [ -86.1251, 44.1696 ], [ -86.3884, 44.1789 ], [ -86.4289, 44.1206 ], [ -86.5129, 44.0621 ], [ -86.4634, 43.9715 ], [ -86.4343, 43.8572 ], [ -86.4451, 43.7715 ], [ -86.5292, 43.6779 ], [ -86.5385, 43.6175 ], [ -86.4795, 43.5159 ], [ -86.4266, 43.3755 ], [ -86.2542, 43.0833 ], [ -86.2199, 42.9509 ], [ -86.2073, 42.7009 ], [ -86.2567, 42.4564 ], [ -86.2961, 42.3612 ], [ -86.3647, 42.2432 ], [ -86.2236, 42.2434 ], [ -86.223, 42.0715 ], [ -85.7822, 42.0693 ], [ -84.9997, 42.073 ], [ -84.7096, 42.0704 ], [ -84.3632, 42.0735 ], [ -84.1312, 42.0735 ], [ -84.1311, 42.4245 ], [ -84.1582, 42.7766 ], [ -84.3629, 42.776 ], [ -84.3673, 43.0379 ], [ -84.3701, 43.4661 ], [ -84.6076, 43.466 ], [ -84.6061, 43.8148 ] ] ] } },
{ "type": "Feature", "properties": { "i": 47 }, "geometry": { "type": "Polygon", "coordinates": [ [ [ -80.4973, 36.047 ], [ -80.9766, 36.0579 ], [ -81.0986, 36.0295 ], [ -81.1914, 36.0366 ], [ -81.2632, 36.0259 ], [ -81.3268, 35.9955 ], [ -81.4121, 36.0724 ], [ -81.4436, 36.0729 ], [ -81.5455, 36.1175 ], [ -81.6748, 36.1225 ], [ -81.8112, 36.1116 ], [ -81.8297, 36.1688 ], [ -81.8824, 36.19 ], [ -81.9113, 36.2293 ], [ -81.9178, 36.2862 ], [ -82.033, 36.1208 ], [ -82.128, 36.1042 ], [ -82.1494, 36.1493 ], [ -82.2219, 36.1565 ], [ -82.353, 36.1164 ], [ -82.4098, 36.0831 ], [ -82.4592, 36.01 ], [ -82.5587, 35.9543 ], [ -82.6097, 35.9671 ], [ -82.5912, 36.0316 ], [ -82.6349, 36.0657 ], [ -82.7851, 35.9878 ], [ -82.8195, 35.9227 ], [ -82.8741, 35.9525 ], [ -82.9151, 35.9294 ], [ -82.9017, 35.892 ], [ -82.962, 35.792 ], [ -82.996, 35.7732 ], [ -83.052, 35.789 ], [ -83.1584, 35.765 ], [ -83.1857, 35.7299 ], [ -83.2409, 35.7263 ], [ -83.3105, 35.6544 ], [ -83.334, 35.6654 ], [ -83.4852, 35.5685 ], [ -83.581, 35.5631 ], [ -83.6964, 35.57 ], [ -83.7717, 35.5621 ], [ -83.8231, 35.5256 ], [ -83.883, 35.5165 ], [ -83.9109, 35.4774 ], [ -83.9917, 35.4401 ], [ -84.0355, 35.3129 ], [ -84.0022, 35.234 ], [ -83.9442, 35.2199 ], [ -83.8309, 35.2556 ], [ -83.6967, 35.2256 ], [ -83.7385, 35.156 ], [ -83.6559, 35.1581 ], [ -83.5871, 35.0914 ], [ -83.5262, 35.0093 ], [ -83.5494, 34.9925 ], [ -83.5481, 34.9685 ], [ -83.5469, 34.9467 ], [ -83.5939, 34.9395 ], [ -83.5996, 34.9251 ], [ -83.5961, 34.9216 ], [ -83.6029, 34.9137 ], [ -83.6214, 34.9091 ], [ -83.6274, 34.9089 ], [ -83.6294, 34.9062 ], [ -83.6283, 34.8999 ], [ -83.6302, 34.8949 ], [ -83.6333, 34.894 ], [ -83.6445, 34.8905 ], [ -83.6558, 34.8723 ], [ -83.6567, 34.861 ], [ -83.6592, 34.8557 ], [ -83.6615, 34.8484 ], [ -83.6609, 34.843 ], [ -83.6593, 34.8378 ], [ -83.6592, 34.8346 ], [ -83.6568, 34.8264 ], [ -83.6538, 34.824 ], [ -83.6536, 34.8207 ], [ -83.6558, 34.8189 ], [ -83.6757, 34.8044 ], [ -83.6814, 34.8002 ], [ -83.6782, 34.7938 ], [ -83.67, 34.7889 ], [ -83.6632, 34.7849 ], [ -83.6586, 34.7812 ], [ -83.6531, 34.7778 ], [ -83.6335, 34.7675 ], [ -83.6289, 34.7635 ], [ -83.6298, 34.7576 ], [ -83.6322, 34.7531 ], [ -83.6279, 34.7469 ], [ -83.6254, 34.7434 ], [ -83.6329, 34.7206 ], [ -83.637, 34.7141 ], [ -83.6371, 34.7009 ], [ -83.6406, 34.6806 ], [ -83.6462, 34.6756 ], [ -83.6458, 34.6726 ], [ -83.6456, 34.6701 ], [ -83.6612, 34.6609 ], [ -83.6612, 34.6497 ], [ -83.6515, 34.6418 ], [ -83.6474, 34.6355 ], [ -83.6445, 34.6302 ], [ -83.6402, 34.6247 ], [ -83.6454, 34.604 ], [ -83.6434, 34.5995 ], [ -83.6387, 34.5918 ], [ -83.639, 34.5845 ], [ -83.6387, 34.5805 ], [ -83.6353, 34.5763 ], [ -83.6314, 34.5691 ], [ -83.6266, 34.561 ], [ -83.6158, 34.5538 ], [ -83.6171, 34.5465 ], [ -83.6172, 34.5422 ], [ -83.6268, 34.5365 ], [ -83.6325, 34.5331 ], [ -83.6506, 34.519 ], [ -83.6598, 34.514 ], [ -83.664, 34.5001 ], [ -83.6125, 34.4331 ], [ -83.609, 34.4396 ], [ -83.603, 34.446 ], [ -83.5992, 34.4471 ], [ -83.5926, 34.4497 ], [ -83.5497, 34.4858 ], [ -83.5409, 34.4887 ], [ -83.5381, 34.4909 ], [ -83.517, 34.4892 ], [ -83.5032, 34.4874 ], [ -83.4744, 34.4846 ], [ -83.4002, 34.4615 ], [ -83.3952, 34.4547 ], [ -83.3881, 34.4397 ], [ -83.385, 34.4319 ], [ -83.3836, 34.4301 ], [ -83.3829, 34.3925 ], [ -83.3871, 34.3795 ], [ -83.3929, 34.332 ], [ -83.3789, 34.308 ], [ -83.3769, 34.3056 ], [ -83.3536, 34.2798 ], [ -83.3396, 34.2641 ], [ -83.3386, 34.2626 ], [ -83.339, 34.2567 ], [ -83.3427, 34.2469 ], [ -83.3496, 34.2354 ], [ -83.354, 34.2283 ], [ -83.3449, 34.2354 ], [ -83.3281, 34.2489 ], [ -83.3225, 34.2506 ], [ -83.3152, 34.2539 ], [ -83.3138, 34.2584 ], [ -83.3081, 34.2591 ], [ -83.3059, 34.2602 ], [ -83.3005, 34.2637 ], [ -83.2913, 34.2607 ], [ -83.2886, 34.2556 ], [ -83.2839, 34.254 ], [ -83.2766, 34.2537 ], [ -83.2738, 34.2493 ], [ -83.264, 34.2475 ], [ -83.2597, 34.2474 ], [ -83.2528, 34.2465 ], [ -83.2267, 34.2453 ], [ -83.222, 34.2447 ], [ -83.2095, 34.2445 ], [ -83.2052, 34.247 ], [ -83.1991, 34.247 ], [ -83.1884, 34.2435 ], [ -83.1136, 34.2726 ], [ -83.1098, 34.2562 ], [ -83.0977, 34.2446 ], [ -83.0841, 34.2325 ], [ -83.0778, 34.2266 ], [ -83.0786, 34.2205 ], [ -83.0922, 34.2055 ], [ -83.0952, 34.2023 ], [ -83.0923, 34.19 ], [ -83.098, 34.1805 ], [ -83.1031, 34.1709 ], [ -83.1016, 34.1678 ], [ -83.0983, 34.1652 ], [ -83.0919, 34.1615 ], [ -83.0554, 34.1368 ], [ -83.0409, 34.1185 ], [ -83.0338, 34.1146 ], [ -83.0301, 34.0944 ], [ -83.0252, 34.0893 ], [ -83.0204, 34.0841 ], [ -83.0143, 34.0782 ], [ -83.005, 34.0779 ], [ -83.0021, 34.0708 ], [ -82.9852, 34.0501 ], [ -82.9703, 34.0413 ], [ -82.9674, 34.0408 ], [ -82.9492, 34.035 ], [ -82.9444, 34.0291 ], [ -82.9396, 34.0241 ], [ -82.9421, 34.0151 ], [ -82.9217, 34.0094 ], [ -82.915, 34.0079 ], [ -82.9129, 34.0121 ], [ -82.9105, 34.0117 ], [ -82.9065, 34.008 ], [ -82.9041, 34.0041 ], [ -82.9012, 34.0031 ], [ -82.8936, 34.0025 ], [ -82.8831, 34.001 ], [ -82.8803, 33.9974 ], [ -82.8746, 33.9941 ], [ -82.8685, 33.9921 ], [ -82.8638, 33.9841 ], [ -82.8482, 33.9827 ], [ -82.8418, 33.9874 ], [ -82.8298, 33.9882 ], [ -82.8207, 33.988 ], [ -82.8136, 33.9818 ], [ -82.7859, 33.9726 ], [ -82.7787, 33.9709 ], [ -82.7736, 33.9724 ], [ -82.7404, 33.9799 ], [ -82.7259, 33.9844 ], [ -82.7088, 33.9826 ], [ -82.6973, 33.9823 ], [ -82.6922, 33.983 ], [ -82.6693, 33.9854 ], [ -82.6651, 33.987 ], [ -82.6598, 33.9897 ], [ -82.656, 33.9907 ], [ -82.646, 33.9841 ], [ -82.5297, 34.0719 ], [ -82.4493, 34.0602 ], [ -82.327, 34.0641 ], [ -82.3062, 33.9718 ], [ -82.2449, 34.0186 ], [ -82.2208, 33.991 ], [ -82.0757, 33.9794 ], [ -82.0126, 33.9607 ], [ -81.928, 34.0767 ], [ -81.8708, 34.1297 ], [ -81.8966, 34.1463 ], [ -81.9286, 34.218 ], [ -81.8951, 34.3006 ], [ -81.7829, 34.365 ], [ -81.7227, 34.4491 ], [ -81.6389, 34.5276 ], [ -81.5527, 34.4761 ], [ -81.4212, 34.501 ], [ -81.4225, 34.5718 ], [ -80.8825, 34.5433 ], [ -80.8963, 34.6348 ], [ -80.8611, 34.6947 ], [ -80.8762, 34.788 ], [ -80.8986, 34.8261 ], [ -80.8792, 34.8636 ], [ -80.8693, 34.9506 ], [ -80.9092, 35.0165 ], [ -80.8923, 35.0617 ], [ -80.7821, 34.9351 ], [ -80.7969, 34.8198 ], [ -80.3204, 34.814 ], [ -80.2776, 35.1923 ], [ -80.3585, 35.1655 ], [ -80.4418, 35.1618 ], [ -80.5054, 35.1944 ], [ -80.4802, 35.2211 ], [ -80.2954, 35.5031 ], [ -80.182, 35.5043 ], [ -80.2079, 35.5795 ], [ -80.2843, 35.6338 ], [ -80.3689, 35.7163 ], [ -80.4558, 35.7366 ], [ -80.4721, 35.8251 ], [ -80.4272, 35.8346 ], [ -80.372, 35.8848 ], [ -80.378, 35.9622 ], [ -80.4633, 36.0623 ], [ -80.4973, 36.047 ] ] ] } },
{ "type": "Feature", "properties": { "i": 49 }, "geometry": { "type": "MultiPolygon", "coordinates": [ [ [ [ -69.7551, 43.879 ], [ -69.7831, 43.7962 ], [ -69.742, 43.7681 ], [ -69.7072, 43.8284 ], [ -69.7551, 43.879 ] ] ], [ [ [ -68.6182, 44.0937 ], [ -68.6621, 44.0761 ], [ -68.6613, 44.0167 ], [ -68.6154, 44.0099 ], [ -68.6182, 44.0937 ] ] ], [ [ [ -68.841, 44.1281 ], [ -68.9101, 44.1115 ], [ -68.8253, 44.0417 ], [ -68.7797, 44.0631 ], [ -68.8072, 44.1167 ], [ -68.841, 44.1281 ] ] ], [ [ [ -68.8159, 44.6848 ], [ -68.8967, 44.6918 ], [ -69.1835, 44.6441 ], [ -69.2052, 44.7296 ], [ -69.2668, 44.722 ], [ -69.2816, 44.8105 ], [ -69.3559, 45.0733 ], [ -69.4999, 45.0537 ], [ -69.5172, 45.0247 ], [ -69.6211, 45.0109 ], [ -69.7073, 45.2924 ], [ -69.698, 45.2948 ], [ -69.7781, 45.538 ], [ -69.7089, 45.5806 ], [ -69.7093, 45.6562 ], [ -69.7957, 45.7129 ], [ -69.7879, 45.7639 ], [ -69.7239, 45.7628 ], [ -69.6952, 45.864 ], [ -69.6506, 45.8658 ], [ -69.6847, 45.9818 ], [ -70.2602, 45.9608 ], [ -70.2588, 45.8912 ], [ -70.3424, 45.8516 ], [ -70.4167, 45.7952 ], [ -70.3842, 45.734 ], [ -70.4671, 45.705 ], [ -70.6444, 45.6069 ], [ -70.723, 45.5079 ], [ -70.6802, 45.4529 ], [ -70.6298, 45.4263 ], [ -70.6346, 45.3838 ], [ -70.712, 45.3905 ], [ -70.7976, 45.4263 ], [ -70.8115, 45.3038 ], [ -70.8847, 45.2349 ], [ -70.9532, 45.3389 ], [ -71.098, 45.3012 ], [ -71.1329, 45.2445 ], [ -71.2244, 45.252 ], [ -71.2995, 45.2968 ], [ -71.3565, 45.2539 ], [ -71.421, 45.2322 ], [ -71.3975, 45.2031 ], [ -71.4295, 45.1223 ], [ -71.4968, 45.0689 ], [ -71.5001, 45.0141 ], [ -71.5405, 44.9852 ], [ -71.495, 44.9109 ], [ -71.5495, 44.8626 ], [ -71.5735, 44.7921 ], [ -71.6269, 44.747 ], [ -71.5872, 44.6611 ], [ -71.5551, 44.6308 ], [ -71.5594, 44.5646 ], [ -71.5982, 44.4878 ], [ -71.6457, 44.4751 ], [ -71.7084, 44.4118 ], [ -71.794, 44.3993 ], [ -71.8155, 44.3542 ], [ -71.9057, 44.3483 ], [ -72.011, 44.3219 ], [ -72.0678, 44.271 ], [ -72.0483, 44.2384 ], [ -72.0655, 44.1892 ], [ -72.0428, 44.1607 ], [ -72.0337, 44.0783 ], [ -72.1164, 43.995 ], [ -72.1187, 43.922 ], [ -72.1876, 43.8567 ], [ -72.1835, 43.808 ], [ -72.2196, 43.7506 ], [ -72.3045, 43.6985 ], [ -72.3363, 43.5967 ], [ -72.3789, 43.5746 ], [ -72.3984, 43.5123 ], [ -72.3803, 43.49 ], [ -72.4146, 43.3643 ], [ -72.3957, 43.3144 ], [ -72.4338, 43.2337 ], [ -72.4528, 43.1399 ], [ -72.4353, 43.0867 ], [ -72.467, 43.0536 ], [ -72.4616, 42.9838 ], [ -72.5324, 42.9545 ], [ -72.5524, 42.8847 ], [ -72.5402, 42.8055 ], [ -72.4576, 42.7269 ], [ -71.7458, 42.7073 ], [ -71.2942, 42.6971 ], [ -71.2455, 42.7427 ], [ -71.1818, 42.7377 ], [ -71.1852, 42.7917 ], [ -71.1325, 42.8215 ], [ -71.0661, 42.8067 ], [ -71.03, 42.8593 ], [ -70.9274, 42.8856 ], [ -70.8493, 42.8615 ], [ -70.8173, 42.8717 ], [ -70.8103, 42.9083 ], [ -70.7036, 43.0585 ], [ -70.6731, 43.0703 ], [ -70.576, 43.2219 ], [ -70.5959, 43.2479 ], [ -70.5618, 43.3139 ], [ -70.5143, 43.3465 ], [ -70.4661, 43.3405 ], [ -70.3658, 43.4385 ], [ -70.3856, 43.4969 ], [ -70.3459, 43.5393 ], [ -70.2755, 43.561 ], [ -70.1973, 43.5648 ], [ -70.2082, 43.6227 ], [ -70.2558, 43.6997 ], [ -70.12, 43.8047 ], [ -70.0178, 43.8605 ], [ -69.9527, 43.8507 ], [ -69.8641, 43.8713 ], [ -69.8501, 43.8329 ], [ -69.876, 43.7933 ], [ -69.8353, 43.7211 ], [ -69.7923, 43.793 ], [ -69.7892, 43.9116 ], [ -69.6874, 43.8875 ], [ -69.6644, 43.8521 ], [ -69.5781, 43.8293 ], [ -69.5942, 43.9301 ], [ -69.524, 43.878 ], [ -69.4597, 43.9031 ], [ -69.443, 43.9689 ], [ -69.3661, 43.9883 ], [ -69.285, 43.9601 ], [ -69.2568, 43.9223 ], [ -69.1914, 43.9591 ], [ -69.1916, 43.9835 ], [ -69.0738, 44.0461 ], [ -69.051, 44.0949 ], [ -69.0813, 44.1571 ], [ -68.9957, 44.2977 ], [ -68.9481, 44.3555 ], [ -68.9726, 44.4265 ], [ -68.8979, 44.453 ], [ -68.8345, 44.4567 ], [ -68.8062, 44.5058 ], [ -68.8151, 44.5784 ], [ -68.847, 44.6255 ], [ -68.8159, 44.6848 ] ] ] ] } },
{ "type": "Feature", "properties": { "i": 50 }, "geometry": { "type": "MultiPolygon", "coordinates": [ [ [ [ -155.8506, 20.2681 ], [ -155.8979, 20.2345 ], [ -155.8919, 20.1242 ], [ -155.8256, 20.0323 ], [ -155.8287, 19.9821 ], [ -155.8919, 19.9238 ], [ -155.9239, 19.8559 ], [ -155.9725, 19.8483 ], [ -156.0502, 19.7726 ], [ -156.0491, 19.7005 ], [ -156.0268, 19.6471 ], [ -155.9953, 19.6398 ], [ -155.9666, 19.5805 ], [ -155.9594, 19.5134 ], [ -155.928, 19.4818 ], [ -155.8844, 19.3328 ], [ -155.9184, 19.1145 ], [ -155.8814, 19.0358 ], [ -155.7991, 19.0107 ], [ -155.6573, 18.9208 ], [ -155.601, 18.9677 ], [ -155.5517, 19.0514 ], [ -155.5553, 19.079 ], [ -155.5116, 19.1294 ], [ -155.4549, 19.1468 ], [ -155.4245, 19.1764 ], [ -155.3581, 19.2058 ], [ -155.3002, 19.2596 ], [ -155.2611, 19.2711 ], [ -155.1937, 19.2581 ], [ -155.1311, 19.273 ], [ -155.0681, 19.3131 ], [ -154.975, 19.3488 ], [ -154.8204, 19.4781 ], [ -154.8108, 19.5259 ], [ -154.8671, 19.548 ], [ -154.9812, 19.6385 ], [ -154.9787, 19.6885 ], [ -155.0039, 19.7361 ], [ -155.0908, 19.7346 ], [ -155.083, 19.836 ], [ -155.1419, 19.9175 ], [ -155.214, 19.9757 ], [ -155.2935, 20.0213 ], [ -155.4556, 20.0982 ], [ -155.5592, 20.1282 ], [ -155.5965, 20.1219 ], [ -155.6514, 20.1642 ], [ -155.7305, 20.2026 ], [ -155.7652, 20.2413 ], [ -155.8506, 20.2681 ] ] ], [ [ [ -156.5726, 20.6033 ], [ -156.6984, 20.5333 ], [ -156.6804, 20.5036 ], [ -156.5672, 20.5163 ], [ -156.539, 20.5755 ], [ -156.5726, 20.6033 ] ] ], [ [ [ -156.983, 20.9276 ], [ -157.0566, 20.9103 ], [ -157.0522, 20.873 ], [ -157.0037, 20.8465 ], [ -156.9882, 20.7726 ], [ -156.9624, 20.732 ], [ -156.8354, 20.762 ], [ -156.8069, 20.806 ], [ -156.832, 20.8588 ], [ -156.9159, 20.9194 ], [ -156.983, 20.9276 ] ] ], [ [ [ -156.6023, 21.0315 ], [ -156.6397, 21.025 ], [ -156.6924, 20.9478 ], [ -156.688, 20.8831 ], [ -156.6233, 20.8088 ], [ -156.536, 20.7744 ], [ -156.4974, 20.7969 ], [ -156.4632, 20.7812 ], [ -156.4471, 20.7167 ], [ -156.4358, 20.5982 ], [ -156.3754, 20.5754 ], [ -156.3001, 20.5831 ], [ -156.2122, 20.6244 ], [ -156.1351, 20.6213 ], [ -156.0458, 20.6531 ], [ -155.9881, 20.7094 ], [ -156.0006, 20.7913 ], [ -156.1132, 20.8242 ], [ -156.2263, 20.9138 ], [ -156.3227, 20.9463 ], [ -156.3853, 20.9159 ], [ -156.4785, 20.8951 ], [ -156.5438, 21.0016 ], [ -156.6023, 21.0315 ] ] ], [ [ [ -157.2534, 21.2241 ], [ -157.2487, 21.1869 ], [ -157.3108, 21.1026 ], [ -157.2468, 21.0854 ], [ -157.0764, 21.1026 ], [ -156.8829, 21.0467 ], [ -156.8026, 21.0669 ], [ -156.7113, 21.1479 ], [ -156.7397, 21.1731 ], [ -156.9009, 21.1611 ], [ -156.942, 21.1718 ], [ -157.1899, 21.2045 ], [ -157.2534, 21.2241 ] ] ], [ [ [ -157.9842, 21.7125 ], [ -158.0575, 21.66 ], [ -158.1237, 21.5833 ], [ -158.2535, 21.5792 ], [ -158.2297, 21.532 ], [ -158.2308, 21.4828 ], [ -158.1908, 21.4463 ], [ -158.1787, 21.4065 ], [ -158.1363, 21.369 ], [ -158.1007, 21.2948 ], [ -157.9766, 21.3168 ], [ -157.9067, 21.3027 ], [ -157.8945, 21.3251 ], [ -157.8185, 21.2575 ], [ -157.6511, 21.2989 ], [ -157.7062, 21.3503 ], [ -157.74, 21.4058 ], [ -157.7999, 21.4243 ], [ -157.8445, 21.4705 ], [ -157.8345, 21.5272 ], [ -157.9212, 21.6262 ], [ -157.9179, 21.6487 ], [ -157.9842, 21.7125 ] ] ], [ [ [ -160.0888, 22.0026 ], [ -160.1247, 21.9524 ], [ -160.1875, 21.9225 ], [ -160.2256, 21.8874 ], [ -160.247, 21.812 ], [ -160.2157, 21.7809 ], [ -160.1416, 21.8713 ], [ -160.0734, 21.9 ], [ -160.0831, 21.9235 ], [ -160.0546, 21.9917 ], [ -160.0888, 22.0026 ] ] ], [ [ [ -159.4023, 22.2329 ], [ -159.477, 22.2302 ], [ -159.5181, 22.2145 ], [ -159.5814, 22.2235 ], [ -159.6736, 22.1656 ], [ -159.7231, 22.1499 ], [ -159.7456, 22.0972 ], [ -159.7839, 22.065 ], [ -159.7884, 22.028 ], [ -159.7572, 21.9781 ], [ -159.6693, 21.9539 ], [ -159.6353, 21.914 ], [ -159.5519, 21.8872 ], [ -159.4436, 21.8685 ], [ -159.3915, 21.9013 ], [ -159.3318, 21.9584 ], [ -159.3343, 22.0499 ], [ -159.2979, 22.1037 ], [ -159.2933, 22.1414 ], [ -159.3479, 22.2132 ], [ -159.4023, 22.2329 ] ] ] ] } },
{ "type": "Feature", "properties": { "i": 51 }, "geometry": { "type": "MultiPolygon", "coordinates": [ [ [ [ -95.6986, 28.7264 ], [ -95.8265, 28.6799 ], [ -95.8125, 28.6649 ], [ -95.6986, 28.7264 ] ] ], [ [ [ -94.731, 29.338 ], [ -94.8712, 29.2904 ], [ -94.92, 29.255 ], [ -94.9994, 29.1648 ], [ -94.7861, 29.2907 ], [ -94.731, 29.338 ] ] ], [ [ [ -94.5051, 29.5101 ], [ -94.5127, 29.5161 ], [ -94.6812, 29.4537 ], [ -94.7783, 29.3752 ], [ -94.7308, 29.3694 ], [ -94.6942, 29.4156 ], [ -94.5051, 29.5101 ] ] ], [ [ [ -94.5615, 31.0599 ], [ -94.6151, 31.0846 ], [ -94.7518, 31.1064 ], [ -94.8406, 31.1436 ], [ -94.8589, 31.2211 ], [ -94.9099, 31.3364 ], [ -94.9529, 31.3416 ], [ -94.9537, 31.3848 ], [ -95.0163, 31.4461 ], [ -95.1099, 31.4851 ], [ -95.1037, 31.5229 ], [ -95.1431, 31.5398 ], [ -95.1733, 31.5852 ], [ -95.256, 31.5756 ], [ -95.2742, 31.5929 ], [ -95.6508, 31.542 ], [ -95.7372, 31.5051 ], [ -95.7112, 31.4208 ], [ -95.6754, 31.3657 ], [ -95.6713, 31.296 ], [ -95.7249, 31.2714 ], [ -95.7478, 31.2079 ], [ -95.7283, 31.1621 ], [ -95.7733, 31.139 ], [ -95.7643, 31.0937 ], [ -95.9734, 31.0922 ], [ -96.0483, 31.0684 ], [ -96.1724, 30.9941 ], [ -96.2626, 30.9645 ], [ -96.3487, 30.9118 ], [ -96.3874, 30.8638 ], [ -96.4591, 30.7434 ], [ -96.5634, 30.6973 ], [ -96.6256, 30.7285 ], [ -96.9633, 30.557 ], [ -96.9164, 30.5349 ], [ -96.868, 30.4339 ], [ -96.7702, 30.3652 ], [ -96.7538, 30.3299 ], [ -96.688, 30.3178 ], [ -96.6622, 30.2789 ], [ -96.7344, 30.2404 ], [ -96.7421, 30.1979 ], [ -96.7942, 30.1603 ], [ -96.7664, 30.1389 ], [ -96.6834, 30.151 ], [ -96.6336, 30.1053 ], [ -96.6215, 30.0446 ], [ -96.5701, 29.962 ], [ -96.7166, 29.7932 ], [ -96.8691, 29.6379 ], [ -96.833, 29.5771 ], [ -96.7938, 29.5772 ], [ -96.5606, 29.3354 ], [ -96.9386, 29.0632 ], [ -96.8324, 29.0211 ], [ -96.8016, 28.9353 ], [ -96.7154, 28.8586 ], [ -96.7226, 28.8215 ], [ -96.6445, 28.7114 ], [ -96.5736, 28.7055 ], [ -96.5635, 28.7052 ], [ -96.5628, 28.7052 ], [ -96.529, 28.7056 ], [ -96.5283, 28.7056 ], [ -96.4285, 28.7055 ], [ -96.3914, 28.6746 ], [ -96.3236, 28.6756 ], [ -96.3243, 28.6419 ], [ -96.2647, 28.692 ], [ -96.1907, 28.6894 ], [ -96.2313, 28.6441 ], [ -96.2153, 28.6115 ], [ -96.1625, 28.6125 ], [ -96.074, 28.6378 ], [ -95.9139, 28.7104 ], [ -95.7806, 28.7493 ], [ -95.7288, 28.7401 ], [ -95.6262, 28.767 ], [ -95.5487, 28.8061 ], [ -95.4821, 28.8613 ], [ -95.3801, 28.8752 ], [ -95.2347, 29.021 ], [ -95.1976, 29.1108 ], [ -95.1535, 29.1514 ], [ -95.1523, 29.1864 ], [ -95.0935, 29.1786 ], [ -95.0368, 29.2101 ], [ -94.941, 29.3098 ], [ -94.8912, 29.3159 ], [ -94.8908, 29.4334 ], [ -94.9305, 29.4496 ], [ -94.9099, 29.4941 ], [ -94.978, 29.5097 ], [ -95.0152, 29.54 ], [ -94.9826, 29.6017 ], [ -95.0159, 29.6373 ], [ -94.9434, 29.6983 ], [ -94.9154, 29.6566 ], [ -94.8726, 29.6712 ], [ -94.8161, 29.7567 ], [ -94.7412, 29.7868 ], [ -94.6891, 29.7513 ], [ -94.7061, 29.6285 ], [ -94.7536, 29.5611 ], [ -94.763, 29.5245 ], [ -94.5457, 29.5717 ], [ -94.4991, 29.506 ], [ -94.3541, 29.5605 ], [ -94.358, 29.8875 ], [ -94.4422, 29.887 ], [ -94.4451, 30.1093 ], [ -94.5963, 30.1121 ], [ -94.7315, 30.4868 ], [ -94.5507, 30.491 ], [ -94.5394, 30.5002 ], [ -94.6573, 31.0123 ], [ -94.5615, 31.0599 ] ] ] ] } },
{ "type": "Feature", "properties": { "i": 52 }, "geometry": { "type": "Polygon", "coordinates": [ [ [ -118.7752, 37.4634 ], [ -118.7964, 37.4886 ], [ -118.8562, 37.4805 ], [ -118.9178, 37.5502 ], [ -119.0201, 37.5836 ], [ -119.0658, 37.6847 ], [ -119.1147, 37.7283 ], [ -119.2686, 37.7385 ], [ -119.2031, 37.7953 ], [ -119.2016, 37.8839 ], [ -119.3085, 37.9473 ], [ -119.3049, 38.0246 ], [ -119.3468, 38.0835 ], [ -119.5765, 38.1576 ], [ -119.5973, 38.1822 ], [ -119.6014, 38.1772 ], [ -119.6053, 38.1747 ], [ -119.6079, 38.1734 ], [ -119.6172, 38.1675 ], [ -119.6188, 38.1641 ], [ -119.6256, 38.1604 ], [ -119.642, 38.1475 ], [ -119.6484, 38.1454 ], [ -119.6533, 38.143 ], [ -119.6726, 38.1396 ], [ -119.6874, 38.1347 ], [ -119.6932, 38.131 ], [ -119.698, 38.1268 ], [ -119.7056, 38.1244 ], [ -119.7106, 38.1212 ], [ -119.7135, 38.1202 ], [ -119.716, 38.1186 ], [ -119.7172, 38.1128 ], [ -119.7223, 38.1084 ], [ -119.7256, 38.1069 ], [ -119.7386, 38.0973 ], [ -119.7423, 38.0983 ], [ -119.7523, 38.0963 ], [ -119.7549, 38.096 ], [ -119.7658, 38.0933 ], [ -119.7688, 38.092 ], [ -119.7739, 38.0927 ], [ -119.7788, 38.0948 ], [ -119.7844, 38.0947 ], [ -119.7878, 38.0941 ], [ -119.7936, 38.0907 ], [ -119.7986, 38.0887 ], [ -119.806, 38.0909 ], [ -119.8141, 38.0958 ], [ -119.8458, 38.0818 ], [ -119.8533, 38.0738 ], [ -119.8563, 38.0709 ], [ -119.8612, 38.0672 ], [ -119.8638, 38.065 ], [ -119.8667, 38.048 ], [ -119.8724, 38.0402 ], [ -119.882, 38.0311 ], [ -119.878, 38.0181 ], [ -119.8815, 38.0099 ], [ -119.8818, 38.0036 ], [ -119.885, 37.9857 ], [ -119.8855, 37.9696 ], [ -119.8848, 37.9258 ], [ -119.8843, 37.8923 ], [ -119.8467, 37.8923 ], [ -119.8262, 37.8824 ], [ -119.8268, 37.8678 ], [ -119.8338, 37.833 ], [ -119.8368, 37.833 ], [ -119.8453, 37.8239 ], [ -119.8456, 37.8186 ], [ -119.8546, 37.8146 ], [ -119.8599, 37.812 ], [ -119.8729, 37.8007 ], [ -119.8708, 37.7838 ], [ -119.8641, 37.783 ], [ -119.861, 37.7828 ], [ -119.8624, 37.7692 ], [ -119.8645, 37.7721 ], [ -119.8706, 37.7733 ], [ -119.8732, 37.7695 ], [ -119.873, 37.7667 ], [ -119.8778, 37.763 ], [ -119.892, 37.7618 ], [ -119.9017, 37.7583 ], [ -119.91, 37.76 ], [ -119.927, 37.7644 ], [ -119.9384, 37.763 ], [ -119.9446, 37.7652 ], [ -119.9512, 37.771 ], [ -119.9542, 37.7727 ], [ -119.9591, 37.7768 ], [ -119.9634, 37.781 ], [ -119.9692, 37.7836 ], [ -119.9726, 37.7845 ], [ -119.9782, 37.7879 ], [ -119.9848, 37.7906 ], [ -120.0074, 37.8019 ], [ -120.0131, 37.8038 ], [ -120.0157, 37.8056 ], [ -120.0183, 37.807 ], [ -120.0463, 37.8132 ], [ -120.0512, 37.812 ], [ -120.0551, 37.8158 ], [ -120.0559, 37.8186 ], [ -120.0591, 37.8248 ], [ -120.0757, 37.8275 ], [ -120.0816, 37.8281 ], [ -120.0844, 37.8265 ], [ -120.086, 37.8233 ], [ -120.09, 37.8222 ], [ -120.0915, 37.8155 ], [ -120.0894, 37.8123 ], [ -120.0989, 37.807 ], [ -120.1009, 37.8021 ], [ -120.1189, 37.7898 ], [ -120.1263, 37.7827 ], [ -120.1467, 37.786 ], [ -120.1538, 37.7882 ], [ -120.1645, 37.7892 ], [ -120.1698, 37.7935 ], [ -120.1719, 37.795 ], [ -120.1759, 37.7979 ], [ -120.1776, 37.7955 ], [ -120.1827, 37.7945 ], [ -120.2005, 37.7637 ], [ -120.2067, 37.7632 ], [ -120.2212, 37.7629 ], [ -120.2393, 37.7611 ], [ -120.2407, 37.7586 ], [ -120.2397, 37.7536 ], [ -120.246, 37.7503 ], [ -120.2497, 37.7502 ], [ -120.2576, 37.7446 ], [ -120.2611, 37.7401 ], [ -120.2585, 37.7349 ], [ -120.2604, 37.7336 ], [ -120.2669, 37.736 ], [ -120.269, 37.737 ], [ -120.2725, 37.7379 ], [ -120.2782, 37.7414 ], [ -120.2827, 37.7443 ], [ -120.2855, 37.7414 ], [ -120.2844, 37.7333 ], [ -120.291, 37.7312 ], [ -120.2991, 37.7337 ], [ -120.3023, 37.7343 ], [ -120.3147, 37.7337 ], [ -120.3192, 37.7289 ], [ -120.3264, 37.7268 ], [ -120.3286, 37.7283 ], [ -120.3339, 37.7281 ], [ -120.3357, 37.727 ], [ -120.3389, 37.7268 ], [ -120.3428, 37.723 ], [ -120.3394, 37.7127 ], [ -120.3305, 37.7 ], [ -120.3274, 37.695 ], [ -120.3256, 37.692 ], [ -120.3209, 37.687 ], [ -120.3182, 37.683 ], [ -120.3161, 37.6795 ], [ -120.3119, 37.6745 ], [ -120.3089, 37.6641 ], [ -120.3114, 37.6597 ], [ -120.3114, 37.6548 ], [ -120.315, 37.6532 ], [ -120.3332, 37.656 ], [ -120.3377, 37.6597 ], [ -120.3482, 37.6711 ], [ -120.3557, 37.6755 ], [ -120.3618, 37.6732 ], [ -120.3624, 37.6752 ], [ -120.3665, 37.6801 ], [ -120.3801, 37.6816 ], [ -120.386, 37.6845 ], [ -120.3904, 37.6834 ], [ -120.3933, 37.6755 ], [ -120.3949, 37.6721 ], [ -120.3908, 37.6666 ], [ -120.3894, 37.6641 ], [ -120.3871, 37.6616 ], [ -120.3818, 37.6571 ], [ -120.3796, 37.6569 ], [ -120.3756, 37.6533 ], [ -120.3779, 37.6467 ], [ -120.3839, 37.6379 ], [ -120.3861, 37.6348 ], [ -120.4097, 37.625 ], [ -120.4349, 37.6151 ], [ -120.4472, 37.6103 ], [ -120.4496, 37.6094 ], [ -120.461, 37.6049 ], [ -120.4775, 37.5985 ], [ -120.4907, 37.5933 ], [ -120.5187, 37.5826 ], [ -120.5249, 37.5801 ], [ -120.5503, 37.5701 ], [ -120.5624, 37.5654 ], [ -120.5794, 37.5587 ], [ -120.6358, 37.5364 ], [ -120.6557, 37.5287 ], [ -120.6697, 37.5233 ], [ -120.6819, 37.5185 ], [ -120.7405, 37.4957 ], [ -120.7485, 37.4925 ], [ -120.7532, 37.491 ], [ -120.7671, 37.4854 ], [ -120.7759, 37.4818 ], [ -120.7995, 37.4732 ], [ -120.8409, 37.4565 ], [ -120.8586, 37.4505 ], [ -120.8667, 37.447 ], [ -120.9034, 37.4333 ], [ -120.9165, 37.4279 ], [ -120.9253, 37.4243 ], [ -120.9516, 37.4124 ], [ -120.959, 37.4095 ], [ -120.9692, 37.4055 ], [ -120.984, 37.3996 ], [ -120.9825, 37.3857 ], [ -120.9832, 37.3764 ], [ -120.9735, 37.3693 ], [ -120.9716, 37.3484 ], [ -120.9709, 37.3401 ], [ -120.9724, 37.3388 ], [ -120.9862, 37.3283 ], [ -121.0253, 37.2964 ], [ -121.0365, 37.2874 ], [ -121.0485, 37.2777 ], [ -121.0926, 37.243 ], [ -121.1062, 37.2318 ], [ -121.1095, 37.2292 ], [ -121.1305, 37.2123 ], [ -121.1898, 37.1647 ], [ -121.2006, 37.1559 ], [ -121.2081, 37.15 ], [ -121.2218, 37.1389 ], [ -121.2268, 37.1347 ], [ -121.2429, 37.0925 ], [ -121.2102, 37.0672 ], [ -121.2459, 36.983 ], [ -121.2123, 36.957 ], [ -121.1386, 36.8354 ], [ -120.9347, 36.7523 ], [ -120.6037, 36.4882 ], [ -120.5982, 36.3283 ], [ -120.6628, 36.3142 ], [ -120.6816, 36.2508 ], [ -120.6275, 36.2035 ], [ -120.6669, 36.1379 ], [ -120.6404, 36.1017 ], [ -120.4498, 35.9881 ], [ -120.3629, 35.9654 ], [ -120.3219, 35.9076 ], [ -120.2442, 35.8784 ], [ -120.2589, 35.8453 ], [ -120.2152, 35.7897 ], [ -120.194, 35.7892 ], [ -120.1939, 35.6143 ], [ -120.0868, 35.6145 ], [ -120.0866, 35.5279 ], [ -119.9974, 35.4687 ], [ -119.997, 35.44 ], [ -119.88, 35.4391 ], [ -119.8799, 35.3512 ], [ -119.8093, 35.3509 ], [ -119.8095, 35.2637 ], [ -119.6667, 35.2621 ], [ -119.6671, 35.1751 ], [ -119.554, 35.18 ], [ -119.5609, 35.0889 ], [ -119.4727, 35.0769 ], [ -119.4728, 34.9012 ], [ -119.3831, 34.9009 ], [ -119.3819, 34.8797 ], [ -119.278, 34.8797 ], [ -119.2436, 34.8576 ], [ -119.2436, 34.8142 ], [ -118.9767, 34.8122 ], [ -118.8945, 34.8177 ], [ -118.4487, 34.8177 ], [ -117.6673, 34.8225 ], [ -117.6321, 34.8201 ], [ -117.632, 34.8241 ], [ -117.6318, 34.8354 ], [ -117.6318, 34.8906 ], [ -117.6322, 34.9921 ], [ -117.6332, 35.0926 ], [ -117.631, 35.1046 ], [ -117.6301, 35.5641 ], [ -117.633, 35.7972 ], [ -117.9245, 35.7981 ], [ -118.008, 35.7894 ], [ -118.0055, 35.8627 ], [ -117.9827, 35.8956 ], [ -118.0036, 35.9837 ], [ -118.0315, 36.0073 ], [ -118.0733, 36.1382 ], [ -118.0615, 36.1738 ], [ -118.1067, 36.2156 ], [ -118.1265, 36.2998 ], [ -118.0986, 36.3324 ], [ -118.1568, 36.3956 ], [ -118.157, 36.4323 ], [ -118.213, 36.4334 ], [ -118.2522, 36.5419 ], [ -118.2905, 36.5586 ], [ -118.2944, 36.6057 ], [ -118.3644, 36.6937 ], [ -118.374, 36.7997 ], [ -118.3608, 36.8858 ], [ -118.4371, 37.0598 ], [ -118.4679, 37.0673 ], [ -118.5918, 37.1373 ], [ -118.6541, 37.142 ], [ -118.6815, 37.2048 ], [ -118.666, 37.2606 ], [ -118.7158, 37.3279 ], [ -118.7866, 37.3439 ], [ -118.7752, 37.4634 ] ] ] } },
{ "type": "Feature", "properties": { "i": 53 }, "geometry": { "type": "Polygon", "coordinates": [ [ [ -85.873, 35.2235 ], [ -85.9136, 35.289 ], [ -86.0024, 35.3149 ], [ -86.0366, 35.3437 ], [ -86.1577, 35.3626 ], [ -86.1939, 35.3445 ], [ -86.2585, 35.358 ], [ -86.2609, 35.4043 ], [ -86.4576, 35.3268 ], [ -86.4852, 35.36 ], [ -86.5323, 35.3516 ], [ -86.5845, 35.3706 ], [ -86.6025, 35.3276 ], [ -86.6718, 35.3091 ], [ -86.7469, 35.2529 ], [ -86.8278, 35.2636 ], [ -86.8368, 34.9919 ], [ -87.4286, 35.0028 ], [ -87.9853, 35.0059 ], [ -88.2023, 35.0077 ], [ -88.1569, 34.9257 ], [ -88.0987, 34.8931 ], [ -88.1184, 34.7247 ], [ -88.1732, 34.3216 ], [ -88.0078, 34.315 ], [ -87.2864, 34.2993 ], [ -87.1099, 34.3001 ], [ -87.1097, 33.9564 ], [ -87.0816, 33.89 ], [ -87.0071, 33.8889 ], [ -86.9317, 33.8678 ], [ -86.9246, 33.9088 ], [ -86.763, 33.9755 ], [ -86.6867, 34.0798 ], [ -86.6007, 34.1194 ], [ -86.5186, 34.2522 ], [ -86.4523, 34.2595 ], [ -86.4083, 34.2043 ], [ -86.303, 34.0997 ], [ -86.1937, 34.1813 ], [ -86.1061, 34.2007 ], [ -85.8436, 34.1996 ], [ -85.8409, 34.2436 ], [ -85.7742, 34.2592 ], [ -85.6376, 34.3664 ], [ -85.5797, 34.44 ], [ -85.5765, 34.4838 ], [ -85.5139, 34.5247 ], [ -85.516, 34.5364 ], [ -85.5181, 34.547 ], [ -85.5189, 34.5509 ], [ -85.5262, 34.5839 ], [ -85.5338, 34.6224 ], [ -85.5393, 34.6479 ], [ -85.5484, 34.6893 ], [ -85.5505, 34.699 ], [ -85.5524, 34.7078 ], [ -85.5588, 34.7379 ], [ -85.5674, 34.7798 ], [ -85.5745, 34.8155 ], [ -85.5762, 34.8239 ], [ -85.5851, 34.8709 ], [ -85.5922, 34.9087 ], [ -85.5952, 34.9243 ], [ -85.5969, 34.9333 ], [ -85.5988, 34.9448 ], [ -85.6001, 34.9558 ], [ -85.6038, 34.977 ], [ -85.6043, 34.9847 ], [ -85.8609, 34.9882 ], [ -85.8633, 35.2098 ], [ -85.873, 35.2235 ] ] ] } },
{ "type": "Feature", "properties": { "i": 54 }, "geometry": { "type": "Polygon", "coordinates": [ [ [ -97.9304, 39.2194 ], [ -98.49, 39.2202 ], [ -98.4899, 39.1327 ], [ -99.0368, 39.1331 ], [ -99.0426, 38.6969 ], [ -99.0329, 38.6968 ], [ -99.0314, 38.2612 ], [ -98.4724, 38.2607 ], [ -98.4724, 37.8246 ], [ -98.4649, 37.8246 ], [ -98.4649, 37.3841 ], [ -98.3497, 37.384 ], [ -98.3472, 36.998 ], [ -97.4369, 36.9987 ], [ -96.75, 36.999 ], [ -96.0008, 36.9989 ], [ -95.4077, 36.9992 ], [ -95.0735, 36.9997 ], [ -95.075, 37.3801 ], [ -95.0885, 37.3838 ], [ -95.0878, 37.8199 ], [ -95.0777, 38.0377 ], [ -95.5651, 38.0382 ], [ -95.9593, 38.0404 ], [ -95.9591, 38.1711 ], [ -96.3572, 38.1727 ], [ -96.3538, 38.5218 ], [ -96.93, 38.5225 ], [ -96.9303, 38.6097 ], [ -97.372, 38.6093 ], [ -97.3721, 38.9579 ], [ -97.9289, 38.9582 ], [ -97.9304, 39.2194 ] ] ] } },
{ "type": "Feature", "properties": { "i": 55 }, "geometry": { "type": "Polygon", "coordinates": [ [ [ -78.113, 34.7215 ], [ -78.2527, 34.562 ], [ -78.3038, 34.6029 ], [ -78.3258, 34.6688 ], [ -78.3731, 34.7007 ], [ -78.4952, 34.8558 ], [ -78.5334, 34.8509 ], [ -78.8429, 34.8474 ], [ -78.9013, 34.8343 ], [ -78.9301, 34.8908 ], [ -79.0349, 34.954 ], [ -79.1906, 34.834 ], [ -79.3488, 34.8383 ], [ -79.3316, 34.7729 ], [ -79.4616, 34.6303 ], [ -79.6753, 34.8047 ], [ -79.9303, 34.8062 ], [ -79.8523, 34.6715 ], [ -79.8159, 34.6582 ], [ -79.8031, 34.6095 ], [ -79.8287, 34.5339 ], [ -79.8848, 34.4915 ], [ -80.0468, 34.492 ], [ -80.289, 34.3666 ], [ -80.244, 34.3243 ], [ -80.1752, 34.3293 ], [ -80.1349, 34.2836 ], [ -80.1133, 34.1967 ], [ -80.1573, 34.1609 ], [ -80.0842, 34.0913 ], [ -80.0323, 34.0765 ], [ -79.9903, 34.0393 ], [ -79.8973, 33.9862 ], [ -79.9744, 33.9464 ], [ -79.9468, 33.8868 ], [ -79.8757, 33.8849 ], [ -79.9153, 33.8187 ], [ -79.9955, 33.7678 ], [ -79.9754, 33.7216 ], [ -80.0213, 33.6451 ], [ -80.0545, 33.5825 ], [ -80.0759, 33.5441 ], [ -80.0984, 33.5029 ], [ -80.1001, 33.5002 ], [ -80.1019, 33.4969 ], [ -80.1011, 33.497 ], [ -80.1, 33.4974 ], [ -80.0989, 33.4985 ], [ -80.098, 33.4995 ], [ -80.0968, 33.4998 ], [ -80.0955, 33.4993 ], [ -80.0956, 33.4978 ], [ -80.0967, 33.4958 ], [ -80.0959, 33.4954 ], [ -80.0948, 33.4958 ], [ -80.0938, 33.4965 ], [ -80.0931, 33.498 ], [ -80.0931, 33.4989 ], [ -80.0934, 33.5002 ], [ -80.0941, 33.5016 ], [ -80.0942, 33.5019 ], [ -80.0938, 33.503 ], [ -80.0934, 33.5033 ], [ -80.0923, 33.5033 ], [ -80.0915, 33.5032 ], [ -80.0871, 33.5002 ], [ -80.0868, 33.5 ], [ -80.0865, 33.4999 ], [ -80.086, 33.4999 ], [ -80.0855, 33.4998 ], [ -80.0849, 33.4999 ], [ -80.0844, 33.5002 ], [ -80.0839, 33.501 ], [ -80.0835, 33.5021 ], [ -80.0832, 33.5029 ], [ -80.0822, 33.5057 ], [ -80.0814, 33.5065 ], [ -80.0799, 33.5069 ], [ -80.0787, 33.5069 ], [ -80.0777, 33.5067 ], [ -80.0755, 33.5066 ], [ -80.0735, 33.5072 ], [ -80.0707, 33.5066 ], [ -80.0646, 33.5057 ], [ -80.0575, 33.5056 ], [ -80.0552, 33.5056 ], [ -80.0534, 33.5057 ], [ -80.0515, 33.5062 ], [ -80.0509, 33.5063 ], [ -80.0496, 33.5064 ], [ -80.0487, 33.5064 ], [ -80.0425, 33.5009 ], [ -80.0417, 33.5009 ], [ -80.0408, 33.501 ], [ -80.04, 33.5017 ], [ -80.0396, 33.5024 ], [ -80.0391, 33.5034 ], [ -80.0385, 33.5044 ], [ -80.038, 33.5054 ], [ -80.0366, 33.5068 ], [ -80.0121, 33.5052 ], [ -80.0054, 33.5025 ], [ -80.0036, 33.5002 ], [ -80.0046, 33.4972 ], [ -80.0045, 33.4957 ], [ -80.0027, 33.4949 ], [ -80.0018, 33.4948 ], [ -79.9998, 33.4955 ], [ -79.9973, 33.4983 ], [ -79.9972, 33.4992 ], [ -79.9973, 33.5002 ], [ -80.0006, 33.5042 ], [ -80.0004, 33.5056 ], [ -79.9998, 33.5062 ], [ -79.9988, 33.5067 ], [ -79.9978, 33.5069 ], [ -79.997, 33.5069 ], [ -79.9956, 33.5065 ], [ -79.9923, 33.5044 ], [ -79.9915, 33.5033 ], [ -79.991, 33.5023 ], [ -79.991, 33.501 ], [ -79.9913, 33.5002 ], [ -79.9906, 33.4988 ], [ -79.9898, 33.4983 ], [ -79.9865, 33.4984 ], [ -79.9813, 33.4996 ], [ -79.9775, 33.4979 ], [ -79.976, 33.4979 ], [ -79.9735, 33.5006 ], [ -79.9729, 33.5009 ], [ -79.972, 33.5009 ], [ -79.971, 33.5007 ], [ -79.969, 33.5002 ], [ -79.9648, 33.4987 ], [ -79.9641, 33.4982 ], [ -79.9518, 33.4868 ], [ -79.9415, 33.4808 ], [ -79.9413, 33.4793 ], [ -79.9413, 33.4777 ], [ -79.9411, 33.4767 ], [ -79.9408, 33.4762 ], [ -79.9398, 33.4758 ], [ -79.9389, 33.4759 ], [ -79.9375, 33.4767 ], [ -79.9361, 33.4778 ], [ -79.9354, 33.4778 ], [ -79.9348, 33.4777 ], [ -79.9326, 33.4756 ], [ -79.9317, 33.4741 ], [ -79.9303, 33.4722 ], [ -79.9279, 33.4704 ], [ -79.9242, 33.4685 ], [ -79.9204, 33.4656 ], [ -79.9147, 33.4635 ], [ -79.9117, 33.4579 ], [ -79.9102, 33.4557 ], [ -79.9091, 33.4551 ], [ -79.8368, 33.3911 ], [ -79.794, 33.3777 ], [ -79.7614, 33.3422 ], [ -79.7615, 33.3356 ], [ -79.74, 33.3216 ], [ -79.7268, 33.3221 ], [ -79.7258, 33.322 ], [ -79.7245, 33.3217 ], [ -79.7219, 33.3193 ], [ -79.7209, 33.319 ], [ -79.7192, 33.3186 ], [ -79.7171, 33.3191 ], [ -79.7145, 33.3199 ], [ -79.7128, 33.3209 ], [ -79.7112, 33.3213 ], [ -79.7096, 33.3212 ], [ -79.6643, 33.2983 ], [ -79.631, 33.2929 ], [ -79.5622, 33.2725 ], [ -79.5592, 33.2706 ], [ -79.5577, 33.2686 ], [ -79.5556, 33.2614 ], [ -79.5517, 33.2649 ], [ -79.5498, 33.265 ], [ -79.5354, 33.2496 ], [ -79.5101, 33.2435 ], [ -79.494, 33.236 ], [ -79.4826, 33.2459 ], [ -79.3498, 33.1539 ], [ -79.2738, 33.1391 ], [ -79.2015, 33.1629 ], [ -79.1721, 33.2067 ], [ -79.1809, 33.2499 ], [ -79.1447, 33.3861 ], [ -79.1014, 33.4611 ], [ -79.0296, 33.5323 ], [ -78.9486, 33.6295 ], [ -78.8427, 33.722 ], [ -78.6926, 33.8098 ], [ -78.4202, 33.8905 ], [ -78.2376, 33.915 ], [ -78.137, 33.9122 ], [ -78.0187, 33.8883 ], [ -77.9597, 33.8399 ], [ -77.946, 33.9136 ], [ -77.8292, 34.1626 ], [ -77.7474, 34.2648 ], [ -77.6872, 34.3204 ], [ -77.5182, 34.4404 ], [ -77.5202, 34.4429 ], [ -77.5268, 34.4507 ], [ -77.5346, 34.4589 ], [ -77.54, 34.4629 ], [ -77.5435, 34.4643 ], [ -77.5436, 34.465 ], [ -77.5441, 34.465 ], [ -77.5442, 34.4647 ], [ -77.5445, 34.4648 ], [ -77.5448, 34.4652 ], [ -77.5453, 34.465 ], [ -77.5517, 34.4699 ], [ -77.5558, 34.4711 ], [ -77.5575, 34.4698 ], [ -77.5585, 34.4694 ], [ -77.5588, 34.4697 ], [ -77.5595, 34.4702 ], [ -77.5604, 34.4705 ], [ -77.5628, 34.4701 ], [ -77.5641, 34.4696 ], [ -77.5651, 34.4695 ], [ -77.5655, 34.4695 ], [ -77.5676, 34.4697 ], [ -77.5679, 34.47 ], [ -77.5712, 34.4722 ], [ -77.5717, 34.4725 ], [ -77.5716, 34.4732 ], [ -77.572, 34.4744 ], [ -77.5723, 34.4752 ], [ -77.5763, 34.4775 ], [ -77.5764, 34.4778 ], [ -77.5766, 34.4783 ], [ -77.5793, 34.487 ], [ -77.5841, 34.5002 ], [ -77.6138, 34.5677 ], [ -77.6176, 34.5765 ], [ -77.6246, 34.5926 ], [ -77.6266, 34.597 ], [ -77.6463, 34.6428 ], [ -77.648, 34.6471 ], [ -77.6498, 34.651 ], [ -77.659, 34.672 ], [ -77.6679, 34.6925 ], [ -77.6739, 34.7063 ], [ -77.6752, 34.7091 ], [ -77.6768, 34.7129 ], [ -77.6841, 34.7206 ], [ -77.767, 34.7202 ], [ -77.7994, 34.7201 ], [ -77.8283, 34.72 ], [ -77.9105, 34.7198 ], [ -77.9222, 34.7199 ], [ -77.9303, 34.7226 ], [ -77.9368, 34.7215 ], [ -77.9458, 34.719 ], [ -77.9559, 34.7157 ], [ -77.9638, 34.719 ], [ -77.9668, 34.7189 ], [ -77.9709, 34.7187 ], [ -77.9752, 34.7144 ], [ -77.9797, 34.7155 ], [ -77.9839, 34.7155 ], [ -77.9923, 34.7163 ], [ -78.0079, 34.7272 ], [ -78.0123, 34.7321 ], [ -78.033, 34.7275 ], [ -78.0417, 34.727 ], [ -78.0499, 34.7248 ], [ -78.0569, 34.7267 ], [ -78.0588, 34.7266 ], [ -78.0632, 34.7275 ], [ -78.0705, 34.7257 ], [ -78.0747, 34.7249 ], [ -78.0796, 34.7235 ], [ -78.084, 34.7237 ], [ -78.0948, 34.7234 ], [ -78.113, 34.7215 ] ] ] } },
{ "type": "Feature", "properties": { "i": 56 }, "geometry": { "type": "Polygon", "coordinates": [ [ [ -82.1962, 40.2391 ], [ -82.4774, 40.2458 ], [ -82.4772, 40.2647 ], [ -82.7528, 40.277 ], [ -82.7447, 40.3494 ], [ -82.9299, 40.3588 ], [ -82.9247, 40.4148 ], [ -83.021, 40.4331 ], [ -83.2486, 40.4439 ], [ -83.2551, 40.507 ], [ -83.4184, 40.5052 ], [ -83.4201, 40.6867 ], [ -83.4957, 40.7017 ], [ -83.4963, 40.8171 ], [ -83.8801, 40.8198 ], [ -83.8802, 40.6447 ], [ -84.1077, 40.643 ], [ -84.2228, 40.6569 ], [ -84.2229, 40.6849 ], [ -84.456, 40.6848 ], [ -84.4563, 40.7283 ], [ -84.8021, 40.7285 ], [ -84.8039, 40.3101 ], [ -84.8108, 40.0049 ], [ -85.2013, 40.0045 ], [ -85.2009, 39.8744 ], [ -85.2211, 39.7885 ], [ -85.3015, 39.7875 ], [ -85.2966, 39.2683 ], [ -85.4405, 39.1954 ], [ -85.4449, 38.913 ], [ -85.2032, 38.9116 ], [ -85.2017, 38.6964 ], [ -85.2461, 38.7313 ], [ -85.3299, 38.7268 ], [ -85.2295, 38.6271 ], [ -85.2116, 38.5806 ], [ -85.0743, 38.5965 ], [ -85.0028, 38.5532 ], [ -85.0294, 38.5122 ], [ -84.9561, 38.4731 ], [ -84.9612, 38.4344 ], [ -84.8807, 38.4153 ], [ -84.8946, 38.3756 ], [ -84.793, 38.3387 ], [ -84.7061, 38.37 ], [ -84.5627, 38.4904 ], [ -84.4854, 38.5085 ], [ -84.3951, 38.5613 ], [ -84.2051, 38.5825 ], [ -84.1601, 38.5011 ], [ -84.0874, 38.455 ], [ -83.9803, 38.4378 ], [ -83.9303, 38.4924 ], [ -83.8592, 38.4564 ], [ -83.6416, 38.5244 ], [ -83.5847, 38.482 ], [ -83.5764, 38.429 ], [ -83.4656, 38.3974 ], [ -83.4163, 38.3959 ], [ -83.3415, 38.3188 ], [ -83.2313, 38.3394 ], [ -83.2362, 38.4269 ], [ -83.184, 38.4965 ], [ -83.1027, 38.5535 ], [ -83.0293, 38.6875 ], [ -82.9794, 38.726 ], [ -82.8934, 38.7566 ], [ -82.8699, 38.7287 ], [ -82.842, 38.5883 ], [ -82.8153, 38.5707 ], [ -82.7408, 38.598 ], [ -82.7639, 38.68 ], [ -82.7067, 38.6777 ], [ -82.6954, 38.75 ], [ -82.6628, 38.7491 ], [ -82.6501, 38.8491 ], [ -82.7607, 38.8549 ], [ -82.7535, 38.944 ], [ -82.8071, 38.9482 ], [ -82.7859, 39.1688 ], [ -82.7672, 39.168 ], [ -82.7486, 39.3682 ], [ -82.6344, 39.3756 ], [ -82.5176, 39.3695 ], [ -82.5145, 39.3958 ], [ -82.2895, 39.384 ], [ -82.2796, 39.4726 ], [ -82.168, 39.4662 ], [ -82.1592, 39.5563 ], [ -82.2636, 39.5621 ], [ -82.2628, 39.5906 ], [ -82.3798, 39.5968 ], [ -82.3661, 39.7425 ], [ -82.404, 39.7446 ], [ -82.3964, 39.8326 ], [ -82.472, 39.8377 ], [ -82.4628, 39.9304 ], [ -82.2341, 39.9132 ], [ -82.2339, 39.9171 ], [ -82.2338, 39.9199 ], [ -82.2317, 39.9511 ], [ -82.2059, 39.9505 ], [ -82.1987, 39.9512 ], [ -82.1982, 39.9586 ], [ -82.1978, 39.9642 ], [ -82.1976, 39.9674 ], [ -82.1972, 39.9744 ], [ -82.1963, 39.9925 ], [ -82.1954, 40.0057 ], [ -82.1951, 40.0104 ], [ -82.195, 40.0168 ], [ -82.1945, 40.0272 ], [ -82.1911, 40.0885 ], [ -82.1904, 40.1009 ], [ -82.1897, 40.1159 ], [ -82.1889, 40.1318 ], [ -82.1876, 40.1565 ], [ -82.1875, 40.1647 ], [ -82.1874, 40.1697 ], [ -82.1867, 40.1827 ], [ -82.1862, 40.19 ], [ -82.1847, 40.2104 ], [ -82.1836, 40.2272 ], [ -82.1962, 40.2391 ] ] ] } },
{ "type": "Feature", "properties": { "i": 57 }, "geometry": { "type": "Polygon", "coordinates": [ [ [ -89.1622, 41.1041 ], [ -89.3539, 41.1037 ], [ -89.33, 41.1479 ], [ -89.6386, 41.1485 ], [ -89.6389, 41.2339 ], [ -89.8678, 41.2344 ], [ -89.8686, 41.1493 ], [ -90.4377, 41.1512 ], [ -90.4431, 40.779 ], [ -90.4503, 40.2767 ], [ -90.9099, 40.2844 ], [ -90.9127, 40.193 ], [ -90.9136, 40.1044 ], [ -90.7053, 40.104 ], [ -90.6778, 40.0522 ], [ -90.6026, 40.0042 ], [ -90.5122, 39.9839 ], [ -90.5408, 39.9147 ], [ -90.5861, 39.8714 ], [ -90.5666, 39.8332 ], [ -90.6457, 39.6972 ], [ -90.577, 39.5606 ], [ -90.5805, 39.5217 ], [ -90.1283, 39.5204 ], [ -89.5338, 39.5246 ], [ -89.5309, 39.3488 ], [ -89.1397, 39.3488 ], [ -89.1397, 39.2174 ], [ -88.8056, 39.2161 ], [ -88.807, 38.9118 ], [ -88.6936, 38.9147 ], [ -88.6985, 38.606 ], [ -88.5846, 38.6073 ], [ -88.148, 38.5969 ], [ -88.1472, 38.5688 ], [ -87.6517, 38.5682 ], [ -87.5973, 38.6653 ], [ -87.5347, 38.6816 ], [ -87.4954, 38.7838 ], [ -87.5512, 38.8599 ], [ -87.5128, 38.9551 ], [ -87.5735, 38.9854 ], [ -87.5723, 39.0564 ], [ -87.6153, 39.103 ], [ -87.6532, 39.1073 ], [ -87.6372, 39.1686 ], [ -87.5857, 39.2004 ], [ -87.5779, 39.2452 ], [ -87.6145, 39.301 ], [ -87.5849, 39.3373 ], [ -87.5323, 39.3483 ], [ -87.5333, 39.872 ], [ -87.5265, 40.4765 ], [ -87.5266, 40.4919 ], [ -87.9355, 40.4861 ], [ -87.9325, 40.3995 ], [ -88.4603, 40.3991 ], [ -88.4594, 40.6173 ], [ -88.5744, 40.6165 ], [ -88.5843, 40.7575 ], [ -88.9294, 40.7533 ], [ -88.9314, 40.9272 ], [ -89.0476, 40.9259 ], [ -89.0476, 41.1043 ], [ -89.1622, 41.1041 ] ] ] } },
{ "type": "Feature", "properties": { "i": 58 }, "geometry": { "type": "Polygon", "coordinates": [ [ [ -84.8039, 40.3101 ], [ -85.2188, 40.3066 ], [ -85.2194, 40.3792 ], [ -85.8623, 40.3784 ], [ -85.8638, 40.565 ], [ -86.3743, 40.5613 ], [ -86.3742, 40.6926 ], [ -86.5251, 40.6924 ], [ -86.5251, 40.7354 ], [ -86.7471, 40.7375 ], [ -86.7745, 40.664 ], [ -86.7725, 40.5621 ], [ -87.0953, 40.5637 ], [ -87.0978, 40.4758 ], [ -87.5265, 40.4765 ], [ -87.5333, 39.872 ], [ -87.5323, 39.3483 ], [ -87.5849, 39.3373 ], [ -87.6145, 39.301 ], [ -87.5779, 39.2452 ], [ -87.5857, 39.2004 ], [ -87.6372, 39.1686 ], [ -87.6532, 39.1073 ], [ -87.6153, 39.103 ], [ -87.5723, 39.0564 ], [ -87.5735, 38.9854 ], [ -87.5128, 38.9551 ], [ -87.5512, 38.8599 ], [ -87.4954, 38.7838 ], [ -87.5347, 38.6816 ], [ -87.5973, 38.6653 ], [ -87.6517, 38.5682 ], [ -87.6716, 38.5076 ], [ -87.7446, 38.4773 ], [ -87.7427, 38.4145 ], [ -87.6617, 38.4541 ], [ -87.5986, 38.4513 ], [ -87.5752, 38.4917 ], [ -87.4884, 38.5074 ], [ -87.4601, 38.5334 ], [ -87.3551, 38.5435 ], [ -87.3017, 38.5103 ], [ -87.2501, 38.5418 ], [ -87.1755, 38.544 ], [ -87.1461, 38.5159 ], [ -87.0724, 38.5144 ], [ -86.9956, 38.5132 ], [ -86.9406, 38.4941 ], [ -86.8779, 38.4959 ], [ -86.8373, 38.5265 ], [ -86.6824, 38.5262 ], [ -86.6831, 38.6872 ], [ -86.3084, 38.6878 ], [ -86.2824, 38.7611 ], [ -86.1972, 38.7807 ], [ -86.1355, 38.7631 ], [ -86.0624, 38.7783 ], [ -86.0405, 38.7609 ], [ -85.9635, 38.7632 ], [ -85.8752, 38.7283 ], [ -85.8423, 38.7399 ], [ -85.7944, 38.8079 ], [ -85.7121, 38.8283 ], [ -85.6106, 38.8242 ], [ -85.5379, 38.8827 ], [ -85.5368, 38.9122 ], [ -85.4449, 38.913 ], [ -85.4405, 39.1954 ], [ -85.2966, 39.2683 ], [ -85.3015, 39.7875 ], [ -85.2211, 39.7885 ], [ -85.2009, 39.8744 ], [ -85.2013, 40.0045 ], [ -84.8108, 40.0049 ], [ -84.8039, 40.3101 ] ] ] } },
{ "type": "Feature", "properties": { "i": 59 }, "geometry": { "type": "Polygon", "coordinates": [ [ [ -84.3632, 42.0735 ], [ -84.7096, 42.0704 ], [ -84.9997, 42.073 ], [ -85.7822, 42.0693 ], [ -86.223, 42.0715 ], [ -86.2236, 42.2434 ], [ -86.3647, 42.2432 ], [ -86.4852, 42.1182 ], [ -86.5831, 41.9404 ], [ -86.6845, 41.84 ], [ -86.7772, 41.7847 ], [ -86.9327, 41.7101 ], [ -86.9294, 41.4352 ], [ -86.9305, 40.9125 ], [ -86.9875, 40.9122 ], [ -86.9865, 40.8379 ], [ -87.0998, 40.8376 ], [ -87.0953, 40.5637 ], [ -86.7725, 40.5621 ], [ -86.7745, 40.664 ], [ -86.7471, 40.7375 ], [ -86.5251, 40.7354 ], [ -86.5251, 40.6924 ], [ -86.3742, 40.6926 ], [ -86.3743, 40.5613 ], [ -85.8638, 40.565 ], [ -85.8623, 40.3784 ], [ -85.2194, 40.3792 ], [ -85.2188, 40.3066 ], [ -84.8039, 40.3101 ], [ -84.8021, 40.7285 ], [ -84.4563, 40.7283 ], [ -84.456, 40.6848 ], [ -84.2229, 40.6849 ], [ -84.2228, 40.6569 ], [ -84.1077, 40.643 ], [ -83.8802, 40.6447 ], [ -83.8801, 40.8198 ], [ -83.8835, 41.3425 ], [ -83.8805, 41.7201 ], [ -84.3599, 41.7066 ], [ -84.3632, 42.0735 ] ] ] } },
{ "type": "Feature", "properties": { "i": 60 }, "geometry": { "type": "Polygon", "coordinates": [ [ [ -88.2493, 33.7449 ], [ -88.3261, 33.7445 ], [ -88.3739, 33.6854 ], [ -88.4977, 33.6612 ], [ -88.5002, 33.6799 ], [ -88.7188, 33.6803 ], [ -88.72, 33.8101 ], [ -88.9312, 33.8124 ], [ -88.9316, 33.7543 ], [ -89.0345, 33.7394 ], [ -89.1918, 33.7382 ], [ -89.1919, 33.7221 ], [ -89.5072, 33.7219 ], [ -89.5074, 33.8675 ], [ -89.7692, 33.8673 ], [ -89.7693, 33.8971 ], [ -89.9253, 33.8979 ], [ -89.9269, 33.8238 ], [ -89.9789, 33.8097 ], [ -90.1365, 33.8093 ], [ -90.1368, 33.721 ], [ -90.2197, 33.7221 ], [ -90.3011, 33.6993 ], [ -90.2957, 33.7506 ], [ -90.2052, 33.7597 ], [ -90.1823, 33.8087 ], [ -90.4516, 33.8115 ], [ -90.4507, 33.9857 ], [ -90.6601, 33.9876 ], [ -90.6595, 34.1188 ], [ -90.9554, 34.1195 ], [ -90.8707, 34.0836 ], [ -90.8982, 34.0242 ], [ -90.988, 34.019 ], [ -91.0754, 33.9836 ], [ -91.0782, 33.954 ], [ -91.0109, 33.9255 ], [ -91.0728, 33.8562 ], [ -91.0425, 33.8128 ], [ -91.1073, 33.7706 ], [ -91.145, 33.7272 ], [ -91.0687, 33.7164 ], [ -91.0357, 33.6721 ], [ -91.0785, 33.6583 ], [ -91.1606, 33.7068 ], [ -91.2112, 33.6986 ], [ -91.2201, 33.6623 ], [ -91.1712, 33.6478 ], [ -91.1305, 33.6048 ], [ -91.2447, 33.5587 ], [ -91.2458, 33.5171 ], [ -91.3245, 33.5186 ], [ -91.3499, 33.5636 ], [ -91.4535, 33.5636 ], [ -91.4576, 33.389 ], [ -91.9896, 33.3981 ], [ -91.9607, 33.3792 ], [ -91.981, 33.2992 ], [ -92.0415, 33.2776 ], [ -92.081, 33.212 ], [ -92.1274, 33.209 ], [ -92.1378, 33.1634 ], [ -92.1392, 33.0971 ], [ -92.0815, 32.9812 ], [ -92.084, 32.8755 ], [ -92.0527, 32.7934 ], [ -92.0576, 32.7058 ], [ -91.9745, 32.7105 ], [ -91.9467, 32.6643 ], [ -91.9043, 32.5161 ], [ -92.0102, 32.3628 ], [ -92.0199, 32.2977 ], [ -91.9755, 32.1661 ], [ -91.8951, 32.1637 ], [ -91.8747, 32.0885 ], [ -91.9266, 32.075 ], [ -91.8946, 32.0102 ], [ -91.9044, 31.9275 ], [ -92.0055, 31.9243 ], [ -92.0082, 31.7895 ], [ -92.0084, 31.3259 ], [ -92.0198, 31.2989 ], [ -91.9946, 31.2299 ], [ -91.9704, 31.2278 ], [ -91.9269, 31.2948 ], [ -91.8377, 31.2677 ], [ -91.7925, 31.2267 ], [ -91.6775, 31.1879 ], [ -91.7191, 31.1334 ], [ -91.706, 31.1136 ], [ -91.723, 31.0438 ], [ -91.6606, 31.0442 ], [ -91.655, 31.0416 ], [ -91.6489, 31.0368 ], [ -91.6441, 31.0231 ], [ -91.5905, 31.0173 ], [ -91.5784, 31.024 ], [ -91.5717, 31.0298 ], [ -91.5694, 31.0323 ], [ -91.5665, 31.0359 ], [ -91.5644, 31.039 ], [ -91.5642, 31.0668 ], [ -91.6148, 31.1043 ], [ -91.6265, 31.1191 ], [ -91.6217, 31.1369 ], [ -91.5997, 31.1596 ], [ -91.5971, 31.1635 ], [ -91.5949, 31.1672 ], [ -91.5922, 31.1719 ], [ -91.5902, 31.1756 ], [ -91.5757, 31.2245 ], [ -91.4951, 31.2253 ], [ -91.4675, 31.3195 ], [ -91.4425, 31.3189 ], [ -91.4346, 31.3149 ], [ -91.4307, 31.3144 ], [ -91.427, 31.3148 ], [ -91.4233, 31.3162 ], [ -91.3785, 31.3365 ], [ -91.3553, 31.3439 ], [ -91.3528, 31.3398 ], [ -91.35, 31.3386 ], [ -91.3411, 31.3405 ], [ -91.3322, 31.3489 ], [ -91.3311, 31.3514 ], [ -91.3202, 31.3531 ], [ -91.314, 31.3566 ], [ -91.3109, 31.3546 ], [ -91.2994, 31.362 ], [ -91.262, 31.3609 ], [ -91.2581, 31.361 ], [ -91.2541, 31.365 ], [ -91.2506, 31.3637 ], [ -91.2477, 31.3661 ], [ -91.2445, 31.3677 ], [ -91.242, 31.3676 ], [ -91.2396, 31.367 ], [ -91.2387, 31.3696 ], [ -91.2362, 31.3715 ], [ -91.2321, 31.3727 ], [ -91.118, 31.3203 ], [ -91.0518, 31.3302 ], [ -91.0428, 31.3358 ], [ -91.0384, 31.3362 ], [ -91.0347, 31.3353 ], [ -91.0247, 31.338 ], [ -91.0197, 31.3464 ], [ -91.0069, 31.3461 ], [ -91.0045, 31.3398 ], [ -91.0027, 31.3375 ], [ -90.9944, 31.3373 ], [ -90.9886, 31.3365 ], [ -90.9871, 31.3385 ], [ -90.9871, 31.343 ], [ -90.9858, 31.347 ], [ -90.9833, 31.3485 ], [ -90.9758, 31.3487 ], [ -90.9526, 31.3488 ], [ -90.946, 31.3488 ], [ -90.9366, 31.3489 ], [ -90.9179, 31.3489 ], [ -90.8166, 31.3494 ], [ -90.7563, 31.3496 ], [ -90.7501, 31.3497 ], [ -90.7151, 31.3497 ], [ -90.4426, 31.3495 ], [ -90.2501, 31.3503 ], [ -90.2299, 31.3506 ], [ -90.223, 31.3504 ], [ -90.2056, 31.3505 ], [ -90.1883, 31.3505 ], [ -90.1845, 31.3506 ], [ -90.1532, 31.3506 ], [ -90.125, 31.3507 ], [ -90.1086, 31.3509 ], [ -90.0404, 31.3361 ], [ -90.0404, 31.311 ], [ -90.0405, 31.3068 ], [ -90.0404, 31.2894 ], [ -90.0404, 31.2666 ], [ -90.0405, 31.256 ], [ -90.0404, 31.2537 ], [ -90.0403, 31.2498 ], [ -90.0404, 31.2462 ], [ -90.0403, 31.235 ], [ -90.0346, 31.2339 ], [ -90.0319, 31.2339 ], [ -90.0319, 31.1815 ], [ -90.031, 31.1757 ], [ -90.0228, 31.1756 ], [ -90.0063, 31.1756 ], [ -90.0061, 31.171 ], [ -90.0062, 31.166 ], [ -90.0062, 31.1471 ], [ -90.006, 31.1404 ], [ -90.0058, 31.1328 ], [ -89.9384, 31.1326 ], [ -89.9379, 31.1111 ], [ -89.9348, 31.1111 ], [ -89.9295, 31.1112 ], [ -89.9289, 31.0892 ], [ -89.9213, 31.0893 ], [ -89.9209, 31.0842 ], [ -89.9209, 31.0747 ], [ -89.8751, 31.0748 ], [ -89.8683, 31.075 ], [ -89.8574, 31.0749 ], [ -89.8496, 31.075 ], [ -89.8359, 31.0749 ], [ -89.8359, 31.0468 ], [ -89.836, 31.0416 ], [ -89.836, 31.0304 ], [ -89.8357, 31.0021 ], [ -89.8171, 31.0021 ], [ -89.8161, 31.0021 ], [ -89.81, 31.0021 ], [ -89.7995, 31.0021 ], [ -89.7577, 31.0019 ], [ -89.7336, 31.0045 ], [ -89.713, 31.0025 ], [ -89.5525, 31.0019 ], [ -89.5021, 31.0138 ], [ -89.4759, 31.0008 ], [ -89.4759, 30.9931 ], [ -89.476, 30.9874 ], [ -89.476, 30.9829 ], [ -89.4267, 30.9827 ], [ -89.4252, 30.9872 ], [ -89.4249, 31.0011 ], [ -89.4249, 31.0053 ], [ -89.4248, 31.0101 ], [ -89.3498, 31.0105 ], [ -89.3409, 31.0007 ], [ -89.3407, 30.9937 ], [ -89.3408, 30.9821 ], [ -89.3408, 30.9641 ], [ -89.3409, 30.9601 ], [ -89.3408, 30.9407 ], [ -89.3408, 30.9093 ], [ -89.3365, 30.9099 ], [ -89.1372, 30.9099 ], [ -89.1462, 31.0004 ], [ -89.146, 31.4288 ], [ -88.9425, 31.4335 ], [ -88.9434, 31.8246 ], [ -88.7627, 31.836 ], [ -88.6131, 31.8594 ], [ -88.4732, 31.8946 ], [ -88.4215, 32.3087 ], [ -88.368, 32.7527 ], [ -88.3335, 33.0519 ], [ -88.2493, 33.7449 ] ] ] } },
{ "type": "Feature", "properties": { "i": 61 }, "geometry": { "type": "MultiPolygon", "coordinates": [ [ [ [ -81.4135, 30.3999 ], [ -81.45, 30.3726 ], [ -81.4164, 30.2831 ], [ -81.4295, 30.2523 ], [ -81.4212, 30.2402 ], [ -81.4109, 30.2141 ], [ -81.3962, 30.1532 ], [ -81.3649, 30.1053 ], [ -81.3637, 30.0367 ], [ -81.3081, 29.9663 ], [ -81.3916, 30.3034 ], [ -81.397, 30.3813 ], [ -81.4135, 30.3999 ] ] ], [ [ [ -81.4517, 30.7054 ], [ -81.4884, 30.6408 ], [ -81.443, 30.6012 ], [ -81.427, 30.7003 ], [ -81.4517, 30.7054 ] ] ], [ [ [ -81.4067, 30.9531 ], [ -81.463, 30.9113 ], [ -81.4713, 30.8183 ], [ -81.4308, 30.8312 ], [ -81.4046, 30.911 ], [ -81.4067, 30.9531 ] ] ], [ [ [ -81.3502, 31.296 ], [ -81.3934, 31.2608 ], [ -81.4188, 31.151 ], [ -81.3655, 31.1505 ], [ -81.3299, 31.2174 ], [ -81.3269, 31.2896 ], [ -81.3502, 31.296 ] ] ], [ [ [ -82.2251, 31.9134 ], [ -82.2278, 31.9123 ], [ -82.2308, 31.9129 ], [ -82.2472, 31.9157 ], [ -82.2502, 31.923 ], [ -82.2693, 31.9344 ], [ -82.2833, 31.9407 ], [ -82.2911, 31.9425 ], [ -82.2953, 31.9389 ], [ -82.3028, 31.9339 ], [ -82.3068, 31.9424 ], [ -82.3085, 31.9451 ], [ -82.3154, 31.9453 ], [ -82.3089, 31.938 ], [ -82.3079, 31.9361 ], [ -82.3138, 31.9309 ], [ -82.3191, 31.9326 ], [ -82.3338, 31.936 ], [ -82.3374, 31.9371 ], [ -82.3551, 31.9391 ], [ -82.3573, 31.9394 ], [ -82.3677, 31.9429 ], [ -82.3712, 31.9417 ], [ -82.3788, 31.9447 ], [ -82.3777, 31.9471 ], [ -82.3722, 31.9519 ], [ -82.3749, 31.9542 ], [ -82.3882, 31.959 ], [ -82.3883, 31.9557 ], [ -82.3859, 31.9497 ], [ -82.3883, 31.9484 ], [ -82.3923, 31.9519 ], [ -82.3982, 31.9591 ], [ -82.4034, 31.9556 ], [ -82.4046, 31.9496 ], [ -82.4136, 31.9578 ], [ -82.4206, 31.9614 ], [ -82.4283, 31.9653 ], [ -82.4402, 31.9677 ], [ -82.4493, 31.9658 ], [ -82.4538, 31.9642 ], [ -82.4605, 31.9648 ], [ -82.4854, 31.9687 ], [ -82.4955, 31.9664 ], [ -82.4967, 31.9578 ], [ -82.4879, 31.9576 ], [ -82.4804, 31.9563 ], [ -82.4862, 31.9505 ], [ -82.493, 31.9488 ], [ -82.5278, 31.9591 ], [ -82.5346, 31.9607 ], [ -82.5367, 31.9577 ], [ -82.5437, 31.9591 ], [ -82.5603, 31.9569 ], [ -82.5684, 31.9553 ], [ -82.5804, 31.9425 ], [ -82.5867, 31.9375 ], [ -82.5928, 31.936 ], [ -82.6002, 31.9379 ], [ -82.605, 31.936 ], [ -82.6131, 31.9287 ], [ -82.6177, 31.9269 ], [ -82.6264, 31.9234 ], [ -82.6325, 31.9253 ], [ -82.638, 31.9223 ], [ -82.6476, 31.9176 ], [ -82.651, 31.9192 ], [ -82.6553, 31.9208 ], [ -82.6816, 31.9199 ], [ -82.6793, 31.9161 ], [ -82.6797, 31.909 ], [ -82.6859, 31.9061 ], [ -82.6894, 31.9018 ], [ -82.6914, 31.9 ], [ -82.6965, 31.901 ], [ -82.7021, 31.8995 ], [ -82.7067, 31.8951 ], [ -82.7153, 31.8889 ], [ -82.7341, 31.88 ], [ -82.7406, 31.8771 ], [ -82.7439, 31.8753 ], [ -82.7508, 31.8694 ], [ -82.7537, 31.8611 ], [ -82.759, 31.8568 ], [ -82.7641, 31.8605 ], [ -82.7699, 31.8558 ], [ -82.7766, 31.8616 ], [ -82.7793, 31.857 ], [ -82.7855, 31.8531 ], [ -82.7911, 31.8446 ], [ -82.7848, 31.8409 ], [ -82.7871, 31.8364 ], [ -82.7964, 31.8345 ], [ -82.8052, 31.8307 ], [ -82.8076, 31.8247 ], [ -82.8198, 31.8179 ], [ -82.827, 31.8146 ], [ -82.8389, 31.8147 ], [ -82.8396, 31.8119 ], [ -82.8389, 31.8073 ], [ -82.844, 31.8045 ], [ -82.846, 31.802 ], [ -82.8509, 31.7979 ], [ -82.8535, 31.7988 ], [ -82.8564, 31.7945 ], [ -82.8579, 31.7923 ], [ -82.868, 31.7851 ], [ -82.8767, 31.7826 ], [ -82.8769, 31.7862 ], [ -82.8868, 31.7807 ], [ -82.8936, 31.7829 ], [ -82.8984, 31.7836 ], [ -82.8975, 31.79 ], [ -82.9049, 31.7873 ], [ -82.9122, 31.7846 ], [ -82.9185, 31.7798 ], [ -82.9202, 31.7814 ], [ -82.9266, 31.7855 ], [ -82.9306, 31.786 ], [ -82.9341, 31.7877 ], [ -82.94, 31.7871 ], [ -82.946, 31.7872 ], [ -82.9475, 31.7844 ], [ -82.9536, 31.7835 ], [ -82.958, 31.7835 ], [ -82.9668, 31.7878 ], [ -82.9695, 31.7915 ], [ -82.9912, 31.7871 ], [ -82.9916, 31.7818 ], [ -82.9929, 31.7787 ], [ -82.9991, 31.6614 ], [ -83.0587, 31.6112 ], [ -83.0842, 31.515 ], [ -83.1511, 31.4599 ], [ -83.1402, 31.4026 ], [ -83.0598, 31.329 ], [ -83.0345, 31.2754 ], [ -83.0483, 31.1842 ], [ -82.971, 31.184 ], [ -82.9712, 30.8752 ], [ -83.0108, 30.8495 ], [ -83.0881, 30.8486 ], [ -83.1254, 30.8032 ], [ -83.1366, 30.6245 ], [ -83.2863, 30.6298 ], [ -83.2722, 30.6273 ], [ -83.2394, 30.5198 ], [ -83.2427, 30.4728 ], [ -83.2158, 30.418 ], [ -83.1712, 30.3854 ], [ -83.2126, 30.3454 ], [ -83.2125, 30.3074 ], [ -83.2531, 30.2547 ], [ -83.2489, 30.1839 ], [ -83.2263, 30.1156 ], [ -83.1857, 30.095 ], [ -83.1144, 30.1023 ], [ -82.9635, 29.9938 ], [ -82.9313, 29.9576 ], [ -82.9191, 29.9086 ], [ -82.8752, 29.8773 ], [ -82.894, 29.8267 ], [ -82.9248, 29.8237 ], [ -82.9494, 29.7538 ], [ -82.9568, 29.6398 ], [ -82.9376, 29.5913 ], [ -82.9343, 29.591 ], [ -82.9277, 29.5908 ], [ -82.9095, 29.591 ], [ -82.8565, 29.5842 ], [ -82.8235, 29.5841 ], [ -82.8166, 29.5842 ], [ -82.7729, 29.582 ], [ -82.773, 29.5776 ], [ -82.7567, 29.5712 ], [ -82.7498, 29.5625 ], [ -82.7046, 29.5636 ], [ -82.6564, 29.5467 ], [ -82.6396, 29.5361 ], [ -82.6068, 29.5373 ], [ -82.5992, 29.5377 ], [ -82.5737, 29.5375 ], [ -82.5563, 29.5122 ], [ -82.5569, 29.4939 ], [ -82.5568, 29.4837 ], [ -82.5244, 29.4794 ], [ -82.51, 29.479 ], [ -82.4998, 29.4787 ], [ -82.4963, 29.4855 ], [ -82.4067, 29.4847 ], [ -82.4069, 29.4393 ], [ -82.4065, 29.43 ], [ -82.4057, 29.4227 ], [ -82.4057, 29.3872 ], [ -82.4056, 29.3749 ], [ -82.4054, 29.3605 ], [ -82.4052, 29.3302 ], [ -82.4039, 29.2502 ], [ -82.4037, 29.2401 ], [ -82.4034, 29.232 ], [ -82.4241, 29.2155 ], [ -82.4607, 29.2151 ], [ -82.4766, 29.2149 ], [ -82.5199, 29.2148 ], [ -82.5359, 29.1928 ], [ -82.536, 29.1647 ], [ -82.5359, 29.1558 ], [ -82.5362, 29.1448 ], [ -82.5357, 29.1124 ], [ -82.5356, 29.0974 ], [ -82.5356, 29.0895 ], [ -82.5355, 29.0802 ], [ -82.5351, 29.0518 ], [ -82.5345, 29.0445 ], [ -82.5312, 29.0426 ], [ -82.531, 29.0433 ], [ -82.5308, 29.0435 ], [ -82.5291, 29.0434 ], [ -82.5283, 29.0427 ], [ -82.5277, 29.0427 ], [ -82.5266, 29.0429 ], [ -82.5249, 29.0428 ], [ -82.5249, 29.0423 ], [ -82.524, 29.0421 ], [ -82.5235, 29.0422 ], [ -82.5233, 29.0405 ], [ -82.5174, 29.0436 ], [ -82.5172, 29.0441 ], [ -82.5163, 29.0442 ], [ -82.5135, 29.0433 ], [ -82.5117, 29.0434 ], [ -82.5115, 29.0431 ], [ -82.5107, 29.0412 ], [ -82.5101, 29.0418 ], [ -82.5086, 29.0403 ], [ -82.5086, 29.0397 ], [ -82.509, 29.0391 ], [ -82.5018, 29.0416 ], [ -82.5003, 29.0418 ], [ -82.4989, 29.0419 ], [ -82.4942, 29.0462 ], [ -82.4926, 29.0469 ], [ -82.4902, 29.0484 ], [ -82.4876, 29.0497 ], [ -82.4884, 29.0502 ], [ -82.4883, 29.0511 ], [ -82.4858, 29.0518 ], [ -82.4826, 29.052 ], [ -82.4814, 29.0528 ], [ -82.4797, 29.0526 ], [ -82.4793, 29.0525 ], [ -82.4786, 29.0526 ], [ -82.4776, 29.0525 ], [ -82.4772, 29.052 ], [ -82.4729, 29.0515 ], [ -82.4688, 29.0471 ], [ -82.4683, 29.0478 ], [ -82.4678, 29.0481 ], [ -82.4667, 29.0479 ], [ -82.4657, 29.0467 ], [ -82.4594, 29.0475 ], [ -82.4586, 29.0476 ], [ -82.4584, 29.0472 ], [ -82.4586, 29.0467 ], [ -82.4522, 29.0398 ], [ -82.4515, 29.0401 ], [ -82.4489, 29.0386 ], [ -82.4415, 29.0352 ], [ -82.4418, 29.0347 ], [ -82.4401, 29.0327 ], [ -82.4389, 29.0328 ], [ -82.4366, 29.0299 ], [ -82.4364, 29.03 ], [ -82.4352, 29.0295 ], [ -82.4357, 29.0286 ], [ -82.4334, 29.0273 ], [ -82.4325, 29.0278 ], [ -82.4322, 29.0269 ], [ -82.4307, 29.0242 ], [ -82.4301, 29.024 ], [ -82.4292, 29.0225 ], [ -82.4294, 29.022 ], [ -82.4275, 29.0213 ], [ -82.4258, 29.0216 ], [ -82.4247, 29.0215 ], [ -82.4254, 29.0206 ], [ -82.4209, 29.0186 ], [ -82.4204, 29.0185 ], [ -82.4196, 29.0178 ], [ -82.4197, 29.0165 ], [ -82.4202, 29.0146 ], [ -82.4128, 29.0147 ], [ -82.4114, 29.0152 ], [ -82.4092, 29.016 ], [ -82.4079, 29.017 ], [ -82.4075, 29.0169 ], [ -82.4035, 29.0183 ], [ -82.4032, 29.0187 ], [ -82.4019, 29.019 ], [ -82.4015, 29.0183 ], [ -82.4021, 29.0172 ], [ -82.4003, 29.0164 ], [ -82.3975, 29.0168 ], [ -82.3972, 29.0165 ], [ -82.3976, 29.0161 ], [ -82.3951, 29.0143 ], [ -82.3948, 29.0138 ], [ -82.3941, 29.009 ], [ -82.391, 29.0095 ], [ -82.3879, 29.0089 ], [ -82.3865, 29.0089 ], [ -82.3862, 29.0084 ], [ -82.383, 29.0067 ], [ -82.378, 29.0045 ], [ -82.3683, 29.0021 ], [ -82.3669, 29.0019 ], [ -82.3667, 29.0021 ], [ -82.3655, 29.0027 ], [ -82.3642, 29.0015 ], [ -82.3643, 29.0009 ], [ -82.3633, 28.9996 ], [ -82.3616, 28.9982 ], [ -82.362, 28.9974 ], [ -82.3612, 28.9938 ], [ -82.3418, 28.9877 ], [ -82.3413, 28.9877 ], [ -82.3407, 28.9868 ], [ -82.3394, 28.9859 ], [ -82.3382, 28.9854 ], [ -82.3379, 28.9851 ], [ -82.3358, 28.9833 ], [ -82.3353, 28.9831 ], [ -82.3347, 28.9827 ], [ -82.3318, 28.981 ], [ -82.3303, 28.9802 ], [ -82.3277, 28.9789 ], [ -82.3273, 28.9788 ], [ -82.3232, 28.9758 ], [ -82.3216, 28.9753 ], [ -82.3208, 28.975 ], [ -82.3208, 28.9745 ], [ -82.3171, 28.9734 ], [ -82.3162, 28.9734 ], [ -82.3155, 28.9723 ], [ -82.3141, 28.9697 ], [ -82.3131, 28.969 ], [ -82.3125, 28.9669 ], [ -82.3121, 28.9649 ], [ -82.3118, 28.9643 ], [ -82.3118, 28.9622 ], [ -82.3083, 28.9604 ], [ -82.2245, 28.9602 ], [ -82.217, 28.96 ], [ -82.1605, 28.96 ], [ -82.1177, 28.9601 ], [ -82.0296, 28.9601 ], [ -81.9998, 28.9599 ], [ -81.9654, 28.96 ], [ -81.8548, 28.9599 ], [ -81.8492, 28.9599 ], [ -81.8396, 28.9611 ], [ -81.8153, 28.9611 ], [ -81.7492, 28.9611 ], [ -81.7323, 28.9612 ], [ -81.7191, 28.9611 ], [ -81.7096, 28.9607 ], [ -81.7007, 28.9604 ], [ -81.6942, 28.9601 ], [ -81.6915, 28.9602 ], [ -81.6782, 28.9604 ], [ -81.6587, 28.9605 ], [ -81.659, 28.9897 ], [ -81.6591, 29.0362 ], [ -81.6528, 29.0477 ], [ -81.639, 29.0555 ], [ -81.6394, 29.0743 ], [ -81.6401, 29.107 ], [ -81.6405, 29.1289 ], [ -81.6406, 29.1443 ], [ -81.6408, 29.1651 ], [ -81.6411, 29.1847 ], [ -81.6413, 29.1985 ], [ -81.6414, 29.2075 ], [ -81.6418, 29.2401 ], [ -81.6419, 29.2473 ], [ -81.642, 29.2705 ], [ -81.6421, 29.2772 ], [ -81.6444, 29.2801 ], [ -81.6481, 29.2894 ], [ -81.6586, 29.2991 ], [ -81.6667, 29.3007 ], [ -81.6715, 29.3049 ], [ -81.6753, 29.3103 ], [ -81.6781, 29.3164 ], [ -81.6531, 29.3308 ], [ -81.6248, 29.3372 ], [ -81.5945, 29.3439 ], [ -81.5736, 29.3487 ], [ -81.4998, 29.3662 ], [ -81.4639, 29.3752 ], [ -81.4558, 29.3771 ], [ -81.4504, 29.3788 ], [ -81.4445, 29.3822 ], [ -81.4402, 29.3888 ], [ -81.4355, 29.3953 ], [ -81.4313, 29.3988 ], [ -81.4247, 29.3982 ], [ -81.4205, 29.3835 ], [ -81.4204, 29.3743 ], [ -81.4203, 29.3676 ], [ -81.4194, 29.3349 ], [ -81.4191, 29.3226 ], [ -81.4188, 29.3046 ], [ -81.4182, 29.2842 ], [ -81.4087, 29.2611 ], [ -81.3914, 29.2613 ], [ -81.3602, 29.2618 ], [ -81.3328, 29.2623 ], [ -81.3221, 29.2625 ], [ -81.2734, 29.2631 ], [ -81.2444, 29.2637 ], [ -81.176, 29.2653 ], [ -81.1555, 29.2659 ], [ -81.1502, 29.2707 ], [ -81.1505, 29.2807 ], [ -81.1526, 29.3489 ], [ -81.1529, 29.3598 ], [ -81.1538, 29.3835 ], [ -81.155, 29.4013 ], [ -81.1559, 29.4109 ], [ -81.1122, 29.4257 ], [ -81.1559, 29.5306 ], [ -81.2302, 29.6504 ], [ -81.2244, 29.6879 ], [ -81.2472, 29.7451 ], [ -81.3081, 29.8297 ], [ -81.3045, 29.9109 ], [ -81.3312, 29.984 ], [ -81.3698, 30.0336 ], [ -81.3658, 30.0951 ], [ -81.3968, 30.1513 ], [ -81.4224, 30.2404 ], [ -81.4308, 30.2522 ], [ -81.4217, 30.2879 ], [ -81.4524, 30.3726 ], [ -81.4615, 30.5229 ], [ -81.4975, 30.5652 ], [ -81.4875, 30.6611 ], [ -81.5179, 30.7083 ], [ -81.4953, 30.784 ], [ -81.5433, 30.8494 ], [ -81.4995, 30.9428 ], [ -81.5325, 30.9846 ], [ -81.4952, 31.0332 ], [ -81.573, 31.0997 ], [ -81.5663, 31.2035 ], [ -81.4782, 31.1546 ], [ -81.4229, 31.2469 ], [ -81.3877, 31.2813 ], [ -81.398, 31.288 ], [ -81.4043, 31.2876 ], [ -81.4067, 31.2879 ], [ -81.408, 31.2883 ], [ -81.4105, 31.2898 ], [ -81.4131, 31.2919 ], [ -81.413, 31.2971 ], [ -81.418, 31.3068 ], [ -81.4231, 31.3098 ], [ -81.425, 31.3107 ], [ -81.4268, 31.3114 ], [ -81.4281, 31.3117 ], [ -81.435, 31.3125 ], [ -81.4356, 31.3307 ], [ -81.4536, 31.3265 ], [ -81.4823, 31.3372 ], [ -81.5027, 31.3525 ], [ -81.5176, 31.3554 ], [ -81.5255, 31.3634 ], [ -81.528, 31.3651 ], [ -81.5307, 31.3662 ], [ -81.5359, 31.3676 ], [ -81.625, 31.4531 ], [ -81.7028, 31.5846 ], [ -81.7711, 31.626 ], [ -81.8065, 31.6556 ], [ -81.8112, 31.6629 ], [ -81.8148, 31.6646 ], [ -81.8177, 31.6636 ], [ -81.8161, 31.6611 ], [ -81.8127, 31.6586 ], [ -81.8121, 31.6547 ], [ -81.8143, 31.6526 ], [ -81.8196, 31.6516 ], [ -81.8236, 31.6518 ], [ -81.9063, 31.7254 ], [ -81.9106, 31.7528 ], [ -81.9188, 31.7593 ], [ -81.9219, 31.76 ], [ -81.9233, 31.7574 ], [ -81.9234, 31.7527 ], [ -81.9272, 31.7525 ], [ -81.929, 31.7547 ], [ -81.9503, 31.77 ], [ -81.9514, 31.7742 ], [ -81.9521, 31.788 ], [ -81.9573, 31.7898 ], [ -81.9638, 31.7894 ], [ -81.9662, 31.7894 ], [ -81.9692, 31.7893 ], [ -81.9713, 31.7871 ], [ -81.9729, 31.7843 ], [ -81.9763, 31.7827 ], [ -81.9841, 31.7856 ], [ -81.9967, 31.7929 ], [ -81.9987, 31.7947 ], [ -81.9972, 31.7962 ], [ -81.9962, 31.7991 ], [ -81.9991, 31.8011 ], [ -82.0127, 31.8114 ], [ -82.0233, 31.8164 ], [ -82.0438, 31.8216 ], [ -82.065, 31.8375 ], [ -82.0724, 31.8404 ], [ -82.0818, 31.8431 ], [ -82.1072, 31.8637 ], [ -82.1104, 31.8698 ], [ -82.1083, 31.885 ], [ -82.1117, 31.8924 ], [ -82.1104, 31.8962 ], [ -82.1114, 31.9001 ], [ -82.1134, 31.9011 ], [ -82.1155, 31.9006 ], [ -82.1167, 31.8977 ], [ -82.116, 31.893 ], [ -82.1154, 31.8897 ], [ -82.1212, 31.8866 ], [ -82.1349, 31.8914 ], [ -82.1603, 31.9039 ], [ -82.1907, 31.9005 ], [ -82.1917, 31.9022 ], [ -82.1915, 31.9058 ], [ -82.1953, 31.9067 ], [ -82.1979, 31.9064 ], [ -82.2002, 31.9062 ], [ -82.2032, 31.9078 ], [ -82.2057, 31.9098 ], [ -82.2173, 31.9096 ], [ -82.2219, 31.9131 ], [ -82.2251, 31.9134 ] ] ] ] } },
{ "type": "Feature", "properties": { "i": 62 }, "geometry": { "type": "Polygon", "coordinates": [ [ [ -83.3415, 38.3188 ], [ -83.4163, 38.3959 ], [ -83.4656, 38.3974 ], [ -83.5764, 38.429 ], [ -83.5847, 38.482 ], [ -83.6416, 38.5244 ], [ -83.8592, 38.4564 ], [ -83.9303, 38.4924 ], [ -83.9803, 38.4378 ], [ -83.9048, 38.366 ], [ -83.8355, 38.3176 ], [ -83.8505, 38.2961 ], [ -84.0802, 38.1154 ], [ -83.966, 37.931 ], [ -84.0074, 37.8598 ], [ -84.0759, 37.8239 ], [ -84.1064, 37.7753 ], [ -84.0925, 37.6679 ], [ -84.1269, 37.6428 ], [ -84.0905, 37.5662 ], [ -84.1723, 37.5571 ], [ -84.2001, 37.5221 ], [ -84.3013, 37.5232 ], [ -84.3476, 37.5389 ], [ -84.3741, 37.473 ], [ -84.447, 37.4859 ], [ -84.5029, 37.3287 ], [ -84.5558, 37.3555 ], [ -84.8094, 37.175 ], [ -84.9008, 37.1166 ], [ -84.9059, 37.0472 ], [ -84.8357, 36.9973 ], [ -84.9041, 36.9482 ], [ -85.0643, 36.8589 ], [ -85.0047, 36.7547 ], [ -85.0199, 36.7191 ], [ -84.9996, 36.6268 ], [ -84.9751, 36.6158 ], [ -84.7853, 36.6034 ], [ -84.543, 36.5963 ], [ -84.0099, 36.5902 ], [ -83.6904, 36.583 ], [ -83.6498, 36.6171 ], [ -83.5313, 36.6654 ], [ -83.4186, 36.6687 ], [ -83.3484, 36.7002 ], [ -83.1951, 36.7393 ], [ -83.1354, 36.7431 ], [ -83.1325, 36.7845 ], [ -83.0744, 36.8522 ], [ -82.9687, 36.8585 ], [ -82.8788, 36.8897 ], [ -82.8584, 36.9281 ], [ -82.8686, 36.9761 ], [ -82.7818, 37.0089 ], [ -82.723, 37.0451 ], [ -82.7217, 37.1204 ], [ -82.5539, 37.2026 ], [ -82.448, 37.244 ], [ -82.3513, 37.267 ], [ -81.9682, 37.5378 ], [ -82.0644, 37.5379 ], [ -82.1259, 37.5512 ], [ -82.1865, 37.6283 ], [ -82.2945, 37.6709 ], [ -82.3188, 37.7646 ], [ -82.3772, 37.8034 ], [ -82.4379, 37.8997 ], [ -82.5347, 37.9627 ], [ -82.5811, 37.9533 ], [ -82.6132, 37.8793 ], [ -82.7359, 37.9161 ], [ -82.8295, 37.9667 ], [ -82.9391, 37.9989 ], [ -82.9926, 37.9615 ], [ -83.022, 38.0064 ], [ -82.889, 38.112 ], [ -82.9241, 38.1746 ], [ -83.0759, 38.2072 ], [ -83.1644, 38.266 ], [ -83.2621, 38.1899 ], [ -83.3069, 38.2265 ], [ -83.3415, 38.3188 ] ] ] } },
{ "type": "Feature", "properties": { "i": 63 }, "geometry": { "type": "Polygon", "coordinates": [ [ [ -80.4874, 25.2073 ], [ -80.4227, 25.1067 ], [ -80.3998, 25.1083 ], [ -80.2873, 25.2842 ], [ -80.3442, 25.2769 ], [ -80.3542, 25.2033 ], [ -80.4134, 25.1963 ], [ -80.4292, 25.2358 ], [ -80.434, 25.2361 ], [ -80.4288, 25.2019 ], [ -80.3841, 25.1669 ], [ -80.4044, 25.1387 ], [ -80.4872, 25.2123 ], [ -80.4874, 25.2073 ] ] ] } },
{ "type": "Feature", "properties": { "i": 64 }, "geometry": { "type": "Polygon", "coordinates": [ [ [ -99.5346, 42.998 ], [ -99.9184, 42.998 ], [ -100.8754, 42.9978 ], [ -101.6254, 42.9962 ], [ -102.1254, 42.9992 ], [ -102.7926, 42.9999 ], [ -102.7927, 42.7852 ], [ -102.7734, 42.7853 ], [ -102.7732, 42.44 ], [ -102.7499, 42.44 ], [ -102.7423, 42.0923 ], [ -102.7024, 42.0927 ], [ -102.6776, 42.0053 ], [ -102.6784, 41.8015 ], [ -102.6365, 41.7431 ], [ -102.6367, 41.3952 ], [ -102.6098, 41.3951 ], [ -102.6102, 41.0482 ], [ -102.6209, 41.0029 ], [ -102.0516, 41.0029 ], [ -102.0513, 40.7559 ], [ -102.0513, 40.7398 ], [ -102.0515, 40.44 ], [ -102.0515, 40.4181 ], [ -102.0515, 40.3492 ], [ -101.702, 40.3494 ], [ -100.9067, 40.3495 ], [ -100.1978, 40.35 ], [ -100.0952, 40.3514 ], [ -100.0953, 40.4384 ], [ -99.9823, 40.4382 ], [ -99.9816, 40.6997 ], [ -100.2241, 40.7003 ], [ -100.2242, 41.0466 ], [ -99.5004, 41.0462 ], [ -99.2077, 41.047 ], [ -99.2033, 41.3941 ], [ -99.2124, 41.3946 ], [ -99.2123, 41.7402 ], [ -98.5854, 41.7403 ], [ -98.2958, 41.7413 ], [ -98.3004, 42.0888 ], [ -98.3001, 42.4369 ], [ -98.3097, 42.8818 ], [ -98.467, 42.9473 ], [ -98.501, 42.9986 ], [ -98.8999, 42.9981 ], [ -99.5346, 42.998 ] ] ] } },
{ "type": "Feature", "properties": { "i": 65 }, "geometry": { "type": "MultiPolygon", "coordinates": [ [ [ [ -91.9005, 29.6394 ], [ -91.9341, 29.613 ], [ -92.0057, 29.6049 ], [ -92.0268, 29.5668 ], [ -91.8642, 29.5028 ], [ -91.8457, 29.4787 ], [ -91.7668, 29.4897 ], [ -91.7682, 29.5158 ], [ -91.7104, 29.5557 ], [ -91.7384, 29.5765 ], [ -91.9005, 29.6394 ] ] ], [ [ [ -91.823, 29.8101 ], [ -91.8831, 29.7478 ], [ -91.8395, 29.7144 ], [ -91.7837, 29.7407 ], [ -91.7359, 29.749 ], [ -91.7188, 29.7384 ], [ -91.6671, 29.7458 ], [ -91.7168, 29.7667 ], [ -91.7682, 29.7636 ], [ -91.8129, 29.7857 ], [ -91.823, 29.8101 ] ] ], [ [ [ -91.8503, 29.8444 ], [ -91.9261, 29.8444 ], [ -91.9779, 29.8356 ], [ -92.1393, 29.7833 ], [ -92.1116, 29.7418 ], [ -92.0371, 29.7811 ], [ -91.8503, 29.8444 ] ] ], [ [ [ -92.0084, 31.3259 ], [ -92.0685, 31.3276 ], [ -92.1205, 31.3798 ], [ -92.1962, 31.4779 ], [ -92.6318, 31.3908 ], [ -92.6952, 31.4063 ], [ -92.6843, 31.4479 ], [ -92.7185, 31.5183 ], [ -92.8132, 31.4413 ], [ -92.9471, 31.3467 ], [ -93.0323, 31.3643 ], [ -93.3894, 31.3641 ], [ -93.4427, 31.2767 ], [ -93.5351, 31.2756 ], [ -93.5449, 31.2031 ], [ -93.6108, 31.1755 ], [ -93.9111, 31.1581 ], [ -94.0336, 31.1353 ], [ -94.0619, 31.1134 ], [ -94.4659, 31.0319 ], [ -94.5615, 31.0599 ], [ -94.6573, 31.0123 ], [ -94.5394, 30.5002 ], [ -94.5507, 30.491 ], [ -94.7315, 30.4868 ], [ -94.5963, 30.1121 ], [ -94.4451, 30.1093 ], [ -94.4422, 29.887 ], [ -94.358, 29.8875 ], [ -94.3541, 29.5605 ], [ -94.1326, 29.6462 ], [ -94.0014, 29.6815 ], [ -93.8795, 29.6732 ], [ -93.8387, 29.683 ], [ -93.9016, 29.7661 ], [ -93.9368, 29.7812 ], [ -93.9287, 29.8594 ], [ -93.8746, 29.9242 ], [ -93.856, 29.9687 ], [ -93.7947, 29.998 ], [ -93.7572, 29.9682 ], [ -93.769, 29.8898 ], [ -93.8069, 29.8289 ], [ -93.9053, 29.7952 ], [ -93.8895, 29.7548 ], [ -93.8333, 29.6937 ], [ -93.7456, 29.7359 ], [ -93.4857, 29.7687 ], [ -93.3481, 29.759 ], [ -93.3489, 29.8194 ], [ -93.3793, 29.8205 ], [ -93.4349, 29.8723 ], [ -93.345, 29.8752 ], [ -93.33, 30.0522 ], [ -93.2692, 30.0236 ], [ -93.2759, 29.9718 ], [ -93.2392, 29.927 ], [ -93.2443, 29.8521 ], [ -93.3277, 29.8402 ], [ -93.3451, 29.8018 ], [ -93.2971, 29.7748 ], [ -93.239, 29.7784 ], [ -93.1385, 29.76 ], [ -93.0585, 29.7698 ], [ -93.0098, 29.7252 ], [ -92.9463, 29.7037 ], [ -92.7402, 29.6158 ], [ -92.615, 29.5785 ], [ -92.3976, 29.5508 ], [ -92.317, 29.534 ], [ -92.2595, 29.5368 ], [ -92.1577, 29.5818 ], [ -92.1059, 29.5863 ], [ -92.1328, 29.6605 ], [ -92.2073, 29.7522 ], [ -92.1431, 29.7902 ], [ -92.1232, 29.7895 ], [ -92.0012, 29.8297 ], [ -91.9739, 29.8373 ], [ -91.9293, 29.8454 ], [ -91.8471, 29.845 ], [ -91.8241, 29.8328 ], [ -91.8125, 29.7864 ], [ -91.7684, 29.7644 ], [ -91.7179, 29.7678 ], [ -91.6967, 29.7615 ], [ -91.6131, 29.76 ], [ -91.6251, 29.6262 ], [ -91.5535, 29.6328 ], [ -91.5257, 29.5464 ], [ -91.425, 29.5583 ], [ -91.4204, 29.5157 ], [ -91.3519, 29.4965 ], [ -91.2719, 29.511 ], [ -91.2881, 29.542 ], [ -91.2737, 29.553 ], [ -91.2572, 29.5449 ], [ -91.235, 29.5511 ], [ -91.2271, 29.5579 ], [ -91.2257, 29.5597 ], [ -91.2251, 29.5601 ], [ -91.2244, 29.5607 ], [ -91.2229, 29.5631 ], [ -91.2252, 29.5763 ], [ -91.2241, 29.5779 ], [ -91.2201, 29.5821 ], [ -91.219, 29.5839 ], [ -91.2181, 29.5845 ], [ -91.2172, 29.5855 ], [ -91.216, 29.5867 ], [ -91.2138, 29.5885 ], [ -91.2125, 29.5895 ], [ -91.2118, 29.5901 ], [ -91.211, 29.5909 ], [ -91.2102, 29.5913 ], [ -91.2083, 29.5925 ], [ -91.2073, 29.5935 ], [ -91.2018, 29.5975 ], [ -91.2008, 29.5987 ], [ -91.1969, 29.6005 ], [ -91.1837, 29.6081 ], [ -91.1798, 29.6095 ], [ -91.1787, 29.6097 ], [ -91.177, 29.6097 ], [ -91.1761, 29.6093 ], [ -91.1753, 29.6089 ], [ -91.1746, 29.6083 ], [ -91.1742, 29.6075 ], [ -91.1739, 29.6055 ], [ -91.174, 29.6039 ], [ -91.1744, 29.6021 ], [ -91.1742, 29.5999 ], [ -91.174, 29.5991 ], [ -91.1736, 29.5985 ], [ -91.1729, 29.5975 ], [ -91.1673, 29.5937 ], [ -91.1637, 29.5927 ], [ -91.1614, 29.5931 ], [ -91.1604, 29.5935 ], [ -91.1576, 29.5953 ], [ -91.1568, 29.5959 ], [ -91.1562, 29.5969 ], [ -91.1556, 29.5981 ], [ -91.1548, 29.6003 ], [ -91.1535, 29.6025 ], [ -91.1059, 29.6437 ], [ -91.0999, 29.6579 ], [ -91.0992, 29.6651 ], [ -91.0988, 29.6729 ], [ -91.0985, 29.6763 ], [ -91.0981, 29.6907 ], [ -91.1057, 29.7347 ], [ -91.0897, 29.7556 ], [ -91.093, 29.8007 ], [ -91.0995, 29.8146 ], [ -91.1116, 29.8266 ], [ -91.1322, 29.8371 ], [ -91.1502, 29.8368 ], [ -91.1527, 29.8379 ], [ -91.1548, 29.8394 ], [ -91.1581, 29.8409 ], [ -91.1637, 29.8424 ], [ -91.1672, 29.8431 ], [ -91.1714, 29.8439 ], [ -91.1753, 29.8447 ], [ -91.1789, 29.8453 ], [ -91.1837, 29.8465 ], [ -91.1878, 29.8492 ], [ -91.19, 29.8514 ], [ -91.1932, 29.8556 ], [ -91.1986, 29.8597 ], [ -91.1998, 29.8611 ], [ -91.2069, 29.8965 ], [ -91.216, 29.9089 ], [ -91.224, 29.9116 ], [ -91.2262, 29.9137 ], [ -91.2316, 29.9179 ], [ -91.231, 29.9351 ], [ -91.2505, 29.9567 ], [ -91.2513, 29.9593 ], [ -91.2512, 29.9626 ], [ -91.2524, 29.9655 ], [ -91.2545, 29.969 ], [ -91.2549, 29.9719 ], [ -91.2574, 29.9804 ], [ -91.2599, 29.9874 ], [ -91.2597, 29.9912 ], [ -91.2587, 30.0006 ], [ -91.2545, 30.0013 ], [ -91.2441, 30.0002 ], [ -91.2361, 30.001 ], [ -91.2414, 30.0294 ], [ -91.259, 30.0436 ], [ -91.2635, 30.0505 ], [ -91.2644, 30.0546 ], [ -91.2692, 30.0593 ], [ -91.3362, 30.059 ], [ -91.3676, 30.0559 ], [ -91.37, 30.0608 ], [ -91.3719, 30.0622 ], [ -91.3706, 30.0657 ], [ -91.369, 30.0683 ], [ -91.369, 30.0728 ], [ -91.3698, 30.0757 ], [ -91.3713, 30.0803 ], [ -91.3734, 30.0831 ], [ -91.3757, 30.0856 ], [ -91.3807, 30.0969 ], [ -91.3894, 30.1023 ], [ -91.457, 30.1024 ], [ -91.4612, 30.1025 ], [ -91.4641, 30.1031 ], [ -91.4678, 30.1069 ], [ -91.4708, 30.1102 ], [ -91.4719, 30.1125 ], [ -91.4717, 30.1151 ], [ -91.4643, 30.1238 ], [ -91.4615, 30.1312 ], [ -91.469, 30.1399 ], [ -91.4722, 30.1422 ], [ -91.4682, 30.1503 ], [ -91.472, 30.1862 ], [ -91.4897, 30.2006 ], [ -91.4853, 30.2148 ], [ -91.4822, 30.2177 ], [ -91.4813, 30.2212 ], [ -91.4795, 30.224 ], [ -91.4753, 30.2293 ], [ -91.5094, 30.2405 ], [ -91.545, 30.2399 ], [ -91.5547, 30.2419 ], [ -91.5591, 30.2418 ], [ -91.5634, 30.2422 ], [ -91.588, 30.2571 ], [ -91.5903, 30.2602 ], [ -91.5911, 30.2637 ], [ -91.5908, 30.2668 ], [ -91.5904, 30.2774 ], [ -91.604, 30.2894 ], [ -91.6105, 30.2976 ], [ -91.6191, 30.3071 ], [ -91.6211, 30.3099 ], [ -91.6255, 30.3234 ], [ -91.6273, 30.3311 ], [ -91.6247, 30.3418 ], [ -91.6286, 30.3556 ], [ -91.6414, 30.3617 ], [ -91.6477, 30.3654 ], [ -91.6282, 30.379 ], [ -91.625, 30.3953 ], [ -91.6398, 30.442 ], [ -91.7335, 30.5215 ], [ -91.7571, 30.5634 ], [ -91.754, 30.6174 ], [ -91.7327, 30.6681 ], [ -91.736, 30.6851 ], [ -91.7336, 30.6964 ], [ -91.7339, 30.7026 ], [ -91.7379, 30.7121 ], [ -91.7402, 30.7151 ], [ -91.7433, 30.7185 ], [ -91.7463, 30.7233 ], [ -91.7516, 30.7351 ], [ -91.7578, 30.7413 ], [ -91.7563, 30.7601 ], [ -91.7637, 30.7733 ], [ -91.7661, 30.7809 ], [ -91.7683, 30.7847 ], [ -91.7711, 30.7875 ], [ -91.7739, 30.7904 ], [ -91.7774, 30.7936 ], [ -91.7874, 30.7979 ], [ -91.7902, 30.7997 ], [ -91.7929, 30.8011 ], [ -91.8001, 30.8062 ], [ -91.8033, 30.8073 ], [ -91.8002, 30.9252 ], [ -91.8008, 30.9276 ], [ -91.8021, 30.9363 ], [ -91.8031, 30.9402 ], [ -91.8025, 30.9508 ], [ -91.8028, 30.9557 ], [ -91.8033, 30.9593 ], [ -91.804, 30.9618 ], [ -91.8057, 30.9692 ], [ -91.806, 30.9725 ], [ -91.8053, 30.9751 ], [ -91.8026, 30.9788 ], [ -91.8, 30.9808 ], [ -91.7973, 30.9824 ], [ -91.7945, 30.9831 ], [ -91.7884, 30.9845 ], [ -91.7831, 30.9856 ], [ -91.7801, 30.987 ], [ -91.7776, 30.9899 ], [ -91.7759, 30.9944 ], [ -91.7745, 31.0014 ], [ -91.7726, 31.0047 ], [ -91.7701, 31.007 ], [ -91.7673, 31.0092 ], [ -91.723, 31.0438 ], [ -91.706, 31.1136 ], [ -91.7191, 31.1334 ], [ -91.6775, 31.1879 ], [ -91.7925, 31.2267 ], [ -91.8377, 31.2677 ], [ -91.9269, 31.2948 ], [ -91.9704, 31.2278 ], [ -91.9946, 31.2299 ], [ -92.0198, 31.2989 ], [ -92.0084, 31.3259 ] ] ] ] } },
{ "type": "Feature", "properties": { "i": 67 }, "geometry": { "type": "Polygon", "coordinates": [ [ [ -114.2811, 41.9945 ], [ -114.5983, 41.9945 ], [ -114.8068, 42.0018 ], [ -115.0318, 41.996 ], [ -115.8702, 41.9969 ], [ -116.3773, 41.9963 ], [ -117.0262, 42.0002 ], [ -117.6336, 41.9981 ], [ -118.1905, 41.997 ], [ -118.6961, 41.9918 ], [ -119.3242, 41.9942 ], [ -119.3275, 41.6249 ], [ -119.3234, 41.4146 ], [ -119.3045, 41.4147 ], [ -119.3058, 41.2351 ], [ -119.3311, 41.234 ], [ -119.3297, 40.9604 ], [ -118.7867, 40.9608 ], [ -118.7867, 40.8559 ], [ -118.4387, 40.8557 ], [ -117.6442, 40.8578 ], [ -117.643, 40.6843 ], [ -117.3098, 40.6835 ], [ -117.3, 40.6763 ], [ -117.3004, 40.5271 ], [ -117.5418, 40.001 ], [ -117.4778, 39.9395 ], [ -117.4616, 39.8865 ], [ -117.488, 39.8261 ], [ -117.4951, 39.7493 ], [ -117.4644, 39.6785 ], [ -117.4619, 39.6227 ], [ -117.4932, 39.5363 ], [ -117.5896, 39.5175 ], [ -117.6455, 39.4275 ], [ -117.699, 39.3851 ], [ -117.7497, 39.3837 ], [ -117.7525, 39.3119 ], [ -117.7216, 39.2154 ], [ -117.7915, 39.1691 ], [ -117.8002, 39.088 ], [ -118.1963, 38.9999 ], [ -118.196, 38.9189 ], [ -117.6915, 38.4742 ], [ -117.2412, 38.0698 ], [ -117.2411, 38.0501 ], [ -116.4959, 38.0415 ], [ -115.8935, 38.0505 ], [ -115.3759, 38.0507 ], [ -115.0008, 38.0509 ], [ -115.0008, 38.6773 ], [ -114.0498, 38.6767 ], [ -114.049, 38.9863 ], [ -114.0471, 39.5003 ], [ -114.0465, 39.9957 ], [ -114.0462, 40.3987 ], [ -114.0429, 40.7947 ], [ -114.0404, 41.3753 ], [ -114.0413, 41.9815 ], [ -114.0416, 41.9927 ], [ -114.1604, 41.994 ], [ -114.1849, 41.9941 ], [ -114.2347, 41.9941 ], [ -114.2361, 41.9941 ], [ -114.2739, 41.9942 ], [ -114.2811, 41.9945 ] ] ] } },
{ "type": "Feature", "properties": { "i": 68 }, "geometry": { "type": "Polygon", "coordinates": [ [ [ -83.9803, 38.4378 ], [ -84.0874, 38.455 ], [ -84.1601, 38.5011 ], [ -84.2051, 38.5825 ], [ -84.3951, 38.5613 ], [ -84.4854, 38.5085 ], [ -84.5627, 38.4904 ], [ -84.7061, 38.37 ], [ -84.793, 38.3387 ], [ -84.8946, 38.3756 ], [ -84.8807, 38.4153 ], [ -84.9612, 38.4344 ], [ -84.9561, 38.4731 ], [ -85.0294, 38.5122 ], [ -85.0028, 38.5532 ], [ -85.0743, 38.5965 ], [ -85.2116, 38.5806 ], [ -85.2295, 38.6271 ], [ -85.3299, 38.7268 ], [ -85.2461, 38.7313 ], [ -85.2017, 38.6964 ], [ -85.2032, 38.9116 ], [ -85.4449, 38.913 ], [ -85.5368, 38.9122 ], [ -85.5379, 38.8827 ], [ -85.6106, 38.8242 ], [ -85.7121, 38.8283 ], [ -85.7944, 38.8079 ], [ -85.8423, 38.7399 ], [ -85.8752, 38.7283 ], [ -85.9635, 38.7632 ], [ -86.0405, 38.7609 ], [ -86.0624, 38.7783 ], [ -86.1355, 38.7631 ], [ -86.1972, 38.7807 ], [ -86.2824, 38.7611 ], [ -86.3084, 38.6878 ], [ -86.6831, 38.6872 ], [ -86.6824, 38.5262 ], [ -86.8373, 38.5265 ], [ -86.8779, 38.4959 ], [ -86.9406, 38.4941 ], [ -86.9956, 38.5132 ], [ -87.0724, 38.5144 ], [ -87.0731, 38.2038 ], [ -86.7915, 38.206 ], [ -86.8041, 38.1469 ], [ -86.7673, 38.0942 ], [ -86.7715, 38.002 ], [ -86.8626, 37.983 ], [ -86.9345, 37.9088 ], [ -86.8538, 37.8401 ], [ -86.8173, 37.7903 ], [ -86.8232, 37.7377 ], [ -86.8668, 37.7088 ], [ -86.8183, 37.6738 ], [ -86.9206, 37.6246 ], [ -86.9511, 37.6297 ], [ -87.0496, 37.5517 ], [ -87.1031, 37.481 ], [ -87.097, 37.3745 ], [ -87.0357, 37.365 ], [ -86.9965, 37.3283 ], [ -86.9826, 37.2698 ], [ -86.9075, 37.222 ], [ -86.9234, 37.1424 ], [ -86.8951, 37.0887 ], [ -87.0532, 37.0605 ], [ -87.0608, 36.6432 ], [ -86.5899, 36.6525 ], [ -86.5634, 36.6336 ], [ -86.5075, 36.6524 ], [ -86.3586, 36.6498 ], [ -86.0329, 36.6304 ], [ -85.8322, 36.622 ], [ -85.4886, 36.615 ], [ -85.2712, 36.6266 ], [ -84.9751, 36.6158 ], [ -84.9996, 36.6268 ], [ -85.0199, 36.7191 ], [ -85.0047, 36.7547 ], [ -85.0643, 36.8589 ], [ -84.9041, 36.9482 ], [ -84.8357, 36.9973 ], [ -84.9059, 37.0472 ], [ -84.9008, 37.1166 ], [ -84.8094, 37.175 ], [ -84.5558, 37.3555 ], [ -84.5029, 37.3287 ], [ -84.447, 37.4859 ], [ -84.3741, 37.473 ], [ -84.3476, 37.5389 ], [ -84.3013, 37.5232 ], [ -84.2001, 37.5221 ], [ -84.1723, 37.5571 ], [ -84.0905, 37.5662 ], [ -84.1269, 37.6428 ], [ -84.0925, 37.6679 ], [ -84.1064, 37.7753 ], [ -84.0759, 37.8239 ], [ -84.0074, 37.8598 ], [ -83.966, 37.931 ], [ -84.0802, 38.1154 ], [ -83.8505, 38.2961 ], [ -83.8355, 38.3176 ], [ -83.9048, 38.366 ], [ -83.9803, 38.4378 ] ] ] } },
{ "type": "Feature", "properties": { "i": 69 }, "geometry": { "type": "Polygon", "coordinates": [ [ [ -87.8052, 42.492 ], [ -88.1153, 42.4962 ], [ -88.8041, 42.4921 ], [ -89.4014, 42.5002 ], [ -89.3963, 42.2027 ], [ -89.6885, 42.1991 ], [ -89.6869, 41.9307 ], [ -89.6292, 41.9287 ], [ -89.6324, 41.5849 ], [ -89.1665, 41.5848 ], [ -89.1622, 41.1041 ], [ -89.0476, 41.1043 ], [ -89.0476, 40.9259 ], [ -88.9314, 40.9272 ], [ -88.9294, 40.7533 ], [ -88.5843, 40.7575 ], [ -88.5744, 40.6165 ], [ -88.4594, 40.6173 ], [ -88.4603, 40.3991 ], [ -87.9325, 40.3995 ], [ -87.9355, 40.4861 ], [ -87.5266, 40.4919 ], [ -87.5265, 40.4765 ], [ -87.0978, 40.4758 ], [ -87.0953, 40.5637 ], [ -87.0998, 40.8376 ], [ -86.9865, 40.8379 ], [ -86.9875, 40.9122 ], [ -86.9305, 40.9125 ], [ -86.9294, 41.4352 ], [ -86.9327, 41.7101 ], [ -87.1221, 41.6453 ], [ -87.2615, 41.6203 ], [ -87.3243, 41.623 ], [ -87.4334, 41.6489 ], [ -87.5089, 41.6941 ], [ -87.5307, 41.7482 ], [ -87.6005, 41.8268 ], [ -87.6408, 41.967 ], [ -87.6824, 42.0757 ], [ -87.7154, 42.0989 ], [ -87.7914, 42.1947 ], [ -87.8286, 42.2699 ], [ -87.826, 42.356 ], [ -87.8054, 42.3847 ], [ -87.8052, 42.492 ] ] ] } },
{ "type": "Feature", "properties": { "i": 70 }, "geometry": { "type": "MultiPolygon", "coordinates": [ [ [ [ -118.5863, 33.0372 ], [ -118.5927, 33.0091 ], [ -118.5499, 32.9168 ], [ -118.4994, 32.8518 ], [ -118.4283, 32.8036 ], [ -118.3676, 32.8374 ], [ -118.4912, 32.9285 ], [ -118.5863, 33.0372 ] ] ], [ [ [ -119.5343, 33.2848 ], [ -119.544, 33.2319 ], [ -119.4702, 33.2142 ], [ -119.4652, 33.2594 ], [ -119.5343, 33.2848 ] ] ], [ [ [ -118.6061, 33.479 ], [ -118.5743, 33.4402 ], [ -118.4886, 33.4192 ], [ -118.4883, 33.357 ], [ -118.4563, 33.3218 ], [ -118.3836, 33.3211 ], [ -118.3252, 33.2991 ], [ -118.3161, 33.3429 ], [ -118.3673, 33.4068 ], [ -118.4727, 33.4421 ], [ -118.5364, 33.4761 ], [ -118.6061, 33.479 ] ] ], [ [ [ -120.0546, 34.0375 ], [ -120.1404, 34.026 ], [ -120.1673, 34.0082 ], [ -120.2369, 34.0093 ], [ -120.1681, 33.9172 ], [ -120.1201, 33.8945 ], [ -119.9772, 33.9426 ], [ -119.9843, 33.9839 ], [ -120.0384, 33.9924 ], [ -120.0546, 34.0375 ] ] ], [ [ [ -120.3658, 34.0741 ], [ -120.4138, 34.0326 ], [ -120.3594, 34.0138 ], [ -120.3658, 34.0741 ] ] ], [ [ [ -119.917, 34.0773 ], [ -119.8756, 34.0305 ], [ -119.8744, 33.9805 ], [ -119.7899, 33.9594 ], [ -119.7218, 33.9596 ], [ -119.6524, 33.988 ], [ -119.5597, 33.9954 ], [ -119.5216, 34.0324 ], [ -119.5634, 34.0557 ], [ -119.6175, 34.0172 ], [ -119.6865, 34.0198 ], [ -119.7587, 34.0588 ], [ -119.8177, 34.0523 ], [ -119.917, 34.0773 ] ] ], [ [ [ -121.3496, 35.7978 ], [ -121.3171, 35.7555 ], [ -121.285, 35.6668 ], [ -121.1663, 35.6351 ], [ -121.1039, 35.5519 ], [ -121.0024, 35.4606 ], [ -120.8848, 35.4302 ], [ -120.8459, 35.3545 ], [ -120.896, 35.2469 ], [ -120.8704, 35.2199 ], [ -120.7605, 35.1597 ], [ -120.7371, 35.1789 ], [ -120.6511, 35.1478 ], [ -120.6321, 35.1095 ], [ -120.6352, 35.0234 ], [ -120.6705, 34.9054 ], [ -120.6105, 34.8394 ], [ -120.6374, 34.7559 ], [ -120.601, 34.7007 ], [ -120.6453, 34.5881 ], [ -120.5114, 34.523 ], [ -120.472, 34.4489 ], [ -120.2897, 34.4701 ], [ -120.1349, 34.473 ], [ -120.0081, 34.4604 ], [ -119.874, 34.4088 ], [ -119.7948, 34.4176 ], [ -119.7091, 34.3954 ], [ -119.6169, 34.421 ], [ -119.461, 34.3741 ], [ -119.3904, 34.3182 ], [ -119.2822, 34.2702 ], [ -119.2164, 34.1461 ], [ -119.1302, 34.1001 ], [ -119.089, 34.1006 ], [ -118.9369, 34.0429 ], [ -118.8507, 34.0329 ], [ -118.8074, 34.0001 ], [ -118.7449, 34.0321 ], [ -118.5431, 34.0385 ], [ -118.4842, 33.9977 ], [ -118.4424, 33.9403 ], [ -118.3912, 33.8384 ], [ -118.4284, 33.7747 ], [ -118.4116, 33.7408 ], [ -118.286, 33.706 ], [ -118.1814, 33.7174 ], [ -118.1755, 33.7636 ], [ -118.1124, 33.7473 ], [ -118.0591, 33.8447 ], [ -117.9766, 33.9026 ], [ -117.9764, 33.9459 ], [ -117.7942, 33.9465 ], [ -117.8029, 33.9756 ], [ -117.7677, 34.0238 ], [ -117.7367, 34.0187 ], [ -117.6776, 34.1652 ], [ -117.6456, 34.2899 ], [ -117.6667, 34.558 ], [ -117.6673, 34.8225 ], [ -118.4487, 34.8177 ], [ -118.8945, 34.8177 ], [ -118.9767, 34.8122 ], [ -119.2436, 34.8142 ], [ -119.2436, 34.8576 ], [ -119.278, 34.8797 ], [ -119.3819, 34.8797 ], [ -119.3831, 34.9009 ], [ -119.4728, 34.9012 ], [ -119.4727, 35.0769 ], [ -119.5609, 35.0889 ], [ -119.554, 35.18 ], [ -119.6671, 35.1751 ], [ -119.6667, 35.2621 ], [ -119.8095, 35.2637 ], [ -119.8093, 35.3509 ], [ -119.8799, 35.3512 ], [ -119.88, 35.4391 ], [ -119.997, 35.44 ], [ -119.9974, 35.4687 ], [ -120.0866, 35.5279 ], [ -120.0868, 35.6145 ], [ -120.1939, 35.6143 ], [ -120.194, 35.7892 ], [ -120.2152, 35.7897 ], [ -120.682, 35.7908 ], [ -121.3458, 35.795 ], [ -121.3496, 35.7978 ] ] ] ] } },
{ "type": "Feature", "properties": { "i": 71 }, "geometry": { "type": "Polygon", "coordinates": [ [ [ -90.9127, 40.193 ], [ -91.5051, 40.2 ], [ -91.5002, 40.2488 ], [ -91.9507, 40.2573 ], [ -91.9498, 40.3008 ], [ -92.3484, 40.3028 ], [ -92.3448, 39.9533 ], [ -92.2879, 39.9525 ], [ -92.3144, 39.2466 ], [ -92.4302, 39.2486 ], [ -92.5546, 39.016 ], [ -92.5675, 38.9763 ], [ -92.4991, 38.9209 ], [ -92.6166, 38.6939 ], [ -92.6172, 38.68 ], [ -92.8398, 38.6844 ], [ -92.8414, 38.5964 ], [ -92.6245, 38.4307 ], [ -92.4048, 38.4254 ], [ -92.4076, 38.3413 ], [ -92.1945, 38.3355 ], [ -92.1957, 38.2922 ], [ -92.0276, 38.2888 ], [ -91.8628, 38.2933 ], [ -91.6447, 38.2886 ], [ -91.6443, 38.1537 ], [ -91.5258, 38.1525 ], [ -91.5288, 37.789 ], [ -91.3084, 37.7872 ], [ -91.3104, 37.7 ], [ -91.1532, 37.6972 ], [ -91.1551, 37.5888 ], [ -91.3123, 37.5928 ], [ -91.3142, 37.5051 ], [ -91.2109, 37.5011 ], [ -91.2119, 37.4153 ], [ -91.1765, 37.4148 ], [ -91.1761, 37.3134 ], [ -91.1255, 37.1995 ], [ -91.017, 37.1431 ], [ -91.0178, 37.0957 ], [ -90.9636, 37.0973 ], [ -90.9645, 37.0536 ], [ -90.7796, 37.0503 ], [ -90.779, 37.1378 ], [ -90.7371, 37.1677 ], [ -90.7355, 37.271 ], [ -90.5506, 37.2726 ], [ -90.5497, 37.3172 ], [ -90.1457, 37.3121 ], [ -90.1385, 37.5412 ], [ -90.1468, 37.6416 ], [ -90.1107, 37.6716 ], [ -90.0, 37.8214 ], [ -89.9382, 37.8746 ], [ -89.9029, 37.8697 ], [ -89.8438, 37.9054 ], [ -89.7972, 37.8615 ], [ -89.6804, 37.8228 ], [ -89.5951, 37.9554 ], [ -89.5928, 38.2192 ], [ -89.1477, 38.2129 ], [ -89.1442, 38.4745 ], [ -88.699, 38.4752 ], [ -88.6985, 38.606 ], [ -88.6936, 38.9147 ], [ -88.807, 38.9118 ], [ -88.8056, 39.2161 ], [ -89.1397, 39.2174 ], [ -89.1397, 39.3488 ], [ -89.5309, 39.3488 ], [ -89.5338, 39.5246 ], [ -90.1283, 39.5204 ], [ -90.5805, 39.5217 ], [ -90.577, 39.5606 ], [ -90.6457, 39.6972 ], [ -90.5666, 39.8332 ], [ -90.5861, 39.8714 ], [ -90.5408, 39.9147 ], [ -90.5122, 39.9839 ], [ -90.6026, 40.0042 ], [ -90.6778, 40.0522 ], [ -90.7053, 40.104 ], [ -90.9136, 40.1044 ], [ -90.9127, 40.193 ] ] ] } },
{ "type": "Feature", "properties": { "i": 72 }, "geometry": { "type": "Polygon", "coordinates": [ [ [ -100.0004, 34.7468 ], [ -100.7785, 34.7483 ], [ -101.441, 34.7474 ], [ -101.9993, 34.7482 ], [ -102.3888, 34.7461 ], [ -103.0428, 34.7465 ], [ -103.0436, 34.2748 ], [ -103.044, 33.9744 ], [ -103.0526, 33.5714 ], [ -103.0533, 33.5409 ], [ -103.0535, 33.5327 ], [ -103.0541, 33.5069 ], [ -103.0544, 33.4869 ], [ -103.0566, 33.3971 ], [ -103.0564, 33.3883 ], [ -103.0568, 33.379 ], [ -103.0579, 33.3152 ], [ -103.0581, 33.3038 ], [ -103.0603, 33.208 ], [ -103.0608, 33.1837 ], [ -103.0617, 33.1401 ], [ -103.0621, 33.1248 ], [ -103.0627, 33.097 ], [ -103.0629, 33.0867 ], [ -103.0632, 33.0756 ], [ -103.0637, 33.0495 ], [ -103.0641, 33.0323 ], [ -103.0645, 33.0093 ], [ -103.049, 32.9592 ], [ -103.0441, 32.9592 ], [ -103.0261, 32.9593 ], [ -103.0146, 32.9594 ], [ -102.9324, 32.9589 ], [ -102.8755, 32.959 ], [ -102.8458, 32.9587 ], [ -102.8356, 32.9587 ], [ -102.8242, 32.9587 ], [ -102.7669, 32.9587 ], [ -102.5909, 32.9588 ], [ -102.5194, 32.9587 ], [ -102.468, 32.9589 ], [ -102.3906, 32.9587 ], [ -102.3755, 32.9587 ], [ -102.3132, 32.9588 ], [ -102.2519, 32.9587 ], [ -102.2449, 32.9587 ], [ -102.2091, 32.9589 ], [ -102.1989, 32.959 ], [ -102.1694, 32.9592 ], [ -102.1411, 32.9593 ], [ -102.1191, 32.9593 ], [ -102.0845, 32.9596 ], [ -102.0762, 32.9597 ], [ -102.0276, 32.9601 ], [ -102.0126, 32.9602 ], [ -101.9647, 32.9604 ], [ -101.8838, 32.9608 ], [ -101.8761, 32.9608 ], [ -101.8681, 32.9609 ], [ -101.7985, 32.9614 ], [ -101.7637, 32.9612 ], [ -101.7504, 32.9613 ], [ -101.7373, 32.9616 ], [ -101.7272, 32.9616 ], [ -101.7099, 32.962 ], [ -101.7013, 32.9619 ], [ -101.6842, 32.9618 ], [ -101.6582, 32.9617 ], [ -101.5134, 32.9614 ], [ -101.4178, 32.9622 ], [ -101.3432, 32.9626 ], [ -101.3371, 32.9626 ], [ -101.3233, 32.9627 ], [ -101.3144, 32.9628 ], [ -101.3011, 32.9629 ], [ -101.2874, 32.963 ], [ -101.167, 32.9639 ], [ -101.1617, 32.9642 ], [ -101.137, 32.9654 ], [ -101.108, 32.9669 ], [ -101.0605, 32.9692 ], [ -100.9902, 32.9651 ], [ -100.9227, 32.9649 ], [ -100.8802, 32.9645 ], [ -100.8611, 32.9643 ], [ -100.847, 32.9642 ], [ -100.7504, 32.9641 ], [ -100.7072, 32.9639 ], [ -100.6874, 32.964 ], [ -100.6262, 32.963 ], [ -100.4796, 32.9629 ], [ -100.438, 32.9625 ], [ -100.4028, 32.9622 ], [ -100.3551, 32.9617 ], [ -100.3419, 32.9616 ], [ -100.3221, 32.9615 ], [ -100.28, 32.9611 ], [ -100.2106, 32.9605 ], [ -100.0732, 32.96 ], [ -100.0004, 32.9602 ], [ -99.989, 32.9847 ], [ -99.9892, 33.0112 ], [ -99.9894, 33.2063 ], [ -99.9894, 33.2405 ], [ -99.9894, 33.2499 ], [ -99.9898, 33.2743 ], [ -99.99, 33.2846 ], [ -99.9903, 33.3023 ], [ -99.9909, 33.3408 ], [ -99.9913, 33.3626 ], [ -99.9908, 33.3804 ], [ -99.991, 33.3971 ], [ -99.9967, 33.836 ], [ -100.0485, 33.836 ], [ -100.047, 34.2262 ], [ -99.9976, 34.237 ], [ -100.0004, 34.7468 ] ] ] } },
{ "type": "Feature", "properties": { "i": 73 }, "geometry": { "type": "Polygon", "coordinates": [ [ [ -76.1357, 39.7222 ], [ -76.2001, 39.7214 ], [ -76.2189, 39.7214 ], [ -76.2333, 39.7213 ], [ -76.2416, 39.7211 ], [ -76.3926, 39.7212 ], [ -76.3959, 39.7213 ], [ -76.4242, 39.7212 ], [ -76.5703, 39.7212 ], [ -76.6092, 39.7213 ], [ -76.6379, 39.7212 ], [ -76.7054, 39.7212 ], [ -76.7114, 39.7211 ], [ -76.7834, 39.7209 ], [ -76.816, 39.7206 ], [ -76.82, 39.7206 ], [ -76.9909, 39.7198 ], [ -76.9996, 39.7199 ], [ -77.2171, 39.7199 ], [ -77.5112, 39.7199 ], [ -77.7393, 39.7211 ], [ -77.7551, 39.7212 ], [ -77.799, 39.7217 ], [ -77.8274, 39.7218 ], [ -77.8657, 39.7221 ], [ -78.1715, 39.7225 ], [ -78.2134, 39.7226 ], [ -78.2372, 39.7227 ], [ -78.2693, 39.7226 ], [ -78.2815, 39.7227 ], [ -78.305, 39.7229 ], [ -78.3105, 39.7229 ], [ -78.3201, 39.7229 ], [ -78.3387, 39.7225 ], [ -78.3532, 39.7227 ], [ -78.3571, 39.7227 ], [ -78.3747, 39.7226 ], [ -78.3855, 39.7227 ], [ -78.4012, 39.7228 ], [ -78.4133, 39.7227 ], [ -78.4257, 39.7225 ], [ -78.4454, 39.7228 ], [ -78.4614, 39.7229 ], [ -78.475, 39.7228 ], [ -78.6103, 39.7228 ], [ -78.6247, 39.7229 ], [ -78.7064, 39.7229 ], [ -78.7958, 39.7229 ], [ -78.8272, 39.7229 ], [ -79.2076, 39.722 ], [ -79.3135, 39.722 ], [ -79.3349, 39.7218 ], [ -79.3875, 39.7216 ], [ -79.3921, 39.7219 ], [ -79.402, 39.7216 ], [ -79.4315, 39.7215 ], [ -79.476, 39.7211 ], [ -79.4767, 39.7164 ], [ -79.4769, 39.7018 ], [ -79.4766, 39.6447 ], [ -79.4781, 39.6251 ], [ -79.4789, 39.532 ], [ -79.4824, 39.5317 ], [ -79.486, 39.1914 ], [ -79.472, 39.1808 ], [ -79.4648, 39.1805 ], [ -79.4623, 39.1822 ], [ -79.4567, 39.1833 ], [ -79.4547, 39.1835 ], [ -79.426, 39.1893 ], [ -79.4015, 39.1905 ], [ -79.3899, 39.1999 ], [ -79.3843, 39.1999 ], [ -79.3781, 39.2046 ], [ -79.3754, 39.2032 ], [ -79.3675, 39.1999 ], [ -79.3647, 39.1997 ], [ -79.3615, 39.2016 ], [ -79.3584, 39.2064 ], [ -79.354, 39.2081 ], [ -79.3514, 39.2081 ], [ -79.3449, 39.2131 ], [ -79.3418, 39.2141 ], [ -79.3196, 39.2101 ], [ -79.3175, 39.2117 ], [ -79.3002, 39.2017 ], [ -79.2923, 39.1902 ], [ -79.3115, 39.1784 ], [ -79.3126, 39.1764 ], [ -79.3146, 39.1674 ], [ -79.3218, 39.1637 ], [ -79.3281, 39.1542 ], [ -79.3312, 39.1437 ], [ -79.3288, 39.1377 ], [ -79.3279, 39.1309 ], [ -79.3301, 39.1294 ], [ -79.3346, 39.1239 ], [ -79.3325, 39.1229 ], [ -79.3318, 39.1184 ], [ -79.3378, 39.1139 ], [ -79.3425, 39.1113 ], [ -79.3467, 39.1065 ], [ -79.3488, 39.0994 ], [ -79.3489, 39.0935 ], [ -79.3553, 39.0865 ], [ -79.3426, 39.0838 ], [ -79.316, 39.0706 ], [ -79.3098, 39.0744 ], [ -79.3073, 39.0768 ], [ -79.2987, 39.0703 ], [ -79.3006, 39.0667 ], [ -79.3025, 39.0624 ], [ -79.3028, 39.0527 ], [ -79.3061, 39.0445 ], [ -79.3078, 39.0424 ], [ -79.317, 39.0376 ], [ -79.3106, 39.0275 ], [ -79.312, 39.0214 ], [ -79.3159, 39.0158 ], [ -79.3191, 39.0137 ], [ -79.3242, 38.9999 ], [ -79.3282, 38.9963 ], [ -79.3288, 38.9933 ], [ -79.3301, 38.9871 ], [ -79.3301, 38.9839 ], [ -79.3341, 38.9795 ], [ -79.337, 38.9766 ], [ -79.3403, 38.9702 ], [ -79.3564, 38.9641 ], [ -79.3618, 38.936 ], [ -79.3677, 38.927 ], [ -79.3745, 38.9213 ], [ -79.4002, 38.923 ], [ -79.4071, 38.9229 ], [ -79.4115, 38.9229 ], [ -79.4181, 38.9247 ], [ -79.4466, 38.931 ], [ -79.4531, 38.9304 ], [ -79.4568, 38.9249 ], [ -79.4472, 38.903 ], [ -79.4721, 38.8922 ], [ -79.4755, 38.8908 ], [ -79.4904, 38.8885 ], [ -79.4972, 38.8917 ], [ -79.5025, 38.8927 ], [ -79.5141, 38.8935 ], [ -79.5168, 38.8823 ], [ -79.5154, 38.8641 ], [ -79.5206, 38.8588 ], [ -79.5302, 38.852 ], [ -79.5367, 38.8391 ], [ -79.5309, 38.8359 ], [ -79.5238, 38.8294 ], [ -79.5252, 38.8134 ], [ -79.516, 38.8081 ], [ -79.5066, 38.7966 ], [ -79.5089, 38.7852 ], [ -79.5162, 38.7768 ], [ -79.5198, 38.7722 ], [ -79.5231, 38.7685 ], [ -79.5298, 38.7559 ], [ -79.557, 38.7306 ], [ -79.5606, 38.7246 ], [ -79.561, 38.7179 ], [ -79.5774, 38.7022 ], [ -79.5826, 38.6981 ], [ -79.5864, 38.6952 ], [ -79.5926, 38.6885 ], [ -79.5993, 38.6775 ], [ -79.5985, 38.6752 ], [ -79.5944, 38.6658 ], [ -79.5998, 38.6633 ], [ -79.619, 38.6672 ], [ -79.6202, 38.6554 ], [ -79.6226, 38.6245 ], [ -79.6226, 38.6146 ], [ -79.6255, 38.6131 ], [ -79.6277, 38.6081 ], [ -79.6515, 38.5869 ], [ -79.6627, 38.5701 ], [ -79.6671, 38.5544 ], [ -79.6677, 38.5522 ], [ -79.6701, 38.5326 ], [ -79.6701, 38.5085 ], [ -79.6727, 38.5094 ], [ -79.6777, 38.5102 ], [ -79.6929, 38.4954 ], [ -79.6949, 38.4931 ], [ -79.6958, 38.469 ], [ -79.6886, 38.4578 ], [ -79.6909, 38.4458 ], [ -79.7069, 38.4153 ], [ -79.7418, 38.3535 ], [ -79.7965, 38.3235 ], [ -79.8099, 38.3063 ], [ -79.8041, 38.2987 ], [ -79.8028, 38.2925 ], [ -79.7953, 38.2657 ], [ -79.7538, 38.2427 ], [ -79.7321, 38.233 ], [ -79.6766, 38.2167 ], [ -79.6742, 38.2164 ], [ -79.5988, 38.2048 ], [ -79.5614, 38.1986 ], [ -79.5227, 38.1733 ], [ -79.5265, 38.1705 ], [ -79.5328, 38.154 ], [ -79.5304, 38.1523 ], [ -79.5227, 38.1528 ], [ -79.5095, 38.1549 ], [ -79.4704, 38.1658 ], [ -79.448, 38.1447 ], [ -79.4544, 38.1378 ], [ -79.4745, 38.1178 ], [ -79.4769, 38.1151 ], [ -79.4815, 38.1096 ], [ -79.4825, 38.0857 ], [ -79.4289, 38.0543 ], [ -79.4221, 38.0504 ], [ -79.4034, 38.0392 ], [ -79.3485, 38.0067 ], [ -79.3225, 37.9916 ], [ -79.2933, 37.9755 ], [ -79.2406, 37.946 ], [ -79.2304, 37.9405 ], [ -79.2145, 37.9314 ], [ -79.2013, 37.9242 ], [ -79.152, 37.8801 ], [ -79.151, 37.8773 ], [ -79.1445, 37.8573 ], [ -79.1579, 37.8377 ], [ -79.1587, 37.8255 ], [ -79.161, 37.8069 ], [ -79.1455, 37.8118 ], [ -79.1118, 37.7866 ], [ -79.1037, 37.7866 ], [ -79.0772, 37.782 ], [ -79.067, 37.7701 ], [ -79.0661, 37.7457 ], [ -79.0672, 37.7395 ], [ -79.0692, 37.7311 ], [ -79.0525, 37.7116 ], [ -79.0206, 37.7047 ], [ -78.9987, 37.6997 ], [ -78.9863, 37.6952 ], [ -78.9831, 37.6871 ], [ -78.9746, 37.6784 ], [ -78.9639, 37.6653 ], [ -78.9606, 37.6567 ], [ -78.9596, 37.6539 ], [ -78.9559, 37.6493 ], [ -78.9547, 37.6473 ], [ -78.9309, 37.6037 ], [ -78.9221, 37.5877 ], [ -78.9057, 37.5574 ], [ -78.8985, 37.5445 ], [ -78.8852, 37.5474 ], [ -78.863, 37.5444 ], [ -78.8562, 37.5443 ], [ -78.8463, 37.5382 ], [ -78.835, 37.536 ], [ -78.8232, 37.5399 ], [ -78.8201, 37.5615 ], [ -78.8142, 37.5642 ], [ -78.8166, 37.5715 ], [ -78.8237, 37.5757 ], [ -78.8322, 37.5864 ], [ -78.8285, 37.595 ], [ -78.823, 37.5969 ], [ -78.811, 37.6086 ], [ -78.8234, 37.6219 ], [ -78.8093, 37.6371 ], [ -78.8034, 37.6411 ], [ -78.713, 37.6401 ], [ -78.7134, 37.6457 ], [ -78.7164, 37.6508 ], [ -78.6961, 37.675 ], [ -78.6929, 37.6751 ], [ -78.6942, 37.6964 ], [ -78.6908, 37.6985 ], [ -78.6832, 37.6985 ], [ -78.6682, 37.688 ], [ -78.6537, 37.6774 ], [ -78.642, 37.6832 ], [ -78.655, 37.7018 ], [ -78.6557, 37.7046 ], [ -78.6481, 37.721 ], [ -78.6449, 37.7283 ], [ -78.6355, 37.741 ], [ -78.6285, 37.7465 ], [ -78.585, 37.7554 ], [ -78.5742, 37.7575 ], [ -78.5685, 37.759 ], [ -78.5616, 37.7606 ], [ -78.5379, 37.7624 ], [ -78.5215, 37.7584 ], [ -78.5066, 37.7588 ], [ -78.4968, 37.7781 ], [ -78.4976, 37.7813 ], [ -78.4982, 37.7911 ], [ -78.4939, 37.7959 ], [ -78.4446, 37.8488 ], [ -78.4121, 37.8851 ], [ -78.3882, 37.9128 ], [ -78.3726, 37.9313 ], [ -78.3585, 37.9476 ], [ -78.3247, 37.9861 ], [ -78.3159, 37.9961 ], [ -78.3063, 38.0067 ], [ -78.2763, 38.0397 ], [ -78.2542, 38.0639 ], [ -78.2212, 38.113 ], [ -78.2085, 38.1331 ], [ -78.1669, 38.1345 ], [ -78.1464, 38.1408 ], [ -78.1022, 38.1522 ], [ -78.0959, 38.151 ], [ -78.0767, 38.1423 ], [ -78.047, 38.1358 ], [ -78.0232, 38.1393 ], [ -78.0174, 38.1408 ], [ -77.9999, 38.1356 ], [ -77.9594, 38.1181 ], [ -77.9476, 38.119 ], [ -77.9176, 38.1179 ], [ -77.9136, 38.1155 ], [ -77.8854, 38.1111 ], [ -77.836, 38.1015 ], [ -77.8304, 38.0983 ], [ -77.8196, 38.0878 ], [ -77.7988, 38.0786 ], [ -77.7962, 38.0786 ], [ -77.7903, 38.0766 ], [ -77.7636, 38.0523 ], [ -77.7563, 38.0485 ], [ -77.7476, 38.0482 ], [ -77.7474, 38.0251 ], [ -77.7443, 38.025 ], [ -77.7374, 38.0323 ], [ -77.7303, 38.0253 ], [ -77.7198, 38.0177 ], [ -77.7139, 38.0151 ], [ -77.6771, 38.0063 ], [ -77.6681, 38.0003 ], [ -77.6616, 37.9975 ], [ -77.5812, 38.0477 ], [ -77.5731, 38.0554 ], [ -77.5519, 38.0754 ], [ -77.4579, 38.1644 ], [ -77.4308, 38.1902 ], [ -77.4188, 38.2015 ], [ -77.342, 38.2527 ], [ -77.3352, 38.2479 ], [ -77.3331, 38.246 ], [ -77.3221, 38.244 ], [ -77.3045, 38.2377 ], [ -77.2958, 38.2424 ], [ -77.2913, 38.2348 ], [ -77.2808, 38.2244 ], [ -77.275, 38.2476 ], [ -77.2687, 38.2494 ], [ -77.2601, 38.2494 ], [ -77.2555, 38.2504 ], [ -77.2484, 38.2476 ], [ -77.2423, 38.2454 ], [ -77.2267, 38.2439 ], [ -77.2317, 38.2343 ], [ -77.2491, 38.2233 ], [ -77.2466, 38.2207 ], [ -77.2469, 38.205 ], [ -77.2535, 38.1963 ], [ -77.2307, 38.1872 ], [ -77.2321, 38.1967 ], [ -77.2234, 38.2 ], [ -77.1966, 38.1829 ], [ -77.1937, 38.1805 ], [ -77.1627, 38.1659 ], [ -77.1398, 38.1659 ], [ -77.1317, 38.1639 ], [ -77.113, 38.1508 ], [ -77.1084, 38.1539 ], [ -77.1063, 38.1553 ], [ -77.1002, 38.1594 ], [ -77.0866, 38.1609 ], [ -77.0834, 38.1558 ], [ -77.0762, 38.1414 ], [ -77.0691, 38.1573 ], [ -77.0585, 38.175 ], [ -77.0514, 38.1799 ], [ -77.0453, 38.2476 ], [ -77.0428, 38.2607 ], [ -77.0328, 38.2639 ], [ -77.0111, 38.2705 ], [ -77.0295, 38.3132 ], [ -77.0185, 38.3813 ], [ -77.2319, 38.3328 ], [ -77.2838, 38.3428 ], [ -77.3254, 38.4488 ], [ -77.3104, 38.4949 ], [ -77.2566, 38.5607 ], [ -77.2489, 38.6286 ], [ -77.1575, 38.6364 ], [ -77.2353, 38.5533 ], [ -77.2742, 38.4818 ], [ -77.2502, 38.3828 ], [ -77.2073, 38.3599 ], [ -77.016, 38.4449 ], [ -76.9787, 38.3419 ], [ -76.9271, 38.2935 ], [ -76.7523, 38.2221 ], [ -76.6735, 38.2344 ], [ -76.5922, 38.2163 ], [ -76.5534, 38.1877 ], [ -76.5304, 38.1336 ], [ -76.3817, 38.0897 ], [ -76.3204, 38.1373 ], [ -76.3852, 38.2177 ], [ -76.3993, 38.2593 ], [ -76.3734, 38.2977 ], [ -76.4216, 38.3191 ], [ -76.387, 38.3613 ], [ -76.4154, 38.4147 ], [ -76.4927, 38.4828 ], [ -76.5157, 38.529 ], [ -76.5113, 38.6157 ], [ -76.5333, 38.6931 ], [ -76.5142, 38.7988 ], [ -76.4899, 38.8428 ], [ -76.5103, 38.8695 ], [ -76.4597, 38.9174 ], [ -76.4764, 38.9661 ], [ -76.3941, 39.0113 ], [ -76.439, 39.0528 ], [ -76.4229, 39.086 ], [ -76.4401, 39.1376 ], [ -76.5258, 39.1779 ], [ -76.5682, 39.2154 ], [ -76.5475, 39.2609 ], [ -76.4954, 39.2257 ], [ -76.4253, 39.2057 ], [ -76.389, 39.2969 ], [ -76.2891, 39.3178 ], [ -76.1962, 39.3679 ], [ -76.1588, 39.4063 ], [ -76.0609, 39.4522 ], [ -76.1222, 39.481 ], [ -76.0951, 39.5374 ], [ -76.0065, 39.5461 ], [ -75.9806, 39.529 ], [ -75.9981, 39.4663 ], [ -75.981, 39.4367 ], [ -76.038, 39.3867 ], [ -75.882, 39.3644 ], [ -75.7668, 39.3777 ], [ -75.7942, 39.7219 ], [ -76.1357, 39.7222 ] ] ] } },
{ "type": "Feature", "properties": { "i": 74 }, "geometry": { "type": "Polygon", "coordinates": [ [ [ -91.1259, 36.4977 ], [ -91.5422, 36.4992 ], [ -92.3752, 36.4972 ], [ -92.8142, 36.4978 ], [ -93.296, 36.4981 ], [ -93.3001, 36.1213 ], [ -93.48, 36.1252 ], [ -93.4458, 36.0805 ], [ -93.4507, 35.9705 ], [ -93.4861, 35.9533 ], [ -93.5237, 35.8808 ], [ -93.5192, 35.7627 ], [ -93.696, 35.7685 ], [ -93.7099, 35.3753 ], [ -93.7475, 35.3646 ], [ -93.786, 35.3936 ], [ -93.8101, 35.3131 ], [ -93.9162, 35.319 ], [ -93.9201, 35.2312 ], [ -94.0283, 35.2302 ], [ -94.0315, 35.1409 ], [ -94.1393, 35.1433 ], [ -94.1406, 35.0998 ], [ -94.2283, 35.0718 ], [ -94.2305, 34.9698 ], [ -94.2941, 34.9531 ], [ -94.3623, 34.9624 ], [ -94.4481, 34.926 ], [ -94.4612, 34.5082 ], [ -94.4703, 34.1899 ], [ -94.2433, 34.1925 ], [ -94.256, 34.2707 ], [ -94.2547, 34.3548 ], [ -93.9354, 34.3502 ], [ -93.926, 34.1878 ], [ -93.8211, 34.1838 ], [ -93.823, 34.0089 ], [ -93.7497, 34.0067 ], [ -93.6463, 33.982 ], [ -93.6172, 33.96 ], [ -93.5278, 33.9437 ], [ -93.4669, 33.9635 ], [ -93.3761, 33.9574 ], [ -93.3009, 33.8961 ], [ -93.2882, 33.8436 ], [ -93.2208, 33.829 ], [ -93.1793, 33.8007 ], [ -93.1398, 33.8154 ], [ -93.1043, 33.7756 ], [ -93.119, 33.3803 ], [ -92.7966, 33.3725 ], [ -92.759, 33.3879 ], [ -92.6618, 33.3562 ], [ -92.5939, 33.3733 ], [ -92.5473, 33.3654 ], [ -92.5233, 33.3279 ], [ -92.4314, 33.2706 ], [ -92.3577, 33.2818 ], [ -92.3245, 33.2622 ], [ -92.2245, 33.2528 ], [ -92.2089, 33.202 ], [ -92.1378, 33.1634 ], [ -92.1274, 33.209 ], [ -92.081, 33.212 ], [ -92.0415, 33.2776 ], [ -91.981, 33.2992 ], [ -91.9607, 33.3792 ], [ -91.9896, 33.3981 ], [ -91.4576, 33.389 ], [ -91.4535, 33.5636 ], [ -91.3499, 33.5636 ], [ -91.3245, 33.5186 ], [ -91.2458, 33.5171 ], [ -91.2447, 33.5587 ], [ -91.1305, 33.6048 ], [ -91.1712, 33.6478 ], [ -91.2201, 33.6623 ], [ -91.2112, 33.6986 ], [ -91.1606, 33.7068 ], [ -91.0785, 33.6583 ], [ -91.0357, 33.6721 ], [ -91.0687, 33.7164 ], [ -91.145, 33.7272 ], [ -91.1073, 33.7706 ], [ -91.0425, 33.8128 ], [ -91.0728, 33.8562 ], [ -91.0109, 33.9255 ], [ -91.0782, 33.954 ], [ -91.0754, 33.9836 ], [ -90.988, 34.019 ], [ -90.8982, 34.0242 ], [ -90.8707, 34.0836 ], [ -90.9554, 34.1195 ], [ -91.1177, 34.1195 ], [ -91.0659, 34.2237 ], [ -91.0776, 34.2815 ], [ -91.0557, 34.3363 ], [ -91.0025, 34.3362 ], [ -91.0014, 34.4695 ], [ -91.0548, 34.4709 ], [ -91.0493, 34.7341 ], [ -91.1016, 34.735 ], [ -91.1002, 34.8672 ], [ -91.1524, 34.9119 ], [ -91.1498, 35.0025 ], [ -91.0453, 35.002 ], [ -91.0403, 35.2735 ], [ -91.0351, 35.7672 ], [ -91.0351, 35.7705 ], [ -91.0327, 35.8851 ], [ -90.8729, 35.8812 ], [ -90.8722, 35.9244 ], [ -90.8423, 35.9827 ], [ -90.8208, 36.0792 ], [ -90.7713, 36.1084 ], [ -90.8098, 36.1497 ], [ -90.8062, 36.2881 ], [ -90.7519, 36.2834 ], [ -90.7492, 36.4128 ], [ -90.7795, 36.4381 ], [ -90.7832, 36.4982 ], [ -91.1259, 36.4977 ] ] ] } },
{ "type": "Feature", "properties": { "i": 75 }, "geometry": { "type": "Polygon", "coordinates": [ [ [ -103.0526, 33.5714 ], [ -103.0547, 33.5706 ], [ -103.1068, 33.5705 ], [ -103.1106, 33.5704 ], [ -103.1146, 33.5706 ], [ -103.2359, 33.5705 ], [ -103.2775, 33.5706 ], [ -103.3037, 33.5706 ], [ -103.3584, 33.5706 ], [ -103.3719, 33.5706 ], [ -103.3853, 33.5704 ], [ -103.4417, 33.5704 ], [ -103.4956, 33.5701 ], [ -103.504, 33.5703 ], [ -103.6138, 33.5693 ], [ -103.6255, 33.569 ], [ -103.6625, 33.5693 ], [ -103.7209, 33.5541 ], [ -103.7209, 33.5446 ], [ -103.7209, 33.5117 ], [ -103.721, 33.4942 ], [ -103.7215, 33.4356 ], [ -103.7213, 33.4073 ], [ -103.7301, 33.3958 ], [ -103.7664, 33.3751 ], [ -103.7661, 33.3575 ], [ -103.7668, 33.3119 ], [ -103.7671, 33.2501 ], [ -103.7661, 33.239 ], [ -103.7661, 33.1719 ], [ -103.7663, 33.1533 ], [ -103.7662, 33.1487 ], [ -103.7663, 33.1243 ], [ -103.7664, 33.0984 ], [ -103.7664, 33.0671 ], [ -103.7663, 32.9653 ], [ -103.8435, 32.9657 ], [ -103.849, 32.9657 ], [ -103.9503, 32.9652 ], [ -103.9853, 32.9653 ], [ -104.0294, 32.9654 ], [ -104.0457, 32.9656 ], [ -104.0708, 32.9653 ], [ -104.0923, 32.9653 ], [ -104.2913, 32.9649 ], [ -104.3351, 32.9645 ], [ -104.3911, 32.9645 ], [ -104.4647, 32.9643 ], [ -104.4757, 32.9643 ], [ -104.4998, 32.9643 ], [ -104.521, 32.9641 ], [ -104.5249, 32.964 ], [ -104.5871, 32.9637 ], [ -104.6498, 32.9638 ], [ -104.6655, 32.9637 ], [ -104.8411, 32.9632 ], [ -104.8415, 32.8883 ], [ -104.8415, 32.8751 ], [ -104.8415, 32.867 ], [ -104.842, 32.8299 ], [ -104.8421, 32.8215 ], [ -104.8422, 32.8052 ], [ -104.8424, 32.7675 ], [ -104.8422, 32.6654 ], [ -104.8422, 32.5956 ], [ -104.8422, 32.5407 ], [ -104.842, 32.5207 ], [ -104.8484, 32.5206 ], [ -104.8515, 32.5205 ], [ -104.8515, 32.4835 ], [ -104.8516, 32.4736 ], [ -104.852, 32.4128 ], [ -104.8521, 32.4086 ], [ -104.8513, 32.2905 ], [ -104.8476, 32.2531 ], [ -104.8479, 32.1477 ], [ -104.848, 32.1251 ], [ -104.8478, 32.1181 ], [ -104.8478, 32.0005 ], [ -104.9185, 32.0003 ], [ -104.9183, 31.8133 ], [ -104.9178, 31.8 ], [ -104.9166, 31.7638 ], [ -104.916, 31.744 ], [ -104.9156, 31.7279 ], [ -104.9153, 31.7192 ], [ -104.9148, 31.6985 ], [ -104.9138, 31.6607 ], [ -104.9131, 31.5869 ], [ -104.9124, 31.469 ], [ -104.9119, 31.4263 ], [ -104.9105, 31.3184 ], [ -104.9096, 31.2706 ], [ -104.9091, 31.2466 ], [ -104.909, 31.1118 ], [ -104.909, 31.0984 ], [ -104.9089, 31.0607 ], [ -104.9089, 31.0001 ], [ -104.9073, 30.9182 ], [ -104.9072, 30.91 ], [ -104.9076, 30.8607 ], [ -104.9076, 30.8359 ], [ -104.9165, 30.8247 ], [ -104.9165, 30.8198 ], [ -104.9169, 30.7166 ], [ -104.917, 30.6936 ], [ -104.9171, 30.6714 ], [ -104.9431, 30.6494 ], [ -104.9796, 30.6289 ], [ -104.9265, 30.6047 ], [ -104.8722, 30.5103 ], [ -104.8591, 30.3909 ], [ -104.8127, 30.3668 ], [ -104.8114, 30.3331 ], [ -104.7065, 30.2342 ], [ -104.6874, 30.1794 ], [ -104.6971, 30.0402 ], [ -104.6771, 29.9134 ], [ -104.6335, 29.8707 ], [ -104.5525, 29.7423 ], [ -104.5441, 29.6812 ], [ -104.4675, 29.6119 ], [ -104.3996, 29.5723 ], [ -104.337, 29.5197 ], [ -104.2952, 29.5235 ], [ -104.209, 29.4812 ], [ -104.2177, 29.4568 ], [ -104.1553, 29.3939 ], [ -104.0206, 29.3123 ], [ -103.7835, 29.265 ], [ -103.7176, 29.1812 ], [ -103.5509, 29.1558 ], [ -103.4279, 29.0421 ], [ -103.3243, 29.0171 ], [ -103.2402, 28.9815 ], [ -103.1539, 28.9717 ], [ -103.1141, 28.9876 ], [ -103.1005, 29.0604 ], [ -103.0156, 29.1254 ], [ -102.9795, 29.186 ], [ -102.878, 29.214 ], [ -102.9057, 29.2576 ], [ -102.8791, 29.3535 ], [ -102.8247, 29.3972 ], [ -102.8305, 29.4449 ], [ -102.8086, 29.5219 ], [ -102.7456, 29.5931 ], [ -102.6767, 29.7418 ], [ -102.5492, 29.745 ], [ -102.4886, 29.7861 ], [ -102.4043, 29.7652 ], [ -102.3206, 29.8789 ], [ -102.159, 29.8139 ], [ -102.0725, 29.7868 ], [ -101.9659, 29.8118 ], [ -101.8037, 29.7801 ], [ -101.761, 29.7825 ], [ -101.76, 29.8752 ], [ -101.7599, 29.8871 ], [ -101.7596, 29.9296 ], [ -101.7596, 29.969 ], [ -101.7594, 30.0002 ], [ -101.7592, 30.0785 ], [ -101.7592, 30.1137 ], [ -101.759, 30.1362 ], [ -101.7588, 30.1758 ], [ -101.7585, 30.2428 ], [ -101.7586, 30.2619 ], [ -101.7583, 30.289 ], [ -101.7367, 30.3268 ], [ -101.6593, 30.3583 ], [ -101.7399, 30.421 ], [ -101.6908, 30.4664 ], [ -101.6796, 30.5218 ], [ -101.647, 30.5613 ], [ -101.6532, 30.6196 ], [ -101.7108, 30.6537 ], [ -101.7626, 30.6544 ], [ -101.7688, 30.654 ], [ -101.809, 30.7027 ], [ -101.8317, 30.8016 ], [ -101.8744, 30.912 ], [ -101.9925, 30.989 ], [ -102.0479, 31.0027 ], [ -102.0789, 30.9871 ], [ -102.1432, 30.9975 ], [ -102.2443, 31.041 ], [ -102.279, 31.0334 ], [ -102.3658, 31.0869 ], [ -101.8623, 31.0798 ], [ -101.2748, 31.0794 ], [ -101.2676, 31.5558 ], [ -101.2646, 32.0871 ], [ -100.6654, 32.0854 ], [ -100.6606, 32.5001 ], [ -100.656, 32.9634 ], [ -100.6874, 32.964 ], [ -100.7072, 32.9639 ], [ -100.7504, 32.9641 ], [ -100.847, 32.9642 ], [ -100.8611, 32.9643 ], [ -100.8802, 32.9645 ], [ -100.9227, 32.9649 ], [ -100.9902, 32.9651 ], [ -101.0605, 32.9692 ], [ -101.108, 32.9669 ], [ -101.137, 32.9654 ], [ -101.1617, 32.9642 ], [ -101.167, 32.9639 ], [ -101.2874, 32.963 ], [ -101.3011, 32.9629 ], [ -101.3144, 32.9628 ], [ -101.3233, 32.9627 ], [ -101.3371, 32.9626 ], [ -101.3432, 32.9626 ], [ -101.4178, 32.9622 ], [ -101.5134, 32.9614 ], [ -101.6582, 32.9617 ], [ -101.6842, 32.9618 ], [ -101.7013, 32.9619 ], [ -101.7099, 32.962 ], [ -101.7272, 32.9616 ], [ -101.7373, 32.9616 ], [ -101.7504, 32.9613 ], [ -101.7637, 32.9612 ], [ -101.7985, 32.9614 ], [ -101.8681, 32.9609 ], [ -101.8761, 32.9608 ], [ -101.8838, 32.9608 ], [ -101.9647, 32.9604 ], [ -102.0126, 32.9602 ], [ -102.0276, 32.9601 ], [ -102.0762, 32.9597 ], [ -102.0845, 32.9596 ], [ -102.1191, 32.9593 ], [ -102.1411, 32.9593 ], [ -102.1694, 32.9592 ], [ -102.1989, 32.959 ], [ -102.2091, 32.9589 ], [ -102.2449, 32.9587 ], [ -102.2519, 32.9587 ], [ -102.3132, 32.9588 ], [ -102.3755, 32.9587 ], [ -102.3906, 32.9587 ], [ -102.468, 32.9589 ], [ -102.5194, 32.9587 ], [ -102.5909, 32.9588 ], [ -102.7669, 32.9587 ], [ -102.8242, 32.9587 ], [ -102.8356, 32.9587 ], [ -102.8458, 32.9587 ], [ -102.8755, 32.959 ], [ -102.9324, 32.9589 ], [ -103.0146, 32.9594 ], [ -103.0261, 32.9593 ], [ -103.0441, 32.9592 ], [ -103.049, 32.9592 ], [ -103.0645, 33.0093 ], [ -103.0641, 33.0323 ], [ -103.0637, 33.0495 ], [ -103.0632, 33.0756 ], [ -103.0629, 33.0867 ], [ -103.0627, 33.097 ], [ -103.0621, 33.1248 ], [ -103.0617, 33.1401 ], [ -103.0608, 33.1837 ], [ -103.0603, 33.208 ], [ -103.0581, 33.3038 ], [ -103.0579, 33.3152 ], [ -103.0568, 33.379 ], [ -103.0564, 33.3883 ], [ -103.0566, 33.3971 ], [ -103.0544, 33.4869 ], [ -103.0541, 33.5069 ], [ -103.0535, 33.5327 ], [ -103.0533, 33.5409 ], [ -103.0526, 33.5714 ] ] ] } },
{ "type": "Feature", "properties": { "i": 76 }, "geometry": { "type": "Polygon", "coordinates": [ [ [ -90.7832, 36.4982 ], [ -90.7795, 36.4381 ], [ -90.7492, 36.4128 ], [ -90.7519, 36.2834 ], [ -90.8062, 36.2881 ], [ -90.8098, 36.1497 ], [ -90.7713, 36.1084 ], [ -90.8208, 36.0792 ], [ -90.8423, 35.9827 ], [ -90.8722, 35.9244 ], [ -90.8729, 35.8812 ], [ -91.0327, 35.8851 ], [ -91.0351, 35.7705 ], [ -91.0351, 35.7672 ], [ -91.0403, 35.2735 ], [ -91.0453, 35.002 ], [ -91.1498, 35.0025 ], [ -91.1524, 34.9119 ], [ -91.1002, 34.8672 ], [ -91.1016, 34.735 ], [ -91.0493, 34.7341 ], [ -91.0548, 34.4709 ], [ -91.0014, 34.4695 ], [ -91.0025, 34.3362 ], [ -91.0557, 34.3363 ], [ -91.0776, 34.2815 ], [ -91.0659, 34.2237 ], [ -91.1177, 34.1195 ], [ -90.9554, 34.1195 ], [ -90.6595, 34.1188 ], [ -90.6601, 33.9876 ], [ -90.4507, 33.9857 ], [ -90.4516, 33.8115 ], [ -90.1823, 33.8087 ], [ -90.2052, 33.7597 ], [ -90.2957, 33.7506 ], [ -90.3011, 33.6993 ], [ -90.2197, 33.7221 ], [ -90.1368, 33.721 ], [ -90.1365, 33.8093 ], [ -89.9789, 33.8097 ], [ -89.9269, 33.8238 ], [ -89.9253, 33.8979 ], [ -89.7693, 33.8971 ], [ -89.7692, 33.8673 ], [ -89.5074, 33.8675 ], [ -89.5072, 33.7219 ], [ -89.1919, 33.7221 ], [ -89.1918, 33.7382 ], [ -89.0345, 33.7394 ], [ -88.9316, 33.7543 ], [ -88.9312, 33.8124 ], [ -88.72, 33.8101 ], [ -88.7188, 33.6803 ], [ -88.5002, 33.6799 ], [ -88.4977, 33.6612 ], [ -88.3739, 33.6854 ], [ -88.3261, 33.7445 ], [ -88.2493, 33.7449 ], [ -88.1732, 34.3216 ], [ -88.1184, 34.7247 ], [ -88.0987, 34.8931 ], [ -88.1569, 34.9257 ], [ -88.2023, 35.0077 ], [ -87.9853, 35.0059 ], [ -87.9817, 35.288 ], [ -88.0169, 35.2998 ], [ -88.0246, 35.3718 ], [ -87.9754, 35.4145 ], [ -88.0425, 35.4451 ], [ -87.9928, 35.4805 ], [ -87.9746, 35.521 ], [ -88.0342, 35.6138 ], [ -88.0176, 35.6824 ], [ -88.0348, 35.7172 ], [ -87.99, 35.7617 ], [ -87.94, 35.8669 ], [ -87.9261, 35.9255 ], [ -88.0129, 35.9466 ], [ -88.0004, 36.0287 ], [ -87.9211, 36.1245 ], [ -87.916, 36.1548 ], [ -87.9517, 36.2242 ], [ -87.9558, 36.3122 ], [ -88.0605, 36.442 ], [ -88.0532, 36.4971 ], [ -88.729, 36.5028 ], [ -88.9719, 36.5022 ], [ -89.2991, 36.5071 ], [ -89.4173, 36.499 ], [ -89.4642, 36.4572 ], [ -89.521, 36.4793 ], [ -89.5423, 36.4201 ], [ -89.5096, 36.3745 ], [ -89.5451, 36.3368 ], [ -89.5917, 36.4032 ], [ -89.6744, 36.4004 ], [ -89.7222, 36.4261 ], [ -89.752, 36.3867 ], [ -89.9722, 36.3898 ], [ -89.9573, 36.4591 ], [ -89.9587, 36.6292 ], [ -90.1251, 36.6309 ], [ -90.1866, 36.5877 ], [ -90.1911, 36.5435 ], [ -90.2295, 36.4978 ], [ -90.7832, 36.4982 ] ] ] } },
{ "type": "Feature", "properties": { "i": 77 }, "geometry": { "type": "MultiPolygon", "coordinates": [ [ [ [ -80.1212, 26.9701 ], [ -80.0907, 26.9706 ], [ -80.1117, 26.9714 ], [ -80.1149, 26.9708 ], [ -80.1212, 26.9701 ] ] ], [ [ [ -80.8711, 27.1444 ], [ -80.8781, 27.1612 ], [ -80.8977, 27.1698 ], [ -80.9048, 27.1719 ], [ -80.9094, 27.1761 ], [ -80.9079, 27.1862 ], [ -80.9102, 27.189 ], [ -80.917, 27.1907 ], [ -80.9292, 27.1995 ], [ -80.934, 27.1976 ], [ -80.9377, 27.2015 ], [ -80.9408, 27.206 ], [ -80.9433, 27.2081 ], [ -80.9807, 27.2108 ], [ -81.0121, 27.2106 ], [ -81.0704, 27.2103 ], [ -81.1689, 27.2093 ], [ -81.1688, 27.191 ], [ -81.1684, 27.1452 ], [ -81.1683, 27.1329 ], [ -81.1927, 27.1215 ], [ -81.2498, 27.1212 ], [ -81.2671, 27.084 ], [ -81.2672, 27.0734 ], [ -81.2672, 27.0427 ], [ -81.333, 27.0396 ], [ -81.3413, 27.0396 ], [ -81.3425, 27.0353 ], [ -81.3855, 27.0324 ], [ -81.395, 27.0324 ], [ -81.4078, 27.0325 ], [ -81.4203, 27.0325 ], [ -81.4432, 27.0329 ], [ -81.5009, 27.0331 ], [ -81.5458, 27.0333 ], [ -81.5543, 27.0333 ], [ -81.5634, 26.8942 ], [ -81.564, 26.8569 ], [ -81.5649, 26.8337 ], [ -81.5653, 26.8124 ], [ -81.5655, 26.7946 ], [ -81.5663, 26.7133 ], [ -81.5662, 26.683 ], [ -81.5661, 26.6696 ], [ -81.5658, 26.6513 ], [ -81.5655, 26.6255 ], [ -81.5653, 26.6139 ], [ -81.5652, 26.604 ], [ -81.5647, 26.5798 ], [ -81.5647, 26.5747 ], [ -81.5646, 26.5597 ], [ -81.5644, 26.5448 ], [ -81.5643, 26.5423 ], [ -81.563, 26.4733 ], [ -81.5628, 26.4629 ], [ -81.5625, 26.4465 ], [ -81.5622, 26.4257 ], [ -81.6081, 26.4219 ], [ -81.6591, 26.4209 ], [ -81.6585, 26.3755 ], [ -81.6582, 26.3473 ], [ -81.6579, 26.3177 ], [ -81.8181, 26.3162 ], [ -81.846, 26.3304 ], [ -81.8238, 26.2539 ], [ -81.8016, 26.094 ], [ -81.7753, 26.04 ], [ -81.7441, 26.0363 ], [ -81.7325, 25.9831 ], [ -81.5963, 25.9276 ], [ -81.5409, 25.9165 ], [ -81.4171, 25.8649 ], [ -81.3479, 25.8199 ], [ -81.2662, 25.8005 ], [ -81.2166, 25.7203 ], [ -81.278, 25.6909 ], [ -81.2457, 25.6307 ], [ -81.2099, 25.5067 ], [ -81.1547, 25.4291 ], [ -81.0454, 25.4291 ], [ -81.0129, 25.3871 ], [ -81.0674, 25.3575 ], [ -81.0238, 25.3327 ], [ -80.9618, 25.3381 ], [ -80.93, 25.2705 ], [ -80.9203, 25.2161 ], [ -80.9835, 25.2085 ], [ -81.0473, 25.2361 ], [ -81.1272, 25.3315 ], [ -81.1446, 25.3265 ], [ -81.1724, 25.2241 ], [ -81.1444, 25.1885 ], [ -81.0664, 25.1361 ], [ -81.0027, 25.1241 ], [ -80.9214, 25.1415 ], [ -80.8517, 25.1773 ], [ -80.7054, 25.149 ], [ -80.6473, 25.1897 ], [ -80.5916, 25.1992 ], [ -80.5762, 25.2394 ], [ -80.5317, 25.2392 ], [ -80.4874, 25.2073 ], [ -80.4872, 25.2123 ], [ -80.434, 25.2361 ], [ -80.4292, 25.2358 ], [ -80.4273, 25.2625 ], [ -80.3106, 25.3722 ], [ -80.3404, 25.4704 ], [ -80.3303, 25.5307 ], [ -80.3027, 25.5713 ], [ -80.3087, 25.6076 ], [ -80.269, 25.6435 ], [ -80.2487, 25.7113 ], [ -80.189, 25.7579 ], [ -80.1707, 25.8676 ], [ -80.1279, 25.9176 ], [ -80.103, 26.1966 ], [ -80.0802, 26.2593 ], [ -80.0628, 26.4265 ], [ -80.0389, 26.5693 ], [ -80.0465, 26.6153 ], [ -80.0486, 26.7827 ], [ -80.0927, 26.9455 ], [ -80.133, 26.9706 ], [ -80.1409, 26.971 ], [ -80.1827, 26.9566 ], [ -80.1929, 26.9567 ], [ -80.2265, 26.9569 ], [ -80.2433, 26.9572 ], [ -80.2872, 26.9578 ], [ -80.3564, 26.9582 ], [ -80.3756, 26.9586 ], [ -80.4176, 26.9577 ], [ -80.5628, 26.958 ], [ -80.612, 26.9578 ], [ -80.6167, 26.8947 ], [ -80.6977, 26.7957 ], [ -80.6891, 26.7558 ], [ -80.7237, 26.7 ], [ -80.8155, 26.701 ], [ -80.842, 26.7263 ], [ -80.9453, 26.7693 ], [ -80.985, 26.815 ], [ -81.0608, 26.8246 ], [ -81.1212, 26.8863 ], [ -81.0605, 26.9977 ], [ -80.9916, 27.0341 ], [ -80.9273, 27.0507 ], [ -80.9086, 27.1193 ], [ -80.8711, 27.1444 ] ] ] ] } },
{ "type": "Feature", "properties": { "i": 78 }, "geometry": { "type": "Polygon", "coordinates": [ [ [ -122.0022, 43.6159 ], [ -122.1304, 43.5573 ], [ -122.1511, 43.4404 ], [ -122.5005, 43.4412 ], [ -122.7408, 43.4371 ], [ -122.742, 43.5445 ], [ -123.1072, 43.5408 ], [ -123.1369, 43.6063 ], [ -123.1389, 43.7797 ], [ -123.3477, 43.7802 ], [ -123.348, 43.8092 ], [ -123.4705, 43.8105 ], [ -123.5291, 43.8299 ], [ -123.6193, 43.9201 ], [ -123.7042, 43.9448 ], [ -123.8321, 43.9418 ], [ -123.9463, 43.8627 ], [ -124.1586, 43.8634 ], [ -124.182, 43.7473 ], [ -124.2312, 43.5639 ], [ -124.2869, 43.4363 ], [ -124.3501, 43.3441 ], [ -124.3986, 43.3079 ], [ -124.3823, 43.2715 ], [ -124.4486, 43.0277 ], [ -124.5001, 42.9175 ], [ -124.558, 42.8335 ], [ -124.5134, 42.7451 ], [ -124.4708, 42.7291 ], [ -124.4498, 42.6751 ], [ -124.4158, 42.6611 ], [ -124.39, 42.5748 ], [ -124.4346, 42.4411 ], [ -124.4115, 42.2529 ], [ -124.3778, 42.2188 ], [ -124.352, 42.1013 ], [ -124.2874, 42.046 ], [ -124.2705, 42.0456 ], [ -124.239, 42.0232 ], [ -124.23, 42.0133 ], [ -124.215, 42.0049 ], [ -124.2125, 42.001 ], [ -124.2112, 41.9985 ], [ -124.209, 41.9984 ], [ -124.193, 41.9981 ], [ -124.1879, 41.9981 ], [ -124.1464, 41.9973 ], [ -124.126, 41.997 ], [ -124.0575, 41.9963 ], [ -123.657, 41.9951 ], [ -123.5178, 42.0005 ], [ -123.5672, 41.9033 ], [ -123.6399, 41.8902 ], [ -123.6893, 41.8027 ], [ -123.6636, 41.6943 ], [ -123.7162, 41.6058 ], [ -123.676, 41.544 ], [ -123.6436, 41.523 ], [ -123.6259, 41.467 ], [ -123.6117, 41.4619 ], [ -123.6146, 41.4519 ], [ -123.6127, 41.4485 ], [ -123.618, 41.4427 ], [ -123.6202, 41.4372 ], [ -123.6217, 41.434 ], [ -123.6383, 41.4276 ], [ -123.6481, 41.4201 ], [ -123.639, 41.41 ], [ -123.6417, 41.4044 ], [ -123.6417, 41.4002 ], [ -123.6559, 41.3946 ], [ -123.6557, 41.389 ], [ -123.6592, 41.3856 ], [ -123.6613, 41.3821 ], [ -123.6583, 41.3821 ], [ -123.6483, 41.3822 ], [ -123.6452, 41.3823 ], [ -123.6357, 41.3823 ], [ -123.6274, 41.3824 ], [ -123.6063, 41.3822 ], [ -123.5043, 41.3825 ], [ -123.4546, 41.2364 ], [ -123.392, 41.1607 ], [ -123.2949, 41.14 ], [ -123.2395, 41.0758 ], [ -123.2043, 41.0721 ], [ -123.1999, 41.0729 ], [ -123.1413, 41.0792 ], [ -123.0642, 41.0519 ], [ -123.0437, 41.0139 ], [ -122.9573, 41.0083 ], [ -122.915, 41.0033 ], [ -122.8981, 41.0299 ], [ -122.9734, 41.1121 ], [ -122.9353, 41.1775 ], [ -122.8942, 41.2026 ], [ -122.8121, 41.2028 ], [ -122.6628, 41.2916 ], [ -122.6333, 41.331 ], [ -122.5885, 41.3275 ], [ -122.5688, 41.3675 ], [ -122.5034, 41.3338 ], [ -122.5226, 41.2135 ], [ -122.5155, 41.205 ], [ -122.51, 41.2034 ], [ -122.5045, 41.1988 ], [ -122.4968, 41.1948 ], [ -122.495, 41.1921 ], [ -122.4947, 41.1827 ], [ -122.4047, 41.1828 ], [ -122.3761, 41.1829 ], [ -122.2721, 41.1849 ], [ -122.2304, 41.1845 ], [ -122.2257, 41.1844 ], [ -122.1854, 41.1844 ], [ -122.119, 41.183 ], [ -122.0147, 41.1832 ], [ -121.5618, 41.1839 ], [ -121.4872, 41.1831 ], [ -121.4723, 41.1832 ], [ -121.3897, 41.1839 ], [ -121.3469, 41.1839 ], [ -121.3313, 41.1838 ], [ -120.5006, 41.1839 ], [ -120.0411, 41.1842 ], [ -120.1255, 41.2755 ], [ -120.1267, 41.3688 ], [ -120.1885, 41.4773 ], [ -120.1879, 41.5914 ], [ -120.229, 41.629 ], [ -120.2288, 41.7043 ], [ -120.1837, 41.7267 ], [ -120.1697, 41.8794 ], [ -120.1054, 41.9668 ], [ -120.0134, 41.9951 ], [ -119.7901, 41.9975 ], [ -119.3602, 41.9944 ], [ -119.3635, 42.1369 ], [ -119.3653, 42.749 ], [ -119.9439, 42.7463 ], [ -119.9316, 42.917 ], [ -119.9324, 43.179 ], [ -119.8968, 43.179 ], [ -119.8964, 43.6106 ], [ -120.3675, 43.6115 ], [ -120.3786, 43.6154 ], [ -120.9711, 43.6157 ], [ -122.0022, 43.6159 ] ] ] } },
{ "type": "Feature", "properties": { "i": 79 }, "geometry": { "type": "MultiPolygon", "coordinates": [ [ [ [ -76.5121, 35.0042 ], [ -76.6263, 34.989 ], [ -76.6768, 34.9685 ], [ -76.6477, 34.9311 ], [ -76.6912, 34.8814 ], [ -76.685, 34.7832 ], [ -76.6256, 34.7081 ], [ -76.581, 34.7254 ], [ -76.5068, 34.7253 ], [ -76.3909, 34.8748 ], [ -76.3431, 34.9244 ], [ -76.3826, 34.9305 ], [ -76.4228, 34.951 ], [ -76.4543, 34.954 ], [ -76.4941, 34.9689 ], [ -76.5121, 35.0042 ] ] ], [ [ [ -76.3336, 35.0258 ], [ -76.3174, 34.9684 ], [ -76.3623, 34.9715 ], [ -76.3823, 34.9309 ], [ -76.3346, 34.9356 ], [ -76.2972, 34.9237 ], [ -76.2757, 34.9592 ], [ -76.3336, 35.0258 ] ] ], [ [ [ -76.4499, 35.0617 ], [ -76.4975, 35.0081 ], [ -76.4871, 34.9667 ], [ -76.4334, 34.9635 ], [ -76.4254, 35.0013 ], [ -76.4499, 35.0617 ] ] ], [ [ [ -76.5953, 35.3303 ], [ -76.5898, 35.241 ], [ -76.533, 35.2327 ], [ -76.4822, 35.2474 ], [ -76.5009, 35.3055 ], [ -76.5953, 35.3303 ] ] ], [ [ [ -75.7098, 35.9399 ], [ -75.6503, 35.8252 ], [ -75.6187, 35.8332 ], [ -75.6455, 35.9069 ], [ -75.7098, 35.9399 ] ] ], [ [ [ -76.6935, 35.9427 ], [ -76.6949, 35.9339 ], [ -76.7022, 35.9229 ], [ -76.7086, 35.9233 ], [ -76.7244, 35.9043 ], [ -76.7282, 35.8978 ], [ -76.7303, 35.8915 ], [ -76.7311, 35.8888 ], [ -76.7349, 35.8833 ], [ -76.7586, 35.8654 ], [ -76.7638, 35.8638 ], [ -76.7714, 35.8618 ], [ -76.7752, 35.8627 ], [ -76.7887, 35.8683 ], [ -76.7933, 35.8713 ], [ -76.7982, 35.8759 ], [ -76.8007, 35.8793 ], [ -76.8042, 35.8828 ], [ -76.8141, 35.8859 ], [ -76.8294, 35.8861 ], [ -76.8331, 35.8845 ], [ -76.8365, 35.8792 ], [ -76.8362, 35.8729 ], [ -76.833, 35.8649 ], [ -76.833, 35.8527 ], [ -76.8369, 35.8476 ], [ -76.8407, 35.8435 ], [ -76.845, 35.8402 ], [ -76.8567, 35.8286 ], [ -76.8623, 35.8236 ], [ -76.8723, 35.8156 ], [ -76.8746, 35.8141 ], [ -76.9008, 35.8208 ], [ -76.8978, 35.8272 ], [ -76.9013, 35.8349 ], [ -76.9019, 35.8445 ], [ -76.8991, 35.8471 ], [ -76.8979, 35.8517 ], [ -76.899, 35.8591 ], [ -76.8961, 35.8606 ], [ -76.8956, 35.8658 ], [ -76.898, 35.8663 ], [ -76.9042, 35.8728 ], [ -76.9069, 35.8786 ], [ -76.9092, 35.88 ], [ -76.913, 35.8844 ], [ -76.9146, 35.8888 ], [ -76.9183, 35.8955 ], [ -76.925, 35.8991 ], [ -76.9328, 35.9006 ], [ -76.9401, 35.9015 ], [ -76.9425, 35.9005 ], [ -76.9446, 35.8988 ], [ -76.9477, 35.8934 ], [ -76.9519, 35.8908 ], [ -76.9547, 35.889 ], [ -76.9739, 35.8792 ], [ -76.9827, 35.8746 ], [ -76.9877, 35.8758 ], [ -76.9879, 35.8711 ], [ -76.9902, 35.8668 ], [ -77.0082, 35.8604 ], [ -77.0154, 35.8623 ], [ -77.0213, 35.8603 ], [ -77.0284, 35.8578 ], [ -77.0402, 35.8683 ], [ -77.0407, 35.875 ], [ -77.0378, 35.877 ], [ -77.0338, 35.8795 ], [ -77.0351, 35.8849 ], [ -77.0348, 35.8914 ], [ -77.0277, 35.8929 ], [ -77.025, 35.8941 ], [ -77.0244, 35.8993 ], [ -77.0269, 35.9042 ], [ -77.0302, 35.9054 ], [ -77.0308, 35.9177 ], [ -77.0283, 35.926 ], [ -77.0282, 35.9296 ], [ -77.0376, 35.93 ], [ -77.0404, 35.934 ], [ -77.0434, 35.9427 ], [ -77.0465, 35.9441 ], [ -77.0588, 35.939 ], [ -77.0658, 35.9408 ], [ -77.0687, 35.9432 ], [ -77.0675, 35.9397 ], [ -77.081, 35.937 ], [ -77.0812, 35.9335 ], [ -77.0863, 35.9317 ], [ -77.0917, 35.928 ], [ -77.0928, 35.9252 ], [ -77.0979, 35.9282 ], [ -77.1005, 35.9315 ], [ -77.106, 35.9324 ], [ -77.1133, 35.9288 ], [ -77.1158, 35.9289 ], [ -77.1255, 35.927 ], [ -77.1273, 35.9302 ], [ -77.1285, 35.9368 ], [ -77.1335, 35.9397 ], [ -77.1436, 35.9347 ], [ -77.1535, 35.9362 ], [ -77.157, 35.9368 ], [ -77.161, 35.9377 ], [ -77.1671, 35.9356 ], [ -77.1686, 35.9334 ], [ -77.1695, 35.9312 ], [ -77.1768, 35.9289 ], [ -77.189, 35.9324 ], [ -77.1936, 35.9354 ], [ -77.1989, 35.9399 ], [ -77.2, 35.9426 ], [ -77.2022, 35.9478 ], [ -77.2012, 35.9507 ], [ -77.1951, 35.9493 ], [ -77.1896, 35.9577 ], [ -77.1997, 35.993 ], [ -77.2108, 35.9911 ], [ -77.2132, 35.9936 ], [ -77.2084, 36.0 ], [ -77.2095, 36.0087 ], [ -77.2118, 36.0103 ], [ -77.2157, 36.0141 ], [ -77.2435, 36.0219 ], [ -77.2631, 36.0295 ], [ -77.2787, 36.0367 ], [ -77.2865, 36.0411 ], [ -77.2933, 36.0448 ], [ -77.3001, 36.048 ], [ -77.3129, 36.053 ], [ -77.3153, 36.054 ], [ -77.3213, 36.0567 ], [ -77.326, 36.0658 ], [ -77.3275, 36.0692 ], [ -77.3276, 36.0749 ], [ -77.35, 36.0545 ], [ -77.3747, 36.0316 ], [ -77.385, 36.0218 ], [ -77.4043, 36.0054 ], [ -77.4005, 35.9865 ], [ -77.385, 35.9649 ], [ -77.3686, 35.9419 ], [ -77.3508, 35.9169 ], [ -77.3426, 35.9055 ], [ -77.3436, 35.889 ], [ -77.3452, 35.8745 ], [ -77.3493, 35.8675 ], [ -77.3905, 35.8321 ], [ -77.392, 35.8286 ], [ -77.3967, 35.8254 ], [ -77.399, 35.8252 ], [ -77.4122, 35.8251 ], [ -77.4137, 35.8192 ], [ -77.4171, 35.8117 ], [ -77.4335, 35.8068 ], [ -77.4492, 35.8056 ], [ -77.4633, 35.8007 ], [ -77.4776, 35.7964 ], [ -77.5005, 35.7755 ], [ -77.5102, 35.7667 ], [ -77.5122, 35.7647 ], [ -77.5162, 35.7611 ], [ -77.5939, 35.7178 ], [ -77.6018, 35.7131 ], [ -77.6103, 35.7078 ], [ -77.6246, 35.6992 ], [ -77.6338, 35.6937 ], [ -77.6468, 35.6859 ], [ -77.6558, 35.6806 ], [ -77.7121, 35.6444 ], [ -77.7231, 35.6369 ], [ -77.733, 35.6302 ], [ -77.7497, 35.6184 ], [ -77.7722, 35.6043 ], [ -77.8017, 35.5861 ], [ -77.8096, 35.5814 ], [ -77.8144, 35.5784 ], [ -77.8236, 35.5727 ], [ -77.8239, 35.5478 ], [ -77.8239, 35.5438 ], [ -77.824, 35.529 ], [ -77.8243, 35.5086 ], [ -77.826, 35.4791 ], [ -77.8268, 35.4693 ], [ -77.8269, 35.4562 ], [ -77.827, 35.4332 ], [ -77.823, 35.4221 ], [ -77.8195, 35.4177 ], [ -77.8128, 35.4134 ], [ -77.8062, 35.4078 ], [ -77.8026, 35.3765 ], [ -77.804, 35.3717 ], [ -77.8153, 35.3612 ], [ -77.817, 35.3589 ], [ -77.8217, 35.3481 ], [ -77.8264, 35.311 ], [ -77.8276, 35.2938 ], [ -77.8294, 35.2662 ], [ -77.8306, 35.2416 ], [ -77.8321, 35.2148 ], [ -77.8338, 35.1854 ], [ -77.8847, 35.162 ], [ -77.8925, 35.1566 ], [ -77.8938, 35.15 ], [ -77.8967, 35.1484 ], [ -77.9038, 35.1541 ], [ -77.9256, 35.1724 ], [ -77.9325, 35.1725 ], [ -77.9381, 35.1714 ], [ -77.9439, 35.1724 ], [ -77.9504, 35.1682 ], [ -77.9559, 35.1657 ], [ -77.9691, 35.1661 ], [ -77.9723, 35.167 ], [ -77.9787, 35.171 ], [ -77.9809, 35.1777 ], [ -77.9901, 35.1837 ], [ -77.9962, 35.1842 ], [ -78.0094, 35.1908 ], [ -78.0136, 35.1907 ], [ -78.0324, 35.1923 ], [ -78.0373, 35.1919 ], [ -78.0521, 35.1885 ], [ -78.0763, 35.1757 ], [ -78.1635, 35.1894 ], [ -78.1633, 35.1478 ], [ -78.1629, 35.137 ], [ -78.1648, 35.1316 ], [ -78.1674, 35.1249 ], [ -78.1711, 35.115 ], [ -78.165, 35.0859 ], [ -78.1578, 35.0552 ], [ -78.1552, 35.0337 ], [ -78.1542, 35.0175 ], [ -78.1539, 35.0024 ], [ -78.1519, 34.9712 ], [ -78.1499, 34.9456 ], [ -78.1495, 34.94 ], [ -78.1475, 34.9125 ], [ -78.1678, 34.8368 ], [ -78.176, 34.811 ], [ -78.1793, 34.8011 ], [ -78.1882, 34.7731 ], [ -78.2002, 34.7372 ], [ -78.1981, 34.7366 ], [ -78.1725, 34.7287 ], [ -78.1641, 34.7262 ], [ -78.1525, 34.7226 ], [ -78.1339, 34.7098 ], [ -78.1251, 34.7131 ], [ -78.1211, 34.7154 ], [ -78.1183, 34.7184 ], [ -78.1155, 34.7208 ], [ -78.113, 34.7215 ], [ -78.0948, 34.7234 ], [ -78.084, 34.7237 ], [ -78.0796, 34.7235 ], [ -78.0747, 34.7249 ], [ -78.0705, 34.7257 ], [ -78.0632, 34.7275 ], [ -78.0588, 34.7266 ], [ -78.0569, 34.7267 ], [ -78.0499, 34.7248 ], [ -78.0417, 34.727 ], [ -78.033, 34.7275 ], [ -78.0123, 34.7321 ], [ -78.0079, 34.7272 ], [ -77.9923, 34.7163 ], [ -77.9839, 34.7155 ], [ -77.9797, 34.7155 ], [ -77.9752, 34.7144 ], [ -77.9709, 34.7187 ], [ -77.9668, 34.7189 ], [ -77.9638, 34.719 ], [ -77.9559, 34.7157 ], [ -77.9458, 34.719 ], [ -77.9368, 34.7215 ], [ -77.9303, 34.7226 ], [ -77.9222, 34.7199 ], [ -77.9105, 34.7198 ], [ -77.8283, 34.72 ], [ -77.7994, 34.7201 ], [ -77.767, 34.7202 ], [ -77.6841, 34.7206 ], [ -77.6768, 34.7129 ], [ -77.6752, 34.7091 ], [ -77.6739, 34.7063 ], [ -77.6679, 34.6925 ], [ -77.659, 34.672 ], [ -77.6498, 34.651 ], [ -77.648, 34.6471 ], [ -77.6463, 34.6428 ], [ -77.6266, 34.597 ], [ -77.6246, 34.5926 ], [ -77.6176, 34.5765 ], [ -77.6138, 34.5677 ], [ -77.5841, 34.5002 ], [ -77.5793, 34.487 ], [ -77.5766, 34.4783 ], [ -77.5764, 34.4778 ], [ -77.5763, 34.4775 ], [ -77.5723, 34.4752 ], [ -77.572, 34.4744 ], [ -77.5716, 34.4732 ], [ -77.5717, 34.4725 ], [ -77.5712, 34.4722 ], [ -77.5679, 34.47 ], [ -77.5676, 34.4697 ], [ -77.5655, 34.4695 ], [ -77.5651, 34.4695 ], [ -77.5641, 34.4696 ], [ -77.5628, 34.4701 ], [ -77.5604, 34.4705 ], [ -77.5595, 34.4702 ], [ -77.5588, 34.4697 ], [ -77.5585, 34.4694 ], [ -77.5575, 34.4698 ], [ -77.5558, 34.4711 ], [ -77.5517, 34.4699 ], [ -77.5453, 34.465 ], [ -77.5448, 34.4652 ], [ -77.5445, 34.4648 ], [ -77.5442, 34.4647 ], [ -77.5441, 34.465 ], [ -77.5436, 34.465 ], [ -77.5435, 34.4643 ], [ -77.54, 34.4629 ], [ -77.5346, 34.4589 ], [ -77.3718, 34.5182 ], [ -77.3162, 34.5467 ], [ -77.2138, 34.626 ], [ -77.1177, 34.6866 ], [ -77.0343, 34.6817 ], [ -76.9033, 34.726 ], [ -76.722, 34.7182 ], [ -76.6867, 34.7865 ], [ -76.6919, 34.8822 ], [ -76.658, 34.9343 ], [ -76.6855, 34.9564 ], [ -76.7614, 34.9162 ], [ -76.8134, 34.9393 ], [ -76.9058, 34.9425 ], [ -76.9799, 35.0076 ], [ -76.9531, 35.0567 ], [ -76.8197, 34.9711 ], [ -76.7125, 35.0044 ], [ -76.6406, 35.058 ], [ -76.5974, 35.0731 ], [ -76.5451, 35.1409 ], [ -76.5929, 35.203 ], [ -76.5905, 35.2415 ], [ -76.6242, 35.2817 ], [ -76.6254, 35.3421 ], [ -76.7265, 35.3465 ], [ -76.7402, 35.3747 ], [ -76.8141, 35.3938 ], [ -76.8444, 35.4238 ], [ -76.9254, 35.4487 ], [ -76.9698, 35.4327 ], [ -76.9787, 35.484 ], [ -76.7448, 35.4275 ], [ -76.7113, 35.4296 ], [ -76.5755, 35.3882 ], [ -76.6013, 35.4837 ], [ -76.6453, 35.5198 ], [ -76.6024, 35.5395 ], [ -76.4854, 35.5383 ], [ -76.4904, 35.5044 ], [ -76.5657, 35.4946 ], [ -76.5401, 35.4101 ], [ -76.3968, 35.4021 ], [ -76.3614, 35.3732 ], [ -76.3202, 35.3865 ], [ -76.2583, 35.3437 ], [ -76.1504, 35.337 ], [ -76.0901, 35.3691 ], [ -76.0564, 35.4363 ], [ -76.0131, 35.4237 ], [ -75.9743, 35.5144 ], [ -75.9188, 35.5626 ], [ -75.8526, 35.5839 ], [ -75.8179, 35.5718 ], [ -75.7305, 35.6265 ], [ -75.78, 35.6867 ], [ -75.7164, 35.6919 ], [ -75.7408, 35.772 ], [ -75.7259, 35.806 ], [ -75.7679, 35.9109 ], [ -75.8094, 35.959 ], [ -75.9367, 35.9266 ], [ -75.9795, 35.8965 ], [ -75.983, 35.7721 ], [ -76.0049, 35.677 ], [ -76.0597, 35.7085 ], [ -76.0478, 35.7455 ], [ -76.0653, 35.8374 ], [ -76.0126, 35.9248 ], [ -76.0136, 35.9573 ], [ -76.0623, 35.9909 ], [ -76.1476, 35.9952 ], [ -76.2722, 35.972 ], [ -76.3488, 35.9423 ], [ -76.3988, 35.9827 ], [ -76.5555, 35.9406 ], [ -76.6636, 35.9324 ], [ -76.6935, 35.9427 ] ] ], [ [ [ -75.7732, 36.2315 ], [ -75.7736, 36.2314 ], [ -75.7761, 36.231 ], [ -75.7471, 36.1471 ], [ -75.732, 36.0411 ], [ -75.693, 36.0529 ], [ -75.7732, 36.2315 ] ] ] ] } },
{ "type": "Feature", "properties": { "i": 80 }, "geometry": { "type": "Polygon", "coordinates": [ [ [ -87.7307, 43.8938 ], [ -88.1619, 43.8914 ], [ -88.1616, 43.9374 ], [ -88.4032, 43.938 ], [ -88.403, 43.8928 ], [ -88.8856, 43.8953 ], [ -88.8862, 43.9833 ], [ -89.598, 43.9822 ], [ -89.6, 43.6428 ], [ -89.7783, 43.641 ], [ -90.3124, 43.641 ], [ -90.311, 43.5539 ], [ -90.192, 43.5541 ], [ -90.1924, 43.1666 ], [ -90.2918, 43.2065 ], [ -90.4302, 43.2008 ], [ -90.4263, 42.7826 ], [ -90.4264, 42.5071 ], [ -90.0735, 42.5083 ], [ -89.4014, 42.5002 ], [ -88.8041, 42.4921 ], [ -88.1153, 42.4962 ], [ -87.8052, 42.492 ], [ -87.8194, 42.6066 ], [ -87.8062, 42.668 ], [ -87.7722, 42.7047 ], [ -87.7472, 42.7825 ], [ -87.8265, 42.8422 ], [ -87.8478, 42.8892 ], [ -87.8452, 42.962 ], [ -87.8906, 43.0041 ], [ -87.8643, 43.07 ], [ -87.9005, 43.1259 ], [ -87.8811, 43.1698 ], [ -87.9115, 43.242 ], [ -87.8656, 43.3925 ], [ -87.793, 43.4935 ], [ -87.7821, 43.5774 ], [ -87.7027, 43.6876 ], [ -87.6962, 43.7626 ], [ -87.7241, 43.8057 ], [ -87.7307, 43.8938 ] ] ] } },
{ "type": "Feature", "properties": { "i": 81 }, "geometry": { "type": "Polygon", "coordinates": [ [ [ -80.612, 26.9578 ], [ -80.5628, 26.958 ], [ -80.4176, 26.9577 ], [ -80.3756, 26.9586 ], [ -80.3564, 26.9582 ], [ -80.2872, 26.9578 ], [ -80.2433, 26.9572 ], [ -80.2265, 26.9569 ], [ -80.1929, 26.9567 ], [ -80.1827, 26.9566 ], [ -80.1409, 26.971 ], [ -80.133, 26.9706 ], [ -80.1295, 26.9704 ], [ -80.1291, 26.9704 ], [ -80.1212, 26.9701 ], [ -80.1149, 26.9708 ], [ -80.1117, 26.9714 ], [ -80.0907, 26.9706 ], [ -80.0966, 27.0068 ], [ -80.1516, 27.1279 ], [ -80.2101, 27.1865 ], [ -80.2101, 27.2141 ], [ -80.3034, 27.399 ], [ -80.375, 27.6233 ], [ -80.3772, 27.6575 ], [ -80.4564, 27.7969 ], [ -80.581, 28.0338 ], [ -80.6713, 28.2265 ], [ -80.7444, 28.3957 ], [ -80.7973, 28.5575 ], [ -80.7835, 28.6211 ], [ -80.7279, 28.6075 ], [ -80.7319, 28.4857 ], [ -80.7181, 28.3867 ], [ -80.672, 28.3561 ], [ -80.6598, 28.4345 ], [ -80.6101, 28.5433 ], [ -80.5848, 28.5163 ], [ -80.609, 28.3857 ], [ -80.6319, 28.322 ], [ -80.6081, 28.3113 ], [ -80.5913, 28.4033 ], [ -80.5251, 28.4595 ], [ -80.5755, 28.5865 ], [ -80.7051, 28.7503 ], [ -80.8937, 29.0362 ], [ -80.8867, 28.9746 ], [ -80.8331, 28.9401 ], [ -80.7683, 28.8425 ], [ -80.7293, 28.7565 ], [ -80.7416, 28.7157 ], [ -80.8199, 28.6521 ], [ -80.8504, 28.7911 ], [ -80.7671, 28.7575 ], [ -80.8183, 28.8352 ], [ -80.9754, 29.1235 ], [ -81.087, 29.3559 ], [ -81.1122, 29.4257 ], [ -81.1559, 29.4109 ], [ -81.155, 29.4013 ], [ -81.1538, 29.3835 ], [ -81.1529, 29.3598 ], [ -81.1526, 29.3489 ], [ -81.1505, 29.2807 ], [ -81.1502, 29.2707 ], [ -81.1555, 29.2659 ], [ -81.176, 29.2653 ], [ -81.2444, 29.2637 ], [ -81.2734, 29.2631 ], [ -81.3221, 29.2625 ], [ -81.3328, 29.2623 ], [ -81.3602, 29.2618 ], [ -81.3914, 29.2613 ], [ -81.4087, 29.2611 ], [ -81.4182, 29.2842 ], [ -81.4188, 29.3046 ], [ -81.4191, 29.3226 ], [ -81.4194, 29.3349 ], [ -81.4203, 29.3676 ], [ -81.4204, 29.3743 ], [ -81.4205, 29.3835 ], [ -81.4247, 29.3982 ], [ -81.4313, 29.3988 ], [ -81.4355, 29.3953 ], [ -81.4402, 29.3888 ], [ -81.4445, 29.3822 ], [ -81.4504, 29.3788 ], [ -81.4558, 29.3771 ], [ -81.4639, 29.3752 ], [ -81.4998, 29.3662 ], [ -81.5736, 29.3487 ], [ -81.5945, 29.3439 ], [ -81.6248, 29.3372 ], [ -81.6531, 29.3308 ], [ -81.6781, 29.3164 ], [ -81.6753, 29.3103 ], [ -81.6715, 29.3049 ], [ -81.6667, 29.3007 ], [ -81.6586, 29.2991 ], [ -81.6481, 29.2894 ], [ -81.6444, 29.2801 ], [ -81.6421, 29.2772 ], [ -81.642, 29.2705 ], [ -81.6419, 29.2473 ], [ -81.6418, 29.2401 ], [ -81.6414, 29.2075 ], [ -81.6413, 29.1985 ], [ -81.6411, 29.1847 ], [ -81.6408, 29.1651 ], [ -81.6406, 29.1443 ], [ -81.6405, 29.1289 ], [ -81.6401, 29.107 ], [ -81.6394, 29.0743 ], [ -81.639, 29.0555 ], [ -81.6528, 29.0477 ], [ -81.6591, 29.0362 ], [ -81.659, 28.9897 ], [ -81.6587, 28.9605 ], [ -81.6782, 28.9604 ], [ -81.6915, 28.9602 ], [ -81.6942, 28.9601 ], [ -81.7007, 28.9604 ], [ -81.7096, 28.9607 ], [ -81.7191, 28.9611 ], [ -81.7323, 28.9612 ], [ -81.7492, 28.9611 ], [ -81.8153, 28.9611 ], [ -81.8396, 28.9611 ], [ -81.8492, 28.9599 ], [ -81.8548, 28.9599 ], [ -81.9541, 28.9594 ], [ -81.9542, 28.553 ], [ -81.9576, 28.3452 ], [ -81.6573, 28.3471 ], [ -81.6572, 28.2592 ], [ -81.5576, 28.2593 ], [ -81.5241, 28.201 ], [ -81.5239, 28.1428 ], [ -81.4564, 28.1429 ], [ -81.4553, 28.0859 ], [ -81.3475, 28.0838 ], [ -81.3903, 28.0043 ], [ -81.3197, 27.9262 ], [ -81.302, 27.8681 ], [ -81.2172, 27.8316 ], [ -81.1528, 27.7184 ], [ -81.1405, 27.6011 ], [ -81.2117, 27.5305 ], [ -81.1418, 27.413 ], [ -81.1126, 27.3848 ], [ -81.0644, 27.3805 ], [ -80.9696, 27.2173 ], [ -80.9428, 27.211 ], [ -80.9433, 27.2081 ], [ -80.9408, 27.206 ], [ -80.9377, 27.2015 ], [ -80.934, 27.1976 ], [ -80.9292, 27.1995 ], [ -80.917, 27.1907 ], [ -80.9102, 27.189 ], [ -80.9079, 27.1862 ], [ -80.9094, 27.1761 ], [ -80.9048, 27.1719 ], [ -80.8977, 27.1698 ], [ -80.8781, 27.1612 ], [ -80.8711, 27.1444 ], [ -80.8271, 27.2004 ], [ -80.7997, 27.2088 ], [ -80.7396, 27.1807 ], [ -80.6594, 27.1043 ], [ -80.612, 26.9578 ] ] ] } },
{ "type": "Feature", "properties": { "i": 82 }, "geometry": { "type": "MultiPolygon", "coordinates": [ [ [ [ -86.3947, 30.3785 ], [ -86.3944, 30.3976 ], [ -86.4874, 30.4176 ], [ -86.5062, 30.3823 ], [ -86.3947, 30.3785 ] ] ], [ [ [ -86.146, 31.6177 ], [ -86.1485, 31.7909 ], [ -86.1838, 31.8304 ], [ -86.1758, 31.9309 ], [ -86.1865, 31.9627 ], [ -86.3022, 31.9651 ], [ -86.307, 32.0517 ], [ -86.4063, 32.0511 ], [ -86.415, 31.9648 ], [ -86.8576, 31.9622 ], [ -86.8566, 32.0483 ], [ -87.1761, 32.0475 ], [ -87.2828, 32.1449 ], [ -87.321, 32.193 ], [ -87.3576, 32.1977 ], [ -87.4455, 32.2688 ], [ -87.5226, 32.256 ], [ -87.522, 32.1328 ], [ -87.6233, 32.1323 ], [ -87.6239, 32.0055 ], [ -87.6682, 31.9913 ], [ -88.0721, 31.9899 ], [ -88.1073, 31.9995 ], [ -88.1143, 32.0578 ], [ -88.0716, 32.0621 ], [ -88.0392, 32.1419 ], [ -88.0076, 32.1822 ], [ -88.0194, 32.2846 ], [ -87.9817, 32.3054 ], [ -88.4215, 32.3087 ], [ -88.4732, 31.8946 ], [ -88.6131, 31.8594 ], [ -88.7627, 31.836 ], [ -88.9434, 31.8246 ], [ -88.9425, 31.4335 ], [ -89.146, 31.4288 ], [ -89.1462, 31.0004 ], [ -89.1372, 30.9099 ], [ -89.3365, 30.9099 ], [ -89.3408, 30.9093 ], [ -89.3413, 30.7857 ], [ -89.3413, 30.7561 ], [ -89.3415, 30.7503 ], [ -89.3413, 30.7429 ], [ -89.3413, 30.6515 ], [ -89.3407, 30.6477 ], [ -89.3191, 30.6477 ], [ -89.3102, 30.6475 ], [ -89.273, 30.6475 ], [ -89.2413, 30.6477 ], [ -89.2401, 30.6541 ], [ -89.24, 30.6761 ], [ -89.2333, 30.6771 ], [ -88.9854, 30.6771 ], [ -88.9809, 30.6773 ], [ -88.889, 30.6773 ], [ -88.8845, 30.6767 ], [ -88.8845, 30.7319 ], [ -88.8845, 30.7357 ], [ -88.8278, 30.7343 ], [ -88.625, 30.7351 ], [ -88.4688, 30.7351 ], [ -88.4433, 30.7355 ], [ -88.4249, 30.7355 ], [ -88.4129, 30.7357 ], [ -88.4123, 30.7305 ], [ -88.4099, 30.6809 ], [ -88.4096, 30.6687 ], [ -88.4074, 30.6287 ], [ -88.4074, 30.6187 ], [ -88.4071, 30.6083 ], [ -88.4066, 30.5973 ], [ -88.4063, 30.5937 ], [ -88.4061, 30.5881 ], [ -88.4047, 30.5593 ], [ -88.4038, 30.5443 ], [ -88.4037, 30.5395 ], [ -88.4036, 30.5353 ], [ -88.4015, 30.5003 ], [ -88.4005, 30.4749 ], [ -88.3986, 30.4369 ], [ -88.3982, 30.4301 ], [ -88.3965, 30.3975 ], [ -88.3585, 30.4057 ], [ -88.2157, 30.3665 ], [ -88.1913, 30.3173 ], [ -88.1318, 30.3323 ], [ -88.1071, 30.378 ], [ -88.103, 30.5041 ], [ -88.087, 30.5654 ], [ -88.0339, 30.655 ], [ -88.0421, 30.7446 ], [ -87.9922, 30.8151 ], [ -87.9506, 30.8475 ], [ -87.917, 30.7558 ], [ -87.9374, 30.7213 ], [ -87.9017, 30.5509 ], [ -87.9375, 30.4827 ], [ -87.9089, 30.4142 ], [ -87.8373, 30.3686 ], [ -87.7746, 30.313 ], [ -87.7666, 30.2624 ], [ -87.7355, 30.2407 ], [ -87.5814, 30.2693 ], [ -87.5111, 30.3403 ], [ -87.4631, 30.3621 ], [ -87.4504, 30.3979 ], [ -87.385, 30.4537 ], [ -87.34, 30.4302 ], [ -87.4414, 30.3657 ], [ -87.3867, 30.3233 ], [ -87.2657, 30.3469 ], [ -87.2708, 30.3782 ], [ -87.1784, 30.4237 ], [ -87.159, 30.5803 ], [ -87.1008, 30.5197 ], [ -87.1015, 30.444 ], [ -87.0678, 30.4483 ], [ -87.0137, 30.4992 ], [ -86.932, 30.4585 ], [ -86.9781, 30.4208 ], [ -86.9499, 30.3954 ], [ -86.8152, 30.4081 ], [ -86.6022, 30.4012 ], [ -86.5795, 30.4337 ], [ -86.4916, 30.4623 ], [ -86.4475, 30.4947 ], [ -86.3938, 30.4544 ], [ -86.3919, 30.7023 ], [ -86.3915, 30.7606 ], [ -86.3913, 30.7635 ], [ -86.391, 30.7808 ], [ -86.391, 30.7926 ], [ -86.3905, 30.8369 ], [ -86.3904, 30.8453 ], [ -86.3884, 30.9747 ], [ -86.3887, 30.9942 ], [ -86.3425, 30.9944 ], [ -86.1871, 31.0009 ], [ -86.1904, 31.0073 ], [ -86.1934, 31.1988 ], [ -86.194, 31.4692 ], [ -86.1941, 31.4798 ], [ -86.1942, 31.4962 ], [ -86.1568, 31.5372 ], [ -86.1446, 31.5644 ], [ -86.145, 31.5815 ], [ -86.1457, 31.6076 ], [ -86.146, 31.6177 ] ] ] ] } },
{ "type": "Feature", "properties": { "i": 83 }, "geometry": { "type": "Polygon", "coordinates": [ [ [ -94.7321, 46.369 ], [ -95.1501, 46.3689 ], [ -95.1458, 46.1071 ], [ -95.7692, 46.1074 ], [ -95.7587, 45.9337 ], [ -95.7582, 45.76 ], [ -96.254, 45.7598 ], [ -96.2531, 45.5854 ], [ -96.2412, 45.4127 ], [ -96.1169, 45.412 ], [ -96.1178, 45.2401 ], [ -96.1036, 45.1833 ], [ -96.1708, 45.1927 ], [ -96.2837, 45.2461 ], [ -96.453, 45.2689 ], [ -96.4518, 44.631 ], [ -95.604, 44.6299 ], [ -95.5949, 44.5422 ], [ -95.5935, 44.1957 ], [ -95.1019, 44.195 ], [ -95.1002, 44.1081 ], [ -94.8599, 44.1079 ], [ -94.8544, 43.8472 ], [ -94.8544, 43.5006 ], [ -94.4709, 43.5003 ], [ -93.734, 43.4995 ], [ -93.0493, 43.4997 ], [ -93.0498, 43.848 ], [ -93.046, 44.1965 ], [ -92.5509, 44.1945 ], [ -92.5506, 44.3683 ], [ -92.4306, 44.3684 ], [ -92.4303, 44.4549 ], [ -92.2426, 44.4545 ], [ -92.0839, 44.4079 ], [ -92.0437, 44.5133 ], [ -92.0295, 44.5855 ], [ -92.0037, 44.5964 ], [ -91.3745, 44.5958 ], [ -90.9224, 44.5964 ], [ -90.9258, 45.1196 ], [ -90.9252, 45.3794 ], [ -90.6788, 45.3778 ], [ -90.6788, 45.6376 ], [ -91.4674, 45.6375 ], [ -92.1549, 45.6397 ], [ -92.1544, 45.7256 ], [ -92.5283, 45.7287 ], [ -92.5291, 45.6421 ], [ -92.8845, 45.6441 ], [ -92.8528, 45.73 ], [ -93.142, 45.7308 ], [ -93.1432, 45.9809 ], [ -93.0551, 45.9812 ], [ -93.0541, 46.158 ], [ -93.4318, 46.1544 ], [ -93.4305, 46.2461 ], [ -93.8109, 46.2431 ], [ -93.8104, 46.1571 ], [ -94.3722, 46.1571 ], [ -94.3883, 46.2386 ], [ -94.3509, 46.2955 ], [ -94.4265, 46.3323 ], [ -94.5338, 46.3031 ], [ -94.7321, 46.369 ] ] ] } },
{ "type": "Feature", "properties": { "i": 84 }, "geometry": { "type": "MultiPolygon", "coordinates": [ [ [ [ -85.2373, 46.7552 ], [ -85.4834, 46.6801 ], [ -85.7398, 46.677 ], [ -85.8779, 46.6909 ], [ -86.1135, 46.6591 ], [ -86.1623, 46.6732 ], [ -86.3499, 46.578 ], [ -86.4685, 46.5557 ], [ -86.5512, 46.4945 ], [ -86.6384, 46.4111 ], [ -86.6685, 46.4452 ], [ -86.7874, 46.4775 ], [ -86.8152, 46.4386 ], [ -86.8752, 46.4373 ], [ -86.9277, 46.4646 ], [ -86.977, 46.5266 ], [ -87.019, 46.5353 ], [ -87.1274, 46.494 ], [ -87.2419, 46.4882 ], [ -87.3523, 46.5003 ], [ -87.4116, 46.5918 ], [ -87.503, 46.6475 ], [ -87.5292, 46.6942 ], [ -87.584, 46.7327 ], [ -87.5953, 46.7829 ], [ -87.6317, 46.8111 ], [ -87.7329, 46.833 ], [ -87.7411, 46.8642 ], [ -87.8973, 46.9087 ], [ -87.9932, 46.9047 ], [ -88.0819, 46.9205 ], [ -88.1825, 46.9054 ], [ -88.2413, 46.9312 ], [ -88.415, 46.8123 ], [ -88.4837, 46.8329 ], [ -88.4377, 46.9944 ], [ -88.3676, 47.0192 ], [ -88.35, 47.0764 ], [ -88.244, 47.1371 ], [ -88.2379, 47.1878 ], [ -88.1631, 47.2163 ], [ -88.0548, 47.2982 ], [ -88.0169, 47.3059 ], [ -87.8822, 47.3956 ], [ -87.8145, 47.3849 ], [ -87.716, 47.4399 ], [ -87.8014, 47.4733 ], [ -88.0429, 47.4754 ], [ -88.2179, 47.4497 ], [ -88.4217, 47.3709 ], [ -88.4998, 47.2942 ], [ -88.5756, 47.2451 ], [ -88.6564, 47.2256 ], [ -88.7644, 47.1558 ], [ -88.8891, 47.1006 ], [ -88.9724, 47.0021 ], [ -89.1426, 46.9849 ], [ -89.2279, 46.913 ], [ -89.4176, 46.8432 ], [ -89.516, 46.8415 ], [ -89.6285, 46.8185 ], [ -89.6606, 46.8311 ], [ -89.7873, 46.8194 ], [ -89.849, 46.7954 ], [ -89.9245, 46.7364 ], [ -90.0284, 46.6744 ], [ -90.1619, 46.6462 ], [ -90.4182, 46.5661 ], [ -90.3925, 46.5343 ], [ -90.3342, 46.5535 ], [ -90.2624, 46.5029 ], [ -90.2155, 46.5005 ], [ -90.1091, 46.3346 ], [ -89.9297, 46.2998 ], [ -89.0916, 46.1385 ], [ -88.7803, 46.0156 ], [ -88.74, 46.0271 ], [ -88.6163, 45.9879 ], [ -88.5106, 46.0193 ], [ -88.4203, 45.9768 ], [ -88.3798, 45.9912 ], [ -88.2939, 45.951 ], [ -88.1466, 45.9363 ], [ -88.0962, 45.9168 ], [ -88.071, 45.8739 ], [ -88.1344, 45.8224 ], [ -88.1031, 45.7913 ], [ -87.9948, 45.7949 ], [ -87.9618, 45.7575 ], [ -87.8761, 45.7516 ], [ -87.7821, 45.674 ], [ -87.827, 45.6609 ], [ -87.7751, 45.6021 ], [ -87.8078, 45.5441 ], [ -87.8071, 45.4723 ], [ -87.863, 45.4337 ], [ -87.8544, 45.3491 ], [ -87.755, 45.3482 ], [ -87.6932, 45.3895 ], [ -87.6493, 45.3405 ], [ -87.6867, 45.3007 ], [ -87.7365, 45.1717 ], [ -87.6633, 45.1069 ], [ -87.5904, 45.0965 ], [ -87.6003, 45.1499 ], [ -87.4365, 45.294 ], [ -87.3945, 45.3657 ], [ -87.3261, 45.4302 ], [ -87.2647, 45.5487 ], [ -87.1972, 45.6384 ], [ -87.0994, 45.6986 ], [ -87.0635, 45.7544 ], [ -87.0574, 45.8125 ], [ -86.9681, 45.9108 ], [ -86.9481, 45.8765 ], [ -87.0051, 45.8317 ], [ -86.9821, 45.7931 ], [ -86.9845, 45.7055 ], [ -86.8443, 45.7198 ], [ -86.7732, 45.8116 ], [ -86.7819, 45.8603 ], [ -86.6469, 45.8358 ], [ -86.5833, 45.8988 ], [ -86.5306, 45.8497 ], [ -86.5811, 45.7918 ], [ -86.7175, 45.6671 ], [ -86.6484, 45.616 ], [ -86.6179, 45.625 ], [ -86.5858, 45.7049 ], [ -86.5375, 45.7455 ], [ -86.4249, 45.7896 ], [ -86.3508, 45.7983 ], [ -86.309, 45.9201 ], [ -86.1963, 45.9631 ], [ -86.0555, 45.9631 ], [ -85.9286, 45.9264 ], [ -85.8646, 45.9682 ], [ -85.8652, 46.2445 ], [ -85.2378, 46.2456 ], [ -85.2373, 46.7552 ] ] ], [ [ [ -88.4676, 48.1607 ], [ -88.6455, 48.1291 ], [ -88.8639, 48.0453 ], [ -89.1667, 47.9395 ], [ -89.2168, 47.9117 ], [ -89.1905, 47.8335 ], [ -89.1219, 47.8287 ], [ -89.0164, 47.8599 ], [ -89.0003, 47.9089 ], [ -88.8954, 47.9539 ], [ -88.6678, 48.0115 ], [ -88.5882, 48.0513 ], [ -88.5872, 48.0885 ], [ -88.4676, 48.1607 ] ] ] ] } },
{ "type": "Feature", "properties": { "i": 85 }, "geometry": { "type": "Polygon", "coordinates": [ [ [ -81.9013, 37.1429 ], [ -82.0072, 37.116 ], [ -82.0417, 37.0485 ], [ -82.1691, 37.0406 ], [ -82.2432, 36.9964 ], [ -82.2752, 37.0009 ], [ -82.3477, 36.9587 ], [ -82.4633, 37.0198 ], [ -82.5466, 37.1292 ], [ -82.5539, 37.2026 ], [ -82.7217, 37.1204 ], [ -82.723, 37.0451 ], [ -82.7818, 37.0089 ], [ -82.8686, 36.9761 ], [ -82.8584, 36.9281 ], [ -82.8788, 36.8897 ], [ -82.9687, 36.8585 ], [ -83.0744, 36.8522 ], [ -83.1325, 36.7845 ], [ -83.1354, 36.7431 ], [ -83.1951, 36.7393 ], [ -83.3484, 36.7002 ], [ -83.4186, 36.6687 ], [ -83.5313, 36.6654 ], [ -83.6498, 36.6171 ], [ -83.6904, 36.583 ], [ -84.0099, 36.5902 ], [ -84.543, 36.5963 ], [ -84.7853, 36.6034 ], [ -84.7154, 36.4992 ], [ -84.6608, 36.395 ], [ -84.7309, 36.3684 ], [ -84.7399, 36.337 ], [ -84.8781, 36.2811 ], [ -84.9129, 36.2101 ], [ -84.9071, 36.1563 ], [ -84.7205, 35.9945 ], [ -84.6807, 35.9081 ], [ -84.7298, 35.8585 ], [ -84.8818, 35.7791 ], [ -85.0286, 35.7464 ], [ -85.0417, 35.771 ], [ -85.2543, 35.7656 ], [ -85.2656, 35.7215 ], [ -85.4238, 35.5667 ], [ -85.4597, 35.5474 ], [ -85.6065, 35.5313 ], [ -85.5367, 35.4871 ], [ -85.5358, 35.4315 ], [ -85.4859, 35.4055 ], [ -85.5097, 35.3559 ], [ -85.5593, 35.319 ], [ -85.6545, 35.3055 ], [ -85.7073, 35.2826 ], [ -85.6936, 35.2392 ], [ -85.7401, 35.2153 ], [ -85.8215, 35.2417 ], [ -85.873, 35.2235 ], [ -85.8633, 35.2098 ], [ -85.8609, 34.9882 ], [ -85.6043, 34.9847 ], [ -85.5142, 34.9835 ], [ -85.5, 34.9833 ], [ -85.485, 34.9831 ], [ -85.4667, 34.983 ], [ -85.4591, 34.983 ], [ -85.4227, 34.9829 ], [ -85.4155, 34.983 ], [ -85.3797, 34.983 ], [ -85.3638, 34.9834 ], [ -85.3576, 34.9835 ], [ -85.3492, 34.9836 ], [ -85.342, 34.9838 ], [ -85.3115, 34.9844 ], [ -85.3055, 34.9845 ], [ -85.3013, 34.9845 ], [ -85.2858, 34.9849 ], [ -85.2767, 34.985 ], [ -85.2733, 34.985 ], [ -85.2671, 34.9852 ], [ -85.256, 34.9852 ], [ -85.2387, 34.9855 ], [ -85.2212, 34.9856 ], [ -85.2101, 34.9857 ], [ -85.1965, 34.9859 ], [ -85.1927, 34.986 ], [ -85.144, 34.9864 ], [ -85.1319, 34.9865 ], [ -85.106, 34.9866 ], [ -85.096, 34.9865 ], [ -84.9997, 34.9876 ], [ -84.9844, 34.9876 ], [ -84.9805, 34.9876 ], [ -84.9542, 34.9879 ], [ -84.9443, 34.9879 ], [ -84.8315, 34.9879 ], [ -84.8023, 34.9876 ], [ -84.776, 34.9879 ], [ -84.7266, 34.988 ], [ -84.695, 34.9881 ], [ -84.6825, 34.9882 ], [ -84.6368, 34.988 ], [ -84.5095, 34.988 ], [ -84.4662, 34.9881 ], [ -84.3909, 34.988 ], [ -84.3723, 34.9882 ], [ -84.3522, 34.9882 ], [ -84.2863, 34.9883 ], [ -84.2735, 34.9881 ], [ -84.2581, 34.988 ], [ -84.1911, 34.9879 ], [ -84.174, 34.9877 ], [ -84.1409, 34.9876 ], [ -84.105, 34.9876 ], [ -84.1016, 34.9874 ], [ -84.0744, 34.9874 ], [ -84.0619, 34.9874 ], [ -84.0273, 34.9874 ], [ -84.0226, 34.9874 ], [ -83.9793, 34.9874 ], [ -83.9566, 34.9874 ], [ -83.9472, 34.9874 ], [ -83.874, 34.9874 ], [ -83.8118, 34.9874 ], [ -83.8085, 34.9875 ], [ -83.7912, 34.9876 ], [ -83.7357, 34.9876 ], [ -83.677, 34.9871 ], [ -83.6457, 34.9869 ], [ -83.6249, 34.9867 ], [ -83.6202, 34.9921 ], [ -83.6173, 34.9921 ], [ -83.5996, 34.9922 ], [ -83.565, 34.9924 ], [ -83.5569, 34.9924 ], [ -83.5494, 34.9925 ], [ -83.5262, 35.0093 ], [ -83.5871, 35.0914 ], [ -83.6559, 35.1581 ], [ -83.7385, 35.156 ], [ -83.6967, 35.2256 ], [ -83.8309, 35.2556 ], [ -83.9442, 35.2199 ], [ -84.0022, 35.234 ], [ -84.0355, 35.3129 ], [ -83.9917, 35.4401 ], [ -83.9109, 35.4774 ], [ -83.883, 35.5165 ], [ -83.8231, 35.5256 ], [ -83.7717, 35.5621 ], [ -83.6964, 35.57 ], [ -83.581, 35.5631 ], [ -83.4852, 35.5685 ], [ -83.334, 35.6654 ], [ -83.3105, 35.6544 ], [ -83.2409, 35.7263 ], [ -83.1857, 35.7299 ], [ -83.1584, 35.765 ], [ -83.052, 35.789 ], [ -82.996, 35.7732 ], [ -82.962, 35.792 ], [ -82.9017, 35.892 ], [ -82.9151, 35.9294 ], [ -82.8741, 35.9525 ], [ -82.8195, 35.9227 ], [ -82.7851, 35.9878 ], [ -82.6349, 36.0657 ], [ -82.5912, 36.0316 ], [ -82.6097, 35.9671 ], [ -82.5587, 35.9543 ], [ -82.4592, 36.01 ], [ -82.4098, 36.0831 ], [ -82.353, 36.1164 ], [ -82.2219, 36.1565 ], [ -82.1494, 36.1493 ], [ -82.128, 36.1042 ], [ -82.033, 36.1208 ], [ -81.9178, 36.2862 ], [ -81.8339, 36.3468 ], [ -81.7083, 36.3352 ], [ -81.7412, 36.4121 ], [ -81.698, 36.4647 ], [ -81.7079, 36.5355 ], [ -81.6796, 36.5859 ], [ -81.6108, 36.6177 ], [ -81.6993, 36.7894 ], [ -81.836, 36.9291 ], [ -81.7796, 36.9587 ], [ -81.8273, 37.0539 ], [ -81.8892, 37.111 ], [ -81.9013, 37.1429 ] ] ] } },
{ "type": "Feature", "properties": { "i": 86 }, "geometry": { "type": "Polygon", "coordinates": [ [ [ -114.0658, 48.996 ], [ -114.3617, 49.0011 ], [ -115.2079, 48.9992 ], [ -116.0492, 49.0008 ], [ -116.05, 48.2376 ], [ -116.0489, 47.9773 ], [ -115.9014, 47.8431 ], [ -115.8523, 47.8275 ], [ -115.8246, 47.7522 ], [ -115.7231, 47.6955 ], [ -115.7363, 47.6548 ], [ -115.6884, 47.5947 ], [ -115.7545, 47.552 ], [ -115.6863, 47.4855 ], [ -115.7208, 47.4249 ], [ -115.5514, 47.3502 ], [ -115.5286, 47.2997 ], [ -115.3399, 47.2622 ], [ -115.2448, 47.1512 ], [ -115.1862, 47.1299 ], [ -115.0883, 47.0442 ], [ -115.001, 46.9328 ], [ -115.6104, 46.9332 ], [ -116.3296, 46.935 ], [ -116.3293, 46.6279 ], [ -116.4558, 46.6288 ], [ -116.452, 46.4999 ], [ -116.3693, 46.5 ], [ -116.3687, 46.4669 ], [ -116.3085, 46.4135 ], [ -116.1973, 46.4131 ], [ -116.1271, 46.2989 ], [ -116.0133, 46.2264 ], [ -116.1335, 46.2152 ], [ -116.199, 46.1524 ], [ -116.3112, 46.169 ], [ -116.4285, 46.2022 ], [ -116.5147, 46.129 ], [ -116.5152, 46.0391 ], [ -116.6369, 46.0365 ], [ -116.7562, 45.944 ], [ -116.7305, 45.894 ], [ -116.7938, 45.8557 ], [ -116.7826, 45.8255 ], [ -116.696, 45.8186 ], [ -116.6534, 45.7797 ], [ -116.5941, 45.779 ], [ -116.5477, 45.752 ], [ -116.5353, 45.6924 ], [ -116.4636, 45.6037 ], [ -116.5574, 45.5034 ], [ -116.5878, 45.4433 ], [ -116.6735, 45.3215 ], [ -116.6868, 45.2678 ], [ -116.5057, 45.2681 ], [ -116.4296, 45.2678 ], [ -116.3447, 45.268 ], [ -116.2821, 45.1355 ], [ -116.3035, 45.1089 ], [ -116.148, 45.1078 ], [ -116.1216, 45.1577 ], [ -115.9758, 45.1956 ], [ -115.2064, 45.1966 ], [ -114.695, 45.1966 ], [ -114.7313, 45.1525 ], [ -114.7227, 45.041 ], [ -114.7355, 44.9733 ], [ -114.732, 44.8808 ], [ -114.8109, 44.8071 ], [ -114.8198, 44.7473 ], [ -114.7477, 44.684 ], [ -114.7403, 44.6526 ], [ -114.6587, 44.6597 ], [ -114.5964, 44.6221 ], [ -114.5627, 44.576 ], [ -114.4512, 44.6128 ], [ -114.4364, 44.6511 ], [ -114.3866, 44.671 ], [ -114.3883, 44.7525 ], [ -114.2619, 44.8501 ], [ -114.1955, 44.8606 ], [ -114.2157, 44.7454 ], [ -114.1734, 44.7452 ], [ -114.1726, 44.7444 ], [ -114.0826, 44.7486 ], [ -114.0207, 44.6528 ], [ -113.9198, 44.5657 ], [ -113.8078, 44.4882 ], [ -113.6889, 44.4687 ], [ -113.6652, 44.4518 ], [ -113.4968, 44.4248 ], [ -113.4526, 44.4555 ], [ -113.4048, 44.3818 ], [ -113.3433, 44.3202 ], [ -113.3204, 44.233 ], [ -112.9347, 44.2343 ], [ -112.8139, 44.2304 ], [ -112.8148, 44.3756 ], [ -112.8448, 44.3585 ], [ -113.0022, 44.4501 ], [ -113.0266, 44.4957 ], [ -113.007, 44.5259 ], [ -113.0878, 44.5993 ], [ -113.0494, 44.6294 ], [ -113.1021, 44.729 ], [ -113.2088, 44.8086 ], [ -113.2467, 44.8229 ], [ -113.3422, 44.7857 ], [ -113.3563, 44.8201 ], [ -113.4552, 44.8671 ], [ -113.4968, 44.9453 ], [ -113.4439, 44.9599 ], [ -113.4517, 45.0583 ], [ -113.5553, 45.1145 ], [ -113.5988, 45.1907 ], [ -113.692, 45.2629 ], [ -113.7359, 45.3258 ], [ -113.7328, 45.3889 ], [ -113.7736, 45.4065 ], [ -113.7728, 45.5139 ], [ -113.8341, 45.5219 ], [ -113.7971, 45.5819 ], [ -113.9309, 45.6724 ], [ -113.9151, 45.7465 ], [ -113.87, 45.7814 ], [ -113.8155, 45.7552 ], [ -113.6976, 45.8435 ], [ -113.6232, 45.841 ], [ -113.4954, 45.9356 ], [ -113.3962, 45.7675 ], [ -113.337, 45.8124 ], [ -113.2749, 45.8183 ], [ -113.2284, 45.8667 ], [ -113.1801, 45.8842 ], [ -113.1018, 45.8817 ], [ -113.0846, 45.8558 ], [ -112.9955, 45.8064 ], [ -112.8256, 45.7752 ], [ -112.7603, 45.7485 ], [ -112.7335, 45.6849 ], [ -112.6624, 45.6329 ], [ -112.5499, 45.6848 ], [ -112.5143, 45.7483 ], [ -112.4613, 45.7428 ], [ -112.1981, 45.7482 ], [ -112.2718, 45.7903 ], [ -112.4275, 45.8455 ], [ -112.4044, 45.8879 ], [ -112.4315, 45.9302 ], [ -112.4661, 46.0923 ], [ -112.5767, 46.1791 ], [ -112.5899, 46.2253 ], [ -112.5592, 46.2639 ], [ -112.5717, 46.2984 ], [ -112.5333, 46.3313 ], [ -112.436, 46.3512 ], [ -112.3966, 46.3871 ], [ -112.3162, 46.416 ], [ -112.3058, 46.5118 ], [ -112.3169, 46.5752 ], [ -112.2943, 46.6045 ], [ -112.3208, 46.6564 ], [ -112.4097, 46.6567 ], [ -112.4108, 46.6997 ], [ -112.5353, 46.6985 ], [ -112.5356, 46.8344 ], [ -112.7953, 46.8318 ], [ -112.7975, 47.1772 ], [ -113.0589, 47.1794 ], [ -113.06, 47.4857 ], [ -113.1153, 47.4916 ], [ -113.1183, 47.5711 ], [ -113.147, 47.6025 ], [ -113.1284, 47.6466 ], [ -113.1659, 47.7207 ], [ -113.0833, 47.749 ], [ -113.0619, 47.7878 ], [ -113.0634, 47.8847 ], [ -112.9811, 47.9551 ], [ -112.9114, 47.9477 ], [ -112.8791, 47.9774 ], [ -112.9089, 48.0296 ], [ -113.0174, 48.1322 ], [ -113.1338, 48.1379 ], [ -113.1815, 48.1745 ], [ -113.235, 48.179 ], [ -113.2369, 48.2468 ], [ -113.2889, 48.2657 ], [ -113.3862, 48.3408 ], [ -113.3407, 48.37 ], [ -113.3563, 48.4239 ], [ -113.4112, 48.4197 ], [ -113.4808, 48.4593 ], [ -113.4674, 48.5476 ], [ -113.5438, 48.5868 ], [ -113.6, 48.5751 ], [ -113.7532, 48.6184 ], [ -113.7027, 48.7197 ], [ -113.7713, 48.7884 ], [ -113.7591, 48.8192 ], [ -113.8411, 48.8553 ], [ -113.9566, 48.8177 ], [ -114.0544, 48.8878 ], [ -114.0658, 48.996 ] ] ] } },
{ "type": "Feature", "properties": { "i": 87 }, "geometry": { "type": "MultiPolygon", "coordinates": [ [ [ [ -121.2268, 37.1347 ], [ -121.232, 37.1396 ], [ -121.2354, 37.1482 ], [ -121.2369, 37.1569 ], [ -121.2394, 37.1576 ], [ -121.2453, 37.1581 ], [ -121.2514, 37.1583 ], [ -121.2578, 37.1589 ], [ -121.264, 37.163 ], [ -121.2683, 37.1694 ], [ -121.2743, 37.1765 ], [ -121.277, 37.1797 ], [ -121.2848, 37.1815 ], [ -121.2907, 37.1743 ], [ -121.295, 37.1692 ], [ -121.2996, 37.166 ], [ -121.3026, 37.1681 ], [ -121.3083, 37.168 ], [ -121.3134, 37.1694 ], [ -121.3242, 37.1667 ], [ -121.3272, 37.1662 ], [ -121.3373, 37.173 ], [ -121.3429, 37.1747 ], [ -121.3722, 37.1769 ], [ -121.3742, 37.1733 ], [ -121.3792, 37.1689 ], [ -121.3837, 37.1628 ], [ -121.399, 37.1505 ], [ -121.4047, 37.1564 ], [ -121.4077, 37.1683 ], [ -121.4114, 37.1711 ], [ -121.413, 37.1727 ], [ -121.4093, 37.1808 ], [ -121.4091, 37.1834 ], [ -121.4115, 37.194 ], [ -121.4179, 37.2125 ], [ -121.4212, 37.2154 ], [ -121.425, 37.2233 ], [ -121.4333, 37.2268 ], [ -121.4394, 37.2303 ], [ -121.4492, 37.2898 ], [ -121.4497, 37.2939 ], [ -121.4403, 37.2938 ], [ -121.433, 37.294 ], [ -121.4285, 37.2957 ], [ -121.4261, 37.2961 ], [ -121.4228, 37.2991 ], [ -121.4167, 37.3038 ], [ -121.4113, 37.308 ], [ -121.4067, 37.3124 ], [ -121.4092, 37.3306 ], [ -121.421, 37.3546 ], [ -121.4121, 37.378 ], [ -121.41, 37.3828 ], [ -121.4241, 37.3936 ], [ -121.4355, 37.396 ], [ -121.4456, 37.3931 ], [ -121.451, 37.3936 ], [ -121.4583, 37.3981 ], [ -121.4557, 37.401 ], [ -121.4564, 37.4067 ], [ -121.472, 37.4238 ], [ -121.4692, 37.4251 ], [ -121.469, 37.4319 ], [ -121.462, 37.4399 ], [ -121.4641, 37.4532 ], [ -121.4727, 37.4566 ], [ -121.4769, 37.4631 ], [ -121.4716, 37.4826 ], [ -121.4956, 37.5084 ], [ -121.4992, 37.5216 ], [ -121.5086, 37.5248 ], [ -121.5284, 37.5273 ], [ -121.5429, 37.5314 ], [ -121.5476, 37.5355 ], [ -121.5505, 37.5393 ], [ -121.5567, 37.5427 ], [ -121.557, 37.5858 ], [ -121.557, 37.6701 ], [ -121.557, 37.7077 ], [ -121.557, 37.743 ], [ -121.5529, 37.8268 ], [ -121.5476, 37.8356 ], [ -121.5405, 37.8413 ], [ -121.5365, 37.8513 ], [ -121.5422, 37.8511 ], [ -121.5427, 37.8592 ], [ -121.5504, 37.8582 ], [ -121.5566, 37.8607 ], [ -121.5605, 37.8611 ], [ -121.5631, 37.8582 ], [ -121.5673, 37.8596 ], [ -121.5765, 37.8646 ], [ -121.5695, 37.8945 ], [ -121.5682, 37.901 ], [ -121.5717, 37.904 ], [ -121.5666, 37.9108 ], [ -121.564, 37.9221 ], [ -121.5606, 37.9307 ], [ -121.5633, 37.9414 ], [ -121.5635, 37.9485 ], [ -121.5698, 37.9503 ], [ -121.5658, 37.9561 ], [ -121.5741, 37.9562 ], [ -121.5714, 37.9595 ], [ -121.567, 37.9621 ], [ -121.5823, 37.9876 ], [ -121.5815, 37.9908 ], [ -121.5799, 37.9991 ], [ -121.5771, 38.0002 ], [ -121.5721, 38.0009 ], [ -121.5762, 38.0129 ], [ -121.5698, 38.0135 ], [ -121.5743, 38.0187 ], [ -121.5721, 38.0201 ], [ -121.5629, 38.0172 ], [ -121.5644, 38.0233 ], [ -121.5662, 38.0252 ], [ -121.5682, 38.0307 ], [ -121.5736, 38.0381 ], [ -121.5778, 38.0426 ], [ -121.5829, 38.0386 ], [ -121.5851, 38.0336 ], [ -121.5857, 38.0487 ], [ -121.5864, 38.0589 ], [ -121.5753, 38.0716 ], [ -121.5782, 38.0873 ], [ -121.5809, 38.0934 ], [ -121.6049, 38.0999 ], [ -121.6452, 38.0874 ], [ -121.6793, 38.0893 ], [ -121.6815, 38.0612 ], [ -121.7326, 38.029 ], [ -121.7759, 38.015 ], [ -122.0292, 38.0579 ], [ -122.1462, 38.0221 ], [ -122.1904, 38.0524 ], [ -122.2628, 38.0515 ], [ -122.3007, 38.011 ], [ -122.3603, 37.9916 ], [ -122.4139, 37.9364 ], [ -122.3228, 37.9076 ], [ -122.2998, 37.8282 ], [ -122.2474, 37.7861 ], [ -122.2589, 37.7396 ], [ -122.1627, 37.6702 ], [ -122.1478, 37.5909 ], [ -122.1122, 37.5299 ], [ -122.1734, 37.4959 ], [ -122.2443, 37.5071 ], [ -122.261, 37.5721 ], [ -122.3605, 37.5925 ], [ -122.3891, 37.6328 ], [ -122.3743, 37.6643 ], [ -122.3848, 37.7876 ], [ -122.419, 37.8117 ], [ -122.5145, 37.7808 ], [ -122.4968, 37.6864 ], [ -122.4978, 37.6087 ], [ -122.5195, 37.5373 ], [ -122.4521, 37.4805 ], [ -122.4437, 37.4359 ], [ -122.4016, 37.3606 ], [ -122.4184, 37.2485 ], [ -122.4051, 37.1958 ], [ -122.3599, 37.1497 ], [ -122.2849, 37.1017 ], [ -122.1838, 36.9986 ], [ -122.0657, 36.948 ], [ -121.9759, 36.9541 ], [ -121.9301, 36.9782 ], [ -121.8623, 36.9316 ], [ -121.7883, 36.8046 ], [ -121.8251, 36.6572 ], [ -121.8901, 36.6019 ], [ -121.9239, 36.6346 ], [ -121.9713, 36.5726 ], [ -121.9325, 36.5599 ], [ -121.9371, 36.472 ], [ -121.8929, 36.3404 ], [ -121.8996, 36.307 ], [ -121.8356, 36.2493 ], [ -121.7172, 36.1951 ], [ -121.6296, 36.1145 ], [ -121.5735, 36.0236 ], [ -121.501, 35.9977 ], [ -121.4623, 35.8856 ], [ -121.3496, 35.7978 ], [ -121.3458, 35.795 ], [ -120.682, 35.7908 ], [ -120.2152, 35.7897 ], [ -120.2589, 35.8453 ], [ -120.2442, 35.8784 ], [ -120.3219, 35.9076 ], [ -120.3629, 35.9654 ], [ -120.4498, 35.9881 ], [ -120.6404, 36.1017 ], [ -120.6669, 36.1379 ], [ -120.6275, 36.2035 ], [ -120.6816, 36.2508 ], [ -120.6628, 36.3142 ], [ -120.5982, 36.3283 ], [ -120.6037, 36.4882 ], [ -120.9347, 36.7523 ], [ -121.1386, 36.8354 ], [ -121.2123, 36.957 ], [ -121.2459, 36.983 ], [ -121.2102, 37.0672 ], [ -121.2429, 37.0925 ], [ -121.2268, 37.1347 ] ] ], [ [ [ -122.2904, 38.1552 ], [ -122.1945, 38.1647 ], [ -122.2089, 38.1727 ], [ -122.2056, 38.1975 ], [ -122.2051, 38.2042 ], [ -122.2005, 38.2111 ], [ -122.1955, 38.2157 ], [ -122.1962, 38.2189 ], [ -122.1943, 38.2244 ], [ -122.2089, 38.2445 ], [ -122.2113, 38.2481 ], [ -122.2101, 38.2517 ], [ -122.201, 38.2494 ], [ -122.1952, 38.2507 ], [ -122.1933, 38.2564 ], [ -122.2069, 38.2588 ], [ -122.2167, 38.2634 ], [ -122.2141, 38.2699 ], [ -122.2116, 38.2724 ], [ -122.1965, 38.2721 ], [ -122.2015, 38.2893 ], [ -122.2013, 38.2976 ], [ -122.2025, 38.3049 ], [ -122.1919, 38.3157 ], [ -122.1728, 38.3159 ], [ -122.1146, 38.3157 ], [ -122.0627, 38.325 ], [ -122.0639, 38.3335 ], [ -122.0765, 38.3635 ], [ -122.086, 38.38 ], [ -122.0937, 38.3893 ], [ -122.1097, 38.4053 ], [ -122.1147, 38.4129 ], [ -122.1192, 38.4165 ], [ -122.1225, 38.4213 ], [ -122.1265, 38.4322 ], [ -122.1255, 38.4382 ], [ -122.1236, 38.4476 ], [ -122.1116, 38.4767 ], [ -122.1063, 38.5083 ], [ -122.1126, 38.5269 ], [ -122.1145, 38.5367 ], [ -122.1147, 38.5398 ], [ -122.1167, 38.5451 ], [ -122.1189, 38.5528 ], [ -122.1214, 38.5609 ], [ -122.127, 38.576 ], [ -122.1329, 38.5926 ], [ -122.1413, 38.6099 ], [ -122.1513, 38.6224 ], [ -122.1513, 38.6245 ], [ -122.1553, 38.6231 ], [ -122.1575, 38.6226 ], [ -122.1613, 38.6195 ], [ -122.1636, 38.6188 ], [ -122.1683, 38.6195 ], [ -122.1695, 38.6272 ], [ -122.1651, 38.6318 ], [ -122.1615, 38.6348 ], [ -122.1657, 38.6414 ], [ -122.163, 38.644 ], [ -122.1651, 38.6497 ], [ -122.167, 38.6534 ], [ -122.1718, 38.6565 ], [ -122.1768, 38.6583 ], [ -122.1816, 38.6576 ], [ -122.1929, 38.6647 ], [ -122.1983, 38.6694 ], [ -122.203, 38.6778 ], [ -122.2002, 38.684 ], [ -122.2019, 38.6865 ], [ -122.2054, 38.6922 ], [ -122.2083, 38.6948 ], [ -122.2148, 38.6937 ], [ -122.218, 38.6949 ], [ -122.2242, 38.7 ], [ -122.2251, 38.7095 ], [ -122.2255, 38.7226 ], [ -122.2268, 38.7265 ], [ -122.2404, 38.743 ], [ -122.2497, 38.7546 ], [ -122.253, 38.7722 ], [ -122.256, 38.7818 ], [ -122.2647, 38.7961 ], [ -122.2693, 38.8019 ], [ -122.2764, 38.8174 ], [ -122.2817, 38.8246 ], [ -122.2885, 38.8394 ], [ -122.3027, 38.8411 ], [ -122.3053, 38.8418 ], [ -122.3076, 38.8411 ], [ -122.3147, 38.8396 ], [ -122.3413, 38.8421 ], [ -122.3519, 38.8363 ], [ -122.3829, 38.8512 ], [ -122.3877, 38.8557 ], [ -122.3921, 38.8602 ], [ -122.3735, 38.817 ], [ -122.4639, 38.7052 ], [ -122.6054, 38.6727 ], [ -122.6472, 38.7064 ], [ -122.6952, 38.714 ], [ -122.7697, 38.8192 ], [ -122.8249, 38.8502 ], [ -123.081, 38.8524 ], [ -123.1363, 38.8091 ], [ -123.3684, 38.8066 ], [ -123.3683, 38.7918 ], [ -123.3683, 38.7822 ], [ -123.3682, 38.7771 ], [ -123.4059, 38.7767 ], [ -123.4474, 38.7768 ], [ -123.4968, 38.7786 ], [ -123.5273, 38.7529 ], [ -123.4615, 38.7174 ], [ -123.3112, 38.557 ], [ -123.2542, 38.5154 ], [ -123.1291, 38.451 ], [ -123.0497, 38.3341 ], [ -123.0041, 38.297 ], [ -122.9011, 38.1656 ], [ -122.9487, 38.1548 ], [ -123.0141, 37.9938 ], [ -122.9615, 38.0271 ], [ -122.8969, 38.0317 ], [ -122.8214, 37.9967 ], [ -122.7837, 37.949 ], [ -122.7026, 37.8938 ], [ -122.6485, 37.9063 ], [ -122.5492, 37.8343 ], [ -122.4948, 37.8227 ], [ -122.4768, 37.8566 ], [ -122.4994, 38.018 ], [ -122.4947, 38.1108 ], [ -122.4432, 38.1162 ], [ -122.4056, 38.1557 ], [ -122.3662, 38.1556 ], [ -122.3621, 38.1556 ], [ -122.2985, 38.1552 ], [ -122.2904, 38.1552 ] ] ] ] } },
{ "type": "Feature", "properties": { "i": 88 }, "geometry": { "type": "Polygon", "coordinates": [ [ [ -95.6707, 42.2112 ], [ -96.0199, 42.2117 ], [ -96.3436, 42.2148 ], [ -96.3575, 42.2765 ], [ -96.7259, 42.278 ], [ -96.7458, 42.2642 ], [ -97.0178, 42.2645 ], [ -97.0158, 42.7611 ], [ -97.1308, 42.7718 ], [ -97.2127, 42.8123 ], [ -97.2212, 42.847 ], [ -97.3088, 42.8672 ], [ -97.4383, 42.8476 ], [ -97.6056, 42.8584 ], [ -97.6865, 42.8424 ], [ -97.8295, 42.8688 ], [ -97.8758, 42.858 ], [ -97.8886, 42.8172 ], [ -97.9502, 42.7696 ], [ -98.06, 42.7731 ], [ -98.1295, 42.8219 ], [ -98.2573, 42.8743 ], [ -98.3097, 42.8818 ], [ -98.3001, 42.4369 ], [ -98.3004, 42.0888 ], [ -98.2958, 41.7413 ], [ -98.2913, 41.4807 ], [ -98.0997, 41.4808 ], [ -98.0356, 41.5105 ], [ -97.8863, 41.5113 ], [ -97.8844, 41.5259 ], [ -97.7036, 41.5261 ], [ -97.7038, 41.3949 ], [ -97.5985, 41.3949 ], [ -97.598, 41.3334 ], [ -97.5258, 41.3605 ], [ -97.3681, 41.389 ], [ -97.3681, 41.056 ], [ -97.3681, 41.0324 ], [ -97.3685, 40.5461 ], [ -97.3691, 40.0013 ], [ -96.6143, 40.0009 ], [ -96.0861, 40.0005 ], [ -95.3399, 40.0 ], [ -95.3629, 40.0315 ], [ -95.4168, 40.0432 ], [ -95.3978, 40.1257 ], [ -95.4817, 40.1905 ], [ -95.4903, 40.249 ], [ -95.6091, 40.3138 ], [ -95.6591, 40.4087 ], [ -95.6442, 40.4572 ], [ -95.6939, 40.4704 ], [ -95.6523, 40.538 ], [ -95.7533, 40.524 ], [ -95.7648, 40.5854 ], [ -94.9149, 40.5751 ], [ -94.9131, 40.7273 ], [ -94.9285, 40.7274 ], [ -94.9275, 41.1584 ], [ -95.1558, 41.1593 ], [ -95.1549, 41.5052 ], [ -95.0407, 41.5049 ], [ -95.0408, 41.602 ], [ -95.0927, 41.602 ], [ -95.093, 41.8634 ], [ -95.6727, 41.8637 ], [ -95.6707, 42.2112 ] ] ] } },
{ "type": "Feature", "properties": { "i": 89 }, "geometry": { "type": "Polygon", "coordinates": [ [ [ -87.0608, 36.6432 ], [ -87.4251, 36.641 ], [ -87.8531, 36.6339 ], [ -87.8496, 36.6637 ], [ -88.0705, 36.6775 ], [ -88.0325, 36.5406 ], [ -88.0532, 36.4971 ], [ -88.0605, 36.442 ], [ -87.9558, 36.3122 ], [ -87.9517, 36.2242 ], [ -87.916, 36.1548 ], [ -87.9211, 36.1245 ], [ -88.0004, 36.0287 ], [ -88.0129, 35.9466 ], [ -87.9261, 35.9255 ], [ -87.94, 35.8669 ], [ -87.99, 35.7617 ], [ -88.0348, 35.7172 ], [ -88.0176, 35.6824 ], [ -88.0342, 35.6138 ], [ -87.9746, 35.521 ], [ -87.9928, 35.4805 ], [ -88.0425, 35.4451 ], [ -87.9754, 35.4145 ], [ -88.0246, 35.3718 ], [ -88.0169, 35.2998 ], [ -87.9817, 35.288 ], [ -87.9853, 35.0059 ], [ -87.4286, 35.0028 ], [ -86.8368, 34.9919 ], [ -86.8278, 35.2636 ], [ -86.7469, 35.2529 ], [ -86.6718, 35.3091 ], [ -86.6025, 35.3276 ], [ -86.5845, 35.3706 ], [ -86.5323, 35.3516 ], [ -86.4852, 35.36 ], [ -86.4576, 35.3268 ], [ -86.2609, 35.4043 ], [ -86.2585, 35.358 ], [ -86.1939, 35.3445 ], [ -86.1577, 35.3626 ], [ -86.0366, 35.3437 ], [ -86.0024, 35.3149 ], [ -85.9136, 35.289 ], [ -85.873, 35.2235 ], [ -85.8215, 35.2417 ], [ -85.7401, 35.2153 ], [ -85.6936, 35.2392 ], [ -85.7073, 35.2826 ], [ -85.6545, 35.3055 ], [ -85.5593, 35.319 ], [ -85.5097, 35.3559 ], [ -85.4859, 35.4055 ], [ -85.5358, 35.4315 ], [ -85.5367, 35.4871 ], [ -85.6065, 35.5313 ], [ -85.4597, 35.5474 ], [ -85.4238, 35.5667 ], [ -85.2656, 35.7215 ], [ -85.2543, 35.7656 ], [ -85.0417, 35.771 ], [ -85.0286, 35.7464 ], [ -84.8818, 35.7791 ], [ -84.7298, 35.8585 ], [ -84.6807, 35.9081 ], [ -84.7205, 35.9945 ], [ -84.9071, 36.1563 ], [ -84.9129, 36.2101 ], [ -84.8781, 36.2811 ], [ -84.7399, 36.337 ], [ -84.7309, 36.3684 ], [ -84.6608, 36.395 ], [ -84.7154, 36.4992 ], [ -84.7853, 36.6034 ], [ -84.9751, 36.6158 ], [ -85.2712, 36.6266 ], [ -85.4886, 36.615 ], [ -85.8322, 36.622 ], [ -86.0329, 36.6304 ], [ -86.3586, 36.6498 ], [ -86.5075, 36.6524 ], [ -86.5634, 36.6336 ], [ -86.5899, 36.6525 ], [ -87.0608, 36.6432 ] ] ] } },
{ "type": "Feature", "properties": { "i": 90 }, "geometry": { "type": "MultiPolygon", "coordinates": [ [ [ [ -71.8966, 41.0783 ], [ -71.9278, 41.0524 ], [ -71.9926, 41.0474 ], [ -72.0356, 41.0073 ], [ -72.109, 40.9941 ], [ -72.1302, 41.0471 ], [ -72.2388, 41.0449 ], [ -72.2734, 41.0009 ], [ -72.3665, 40.996 ], [ -72.4999, 40.8822 ], [ -72.3959, 40.8667 ], [ -72.1124, 40.9728 ], [ -71.8745, 41.0518 ], [ -71.8966, 41.0783 ] ] ], [ [ [ -71.8745, 41.3226 ], [ -71.8269, 41.3374 ], [ -71.8434, 41.4059 ], [ -71.7976, 41.4166 ], [ -71.7886, 41.64 ], [ -71.9521, 41.6344 ], [ -72.1203, 41.6619 ], [ -72.158, 41.6581 ], [ -72.2394, 41.7138 ], [ -72.3332, 41.6435 ], [ -72.3286, 41.6053 ], [ -72.4667, 41.5839 ], [ -72.5051, 41.6463 ], [ -72.7139, 41.6277 ], [ -72.7522, 41.5789 ], [ -72.9464, 41.5568 ], [ -72.9385, 41.6443 ], [ -72.9831, 41.6396 ], [ -73.0589, 41.6065 ], [ -73.0931, 41.5704 ], [ -73.1642, 41.5571 ], [ -73.1558, 41.5153 ], [ -73.319, 41.5051 ], [ -73.4454, 41.5237 ], [ -73.4973, 41.6382 ], [ -73.5302, 41.5262 ], [ -73.9338, 41.4883 ], [ -74.0001, 41.4583 ], [ -73.9957, 41.5246 ], [ -73.9533, 41.5901 ], [ -74.1274, 41.5827 ], [ -74.2516, 41.6054 ], [ -74.2642, 41.6326 ], [ -74.3671, 41.5914 ], [ -74.4167, 41.5693 ], [ -74.4825, 41.5042 ], [ -74.7499, 41.4938 ], [ -74.7616, 41.4446 ], [ -74.6949, 41.3573 ], [ -74.6877, 41.3539 ], [ -74.6177, 41.3224 ], [ -74.5964, 41.3126 ], [ -74.5804, 41.3052 ], [ -74.562, 41.2966 ], [ -74.4773, 41.2573 ], [ -74.4006, 41.2199 ], [ -74.3789, 41.209 ], [ -74.3958, 41.1774 ], [ -74.4777, 41.1081 ], [ -74.4794, 41.1066 ], [ -74.4997, 41.0889 ], [ -74.4958, 41.0819 ], [ -74.4871, 41.0656 ], [ -74.4997, 41.0374 ], [ -74.4675, 41.0486 ], [ -74.4548, 41.0523 ], [ -74.4389, 41.0432 ], [ -74.4363, 41.0414 ], [ -74.4298, 41.0382 ], [ -74.4271, 41.0366 ], [ -74.4157, 41.0279 ], [ -74.3966, 41.0168 ], [ -74.3752, 41.013 ], [ -74.338, 41.007 ], [ -74.3281, 41.0015 ], [ -74.3197, 41.0018 ], [ -74.3128, 41.0003 ], [ -74.2977, 40.9996 ], [ -74.2963, 40.9842 ], [ -74.2937, 40.9793 ], [ -74.2853, 40.9793 ], [ -74.2776, 40.9719 ], [ -74.2803, 40.9717 ], [ -74.2808, 40.9682 ], [ -74.2797, 40.9616 ], [ -74.2793, 40.9561 ], [ -74.2774, 40.9512 ], [ -74.2855, 40.931 ], [ -74.2842, 40.9177 ], [ -74.2807, 40.9178 ], [ -74.2743, 40.9161 ], [ -74.2683, 40.9082 ], [ -74.2796, 40.8978 ], [ -74.2843, 40.895 ], [ -74.319, 40.9033 ], [ -74.319, 40.9079 ], [ -74.3305, 40.9078 ], [ -74.3397, 40.8895 ], [ -74.3395, 40.8796 ], [ -74.3246, 40.8576 ], [ -74.3287, 40.8446 ], [ -74.3262, 40.8439 ], [ -74.3293, 40.8314 ], [ -74.3352, 40.8275 ], [ -74.3329, 40.8231 ], [ -74.3712, 40.764 ], [ -74.3752, 40.7583 ], [ -74.371, 40.7596 ], [ -74.3611, 40.751 ], [ -74.3675, 40.7491 ], [ -74.3693, 40.7428 ], [ -74.3716, 40.7439 ], [ -74.3992, 40.7179 ], [ -74.4056, 40.7149 ], [ -74.4271, 40.7018 ], [ -74.4317, 40.6931 ], [ -74.4524, 40.68 ], [ -74.4582, 40.675 ], [ -74.4446, 40.6573 ], [ -74.4347, 40.6641 ], [ -74.4174, 40.6608 ], [ -74.4155, 40.6623 ], [ -74.403, 40.6567 ], [ -74.4263, 40.6182 ], [ -74.4322, 40.615 ], [ -74.4417, 40.6094 ], [ -74.4583, 40.5953 ], [ -74.4448, 40.5965 ], [ -74.4407, 40.5969 ], [ -74.4009, 40.6005 ], [ -74.3213, 40.6071 ], [ -74.3124, 40.6081 ], [ -74.3004, 40.598 ], [ -74.2558, 40.6022 ], [ -74.2479, 40.6001 ], [ -74.2121, 40.5984 ], [ -74.2179, 40.5575 ], [ -74.2495, 40.5327 ], [ -74.2582, 40.5078 ], [ -74.2467, 40.4961 ], [ -74.1267, 40.5389 ], [ -74.0531, 40.6037 ], [ -74.0768, 40.6759 ], [ -74.0093, 40.6855 ], [ -74.0403, 40.6151 ], [ -73.9917, 40.5827 ], [ -73.9383, 40.5745 ], [ -73.897, 40.6202 ], [ -73.8214, 40.6485 ], [ -73.7896, 40.5964 ], [ -73.6451, 40.5991 ], [ -73.5445, 40.6453 ], [ -73.3996, 40.6546 ], [ -73.3121, 40.6881 ], [ -73.0485, 40.7292 ], [ -73.0174, 40.7505 ], [ -72.8798, 40.7402 ], [ -72.7638, 40.7821 ], [ -72.7245, 40.8094 ], [ -72.6536, 40.7977 ], [ -72.586, 40.8139 ], [ -72.5032, 40.8963 ], [ -72.5768, 40.9337 ], [ -72.5282, 40.9795 ], [ -72.4703, 40.9897 ], [ -72.4035, 41.0729 ], [ -72.4477, 41.0851 ], [ -72.4791, 41.0514 ], [ -72.6375, 40.9816 ], [ -72.7741, 40.9653 ], [ -72.8961, 40.9625 ], [ -73.0768, 40.9727 ], [ -73.1447, 40.9558 ], [ -73.1512, 40.9295 ], [ -73.2327, 40.9133 ], [ -73.2965, 40.9348 ], [ -73.4348, 40.8974 ], [ -73.5428, 40.8783 ], [ -73.5661, 40.9159 ], [ -73.6543, 40.8783 ], [ -73.7137, 40.8701 ], [ -73.7638, 40.8141 ], [ -73.8127, 40.8275 ], [ -73.7699, 40.9099 ], [ -73.6865, 40.9452 ], [ -73.6547, 41.0117 ], [ -73.5677, 41.0109 ], [ -73.5396, 41.0345 ], [ -73.441, 41.0562 ], [ -73.3849, 41.0949 ], [ -73.1729, 41.1685 ], [ -73.1303, 41.1468 ], [ -73.0482, 41.2125 ], [ -73.0075, 41.2102 ], [ -72.9269, 41.2813 ], [ -72.8613, 41.2453 ], [ -72.829, 41.2634 ], [ -72.7029, 41.2559 ], [ -72.6151, 41.2719 ], [ -72.5445, 41.2483 ], [ -72.4519, 41.2789 ], [ -72.385, 41.2539 ], [ -72.2014, 41.3157 ], [ -72.113, 41.299 ], [ -71.9616, 41.3402 ], [ -71.8745, 41.3226 ] ] ] ] } },
{ "type": "Feature", "properties": { "i": 91 }, "geometry": { "type": "Polygon", "coordinates": [ [ [ -116.0492, 49.0008 ], [ -116.4993, 48.9998 ], [ -117.1349, 48.9988 ], [ -117.8844, 48.9999 ], [ -118.5735, 49.0001 ], [ -119.0169, 49.0 ], [ -120.0012, 48.9994 ], [ -120.8531, 48.9996 ], [ -120.8798, 48.9655 ], [ -120.835, 48.9394 ], [ -120.7685, 48.9546 ], [ -120.7678, 48.8775 ], [ -120.7311, 48.8547 ], [ -120.7342, 48.784 ], [ -120.6773, 48.7354 ], [ -120.6836, 48.6945 ], [ -120.7877, 48.6259 ], [ -120.7439, 48.579 ], [ -120.6856, 48.5673 ], [ -120.7032, 48.5269 ], [ -120.7912, 48.5073 ], [ -120.8568, 48.5485 ], [ -120.9651, 48.4983 ], [ -121.0339, 48.4951 ], [ -121.0599, 48.454 ], [ -121.0434, 48.3636 ], [ -121.0711, 48.3181 ], [ -121.0057, 48.2997 ], [ -120.999, 48.2618 ], [ -120.9197, 48.1909 ], [ -120.9657, 48.1094 ], [ -121.0146, 48.0754 ], [ -121.1315, 48.0442 ], [ -121.1183, 47.9974 ], [ -121.1639, 47.9568 ], [ -121.1743, 47.8851 ], [ -121.1352, 47.8434 ], [ -121.0708, 47.8265 ], [ -121.1201, 47.7825 ], [ -121.0673, 47.7067 ], [ -121.1208, 47.6851 ], [ -121.1121, 47.5959 ], [ -121.0744, 47.5511 ], [ -120.9654, 47.4873 ], [ -120.9244, 47.4343 ], [ -120.7347, 47.3933 ], [ -120.665, 47.3435 ], [ -120.5161, 47.3209 ], [ -120.3897, 47.2617 ], [ -120.0966, 47.2621 ], [ -120.0654, 47.2236 ], [ -120.0067, 47.2202 ], [ -120.0018, 47.1268 ], [ -120.0425, 47.0754 ], [ -120.0074, 47.0336 ], [ -119.9658, 46.9425 ], [ -119.9633, 46.8548 ], [ -119.9276, 46.798 ], [ -119.9704, 46.7539 ], [ -119.9442, 46.6733 ], [ -119.8948, 46.6323 ], [ -119.8293, 46.6252 ], [ -119.7183, 46.6476 ], [ -119.6261, 46.645 ], [ -119.5165, 46.7271 ], [ -119.4522, 46.6798 ], [ -119.3689, 46.679 ], [ -119.3696, 46.7375 ], [ -118.8361, 46.7355 ], [ -118.2524, 46.7391 ], [ -118.1994, 46.6238 ], [ -118.2154, 46.5903 ], [ -118.178, 46.5601 ], [ -117.9536, 46.5921 ], [ -117.8825, 46.591 ], [ -117.8619, 46.5601 ], [ -117.8633, 46.4709 ], [ -117.7373, 46.4714 ], [ -117.7168, 46.3979 ], [ -117.6741, 46.3825 ], [ -117.6751, 46.3386 ], [ -117.6118, 46.3385 ], [ -117.6127, 46.1249 ], [ -117.6032, 45.9993 ], [ -116.9161, 45.9956 ], [ -116.8669, 45.918 ], [ -116.7938, 45.8557 ], [ -116.7305, 45.894 ], [ -116.7562, 45.944 ], [ -116.6369, 46.0365 ], [ -116.5152, 46.0391 ], [ -116.5147, 46.129 ], [ -116.4285, 46.2022 ], [ -116.3112, 46.169 ], [ -116.199, 46.1524 ], [ -116.1335, 46.2152 ], [ -116.0133, 46.2264 ], [ -116.1271, 46.2989 ], [ -116.1973, 46.4131 ], [ -116.3085, 46.4135 ], [ -116.3687, 46.4669 ], [ -116.3693, 46.5 ], [ -116.452, 46.4999 ], [ -116.4558, 46.6288 ], [ -116.3293, 46.6279 ], [ -116.3296, 46.935 ], [ -115.6104, 46.9332 ], [ -115.001, 46.9328 ], [ -115.0883, 47.0442 ], [ -115.1862, 47.1299 ], [ -115.2448, 47.1512 ], [ -115.3399, 47.2622 ], [ -115.5286, 47.2997 ], [ -115.5514, 47.3502 ], [ -115.7208, 47.4249 ], [ -115.6863, 47.4855 ], [ -115.7545, 47.552 ], [ -115.6884, 47.5947 ], [ -115.7363, 47.6548 ], [ -115.7231, 47.6955 ], [ -115.8246, 47.7522 ], [ -115.8523, 47.8275 ], [ -115.9014, 47.8431 ], [ -116.0489, 47.9773 ], [ -116.05, 48.2376 ], [ -116.0492, 49.0008 ] ] ] } },
{ "type": "Feature", "properties": { "i": 92 }, "geometry": { "type": "Polygon", "coordinates": [ [ [ -98.3472, 36.998 ], [ -99.05, 36.9992 ], [ -99.4561, 36.9993 ], [ -100.0018, 37.0016 ], [ -100.0037, 36.5079 ], [ -100.0004, 36.4997 ], [ -100.0004, 36.0492 ], [ -100.0004, 35.375 ], [ -100.0004, 34.7468 ], [ -99.9976, 34.237 ], [ -100.047, 34.2262 ], [ -100.0485, 33.836 ], [ -99.9967, 33.836 ], [ -99.991, 33.3971 ], [ -99.853, 33.3979 ], [ -99.8309, 33.3979 ], [ -99.8187, 33.398 ], [ -99.8149, 33.398 ], [ -99.8011, 33.398 ], [ -99.772, 33.3982 ], [ -99.7504, 33.3984 ], [ -99.6938, 33.3985 ], [ -99.6551, 33.3985 ], [ -99.5749, 33.3987 ], [ -99.5008, 33.3988 ], [ -99.4724, 33.3988 ], [ -99.444, 33.3989 ], [ -99.423, 33.3989 ], [ -99.3889, 33.3988 ], [ -99.2949, 33.3986 ], [ -99.2496, 33.3985 ], [ -99.2346, 33.3985 ], [ -99.205, 33.3984 ], [ -99.1156, 33.3981 ], [ -99.0807, 33.398 ], [ -99.0476, 33.3979 ], [ -99.0094, 33.3977 ], [ -98.9628, 33.3976 ], [ -98.9597, 33.3975 ], [ -98.9539, 33.3975 ], [ -98.4207, 33.3956 ], [ -98.4214, 33.4668 ], [ -97.9789, 33.4679 ], [ -97.9776, 33.8892 ], [ -97.8719, 33.8491 ], [ -97.8038, 33.8795 ], [ -97.7626, 33.9339 ], [ -97.7168, 33.9477 ], [ -97.6597, 33.9904 ], [ -97.5896, 33.9528 ], [ -97.5874, 33.9025 ], [ -97.4998, 33.9196 ], [ -97.4596, 33.9031 ], [ -97.4628, 33.843 ], [ -97.427, 33.8195 ], [ -97.374, 33.8195 ], [ -97.3017, 33.8833 ], [ -97.2462, 33.9003 ], [ -97.1807, 33.8949 ], [ -97.1667, 33.8468 ], [ -97.2049, 33.8189 ], [ -97.1932, 33.7603 ], [ -97.1503, 33.7223 ], [ -97.0945, 33.7305 ], [ -97.0949, 33.7976 ], [ -97.0482, 33.8181 ], [ -96.986, 33.886 ], [ -96.9753, 33.9362 ], [ -96.9214, 33.9596 ], [ -96.883, 33.868 ], [ -96.7943, 33.8689 ], [ -96.7665, 33.8256 ], [ -96.7073, 33.8334 ], [ -96.659, 33.9163 ], [ -96.5918, 33.8792 ], [ -96.6294, 33.8514 ], [ -96.5719, 33.819 ], [ -96.5266, 33.8208 ], [ -96.5012, 33.7729 ], [ -96.4228, 33.776 ], [ -96.3426, 33.6871 ], [ -96.3165, 33.6996 ], [ -96.2772, 33.7696 ], [ -96.2306, 33.7487 ], [ -96.1698, 33.7697 ], [ -96.1465, 33.8383 ], [ -96.0481, 33.8368 ], [ -95.9412, 33.862 ], [ -95.9176, 33.8818 ], [ -95.8365, 33.8355 ], [ -95.7622, 33.8725 ], [ -95.8367, 33.8739 ], [ -95.9379, 33.9534 ], [ -95.9383, 34.1118 ], [ -95.9504, 34.1447 ], [ -95.7794, 34.1567 ], [ -95.7792, 34.5064 ], [ -95.6717, 34.5068 ], [ -95.6719, 34.5938 ], [ -95.8807, 34.5936 ], [ -95.8832, 34.6805 ], [ -96.0921, 34.6803 ], [ -96.0888, 35.0491 ], [ -96.0137, 35.1397 ], [ -95.9831, 35.1517 ], [ -95.9814, 35.2899 ], [ -96.4414, 35.2899 ], [ -96.4413, 35.4499 ], [ -96.497, 35.4287 ], [ -96.5531, 35.4542 ], [ -96.6234, 35.4005 ], [ -96.6191, 35.856 ], [ -96.6214, 36.1596 ], [ -96.8191, 36.1589 ], [ -96.819, 36.2454 ], [ -96.9251, 36.2465 ], [ -96.9249, 36.3332 ], [ -97.0321, 36.3334 ], [ -97.0322, 36.507 ], [ -96.8991, 36.5532 ], [ -96.9239, 36.6004 ], [ -97.0055, 36.5827 ], [ -97.0453, 36.6035 ], [ -97.0641, 36.6842 ], [ -97.0315, 36.7018 ], [ -96.9309, 36.6866 ], [ -96.8897, 36.7509 ], [ -96.7526, 36.782 ], [ -96.75, 36.999 ], [ -97.4369, 36.9987 ], [ -98.3472, 36.998 ] ] ] } },
{ "type": "Feature", "properties": { "i": 93 }, "geometry": { "type": "Polygon", "coordinates": [ [ [ -87.6517, 38.5682 ], [ -88.1472, 38.5688 ], [ -88.148, 38.5969 ], [ -88.5846, 38.6073 ], [ -88.6985, 38.606 ], [ -88.699, 38.4752 ], [ -89.1442, 38.4745 ], [ -89.1477, 38.2129 ], [ -89.5928, 38.2192 ], [ -89.5951, 37.9554 ], [ -89.6804, 37.8228 ], [ -89.7972, 37.8615 ], [ -89.8438, 37.9054 ], [ -89.9029, 37.8697 ], [ -89.9382, 37.8746 ], [ -90.0, 37.8214 ], [ -90.1107, 37.6716 ], [ -90.1468, 37.6416 ], [ -90.1385, 37.5412 ], [ -90.1457, 37.3121 ], [ -90.5497, 37.3172 ], [ -90.5506, 37.2726 ], [ -90.7355, 37.271 ], [ -90.7371, 37.1677 ], [ -90.779, 37.1378 ], [ -90.7796, 37.0503 ], [ -90.9645, 37.0536 ], [ -90.9636, 37.0973 ], [ -91.0178, 37.0957 ], [ -91.1144, 37.0841 ], [ -91.2172, 37.0862 ], [ -91.2248, 36.8257 ], [ -91.1159, 36.8237 ], [ -91.1259, 36.4977 ], [ -90.7832, 36.4982 ], [ -90.2295, 36.4978 ], [ -90.1911, 36.5435 ], [ -90.1866, 36.5877 ], [ -90.1251, 36.6309 ], [ -89.9587, 36.6292 ], [ -89.9573, 36.4591 ], [ -89.9722, 36.3898 ], [ -89.752, 36.3867 ], [ -89.7222, 36.4261 ], [ -89.6744, 36.4004 ], [ -89.5917, 36.4032 ], [ -89.5451, 36.3368 ], [ -89.5096, 36.3745 ], [ -89.5423, 36.4201 ], [ -89.521, 36.4793 ], [ -89.4642, 36.4572 ], [ -89.4173, 36.499 ], [ -89.2991, 36.5071 ], [ -88.9719, 36.5022 ], [ -88.729, 36.5028 ], [ -88.0532, 36.4971 ], [ -88.0325, 36.5406 ], [ -88.0705, 36.6775 ], [ -87.8496, 36.6637 ], [ -87.8531, 36.6339 ], [ -87.4251, 36.641 ], [ -87.0608, 36.6432 ], [ -87.0532, 37.0605 ], [ -86.8951, 37.0887 ], [ -86.9234, 37.1424 ], [ -86.9075, 37.222 ], [ -86.9826, 37.2698 ], [ -86.9965, 37.3283 ], [ -87.0357, 37.365 ], [ -87.097, 37.3745 ], [ -87.1031, 37.481 ], [ -87.0496, 37.5517 ], [ -86.9511, 37.6297 ], [ -86.9206, 37.6246 ], [ -86.8183, 37.6738 ], [ -86.8668, 37.7088 ], [ -86.8232, 37.7377 ], [ -86.8173, 37.7903 ], [ -86.8538, 37.8401 ], [ -86.9345, 37.9088 ], [ -86.8626, 37.983 ], [ -86.7715, 38.002 ], [ -86.7673, 38.0942 ], [ -86.8041, 38.1469 ], [ -86.7915, 38.206 ], [ -87.0731, 38.2038 ], [ -87.0724, 38.5144 ], [ -87.1461, 38.5159 ], [ -87.1755, 38.544 ], [ -87.2501, 38.5418 ], [ -87.3017, 38.5103 ], [ -87.3551, 38.5435 ], [ -87.4601, 38.5334 ], [ -87.4884, 38.5074 ], [ -87.5752, 38.4917 ], [ -87.5986, 38.4513 ], [ -87.6617, 38.4541 ], [ -87.7427, 38.4145 ], [ -87.7446, 38.4773 ], [ -87.6716, 38.5076 ], [ -87.6517, 38.5682 ] ] ] } },
{ "type": "Feature", "properties": { "i": 94 }, "geometry": { "type": "Polygon", "coordinates": [ [ [ -79.3564, 38.9641 ], [ -79.3403, 38.9702 ], [ -79.337, 38.9766 ], [ -79.3341, 38.9795 ], [ -79.3301, 38.9839 ], [ -79.3301, 38.9871 ], [ -79.3288, 38.9933 ], [ -79.3282, 38.9963 ], [ -79.3242, 38.9999 ], [ -79.3191, 39.0137 ], [ -79.3159, 39.0158 ], [ -79.312, 39.0214 ], [ -79.3106, 39.0275 ], [ -79.317, 39.0376 ], [ -79.3078, 39.0424 ], [ -79.3061, 39.0445 ], [ -79.3028, 39.0527 ], [ -79.3025, 39.0624 ], [ -79.3006, 39.0667 ], [ -79.2987, 39.0703 ], [ -79.3073, 39.0768 ], [ -79.3098, 39.0744 ], [ -79.316, 39.0706 ], [ -79.3426, 39.0838 ], [ -79.3553, 39.0865 ], [ -79.3489, 39.0935 ], [ -79.3488, 39.0994 ], [ -79.3467, 39.1065 ], [ -79.3425, 39.1113 ], [ -79.3378, 39.1139 ], [ -79.3318, 39.1184 ], [ -79.3325, 39.1229 ], [ -79.3346, 39.1239 ], [ -79.3301, 39.1294 ], [ -79.3279, 39.1309 ], [ -79.3288, 39.1377 ], [ -79.3312, 39.1437 ], [ -79.3281, 39.1542 ], [ -79.3218, 39.1637 ], [ -79.3146, 39.1674 ], [ -79.3126, 39.1764 ], [ -79.3115, 39.1784 ], [ -79.2923, 39.1902 ], [ -79.3002, 39.2017 ], [ -79.3175, 39.2117 ], [ -79.3196, 39.2101 ], [ -79.3418, 39.2141 ], [ -79.3449, 39.2131 ], [ -79.3514, 39.2081 ], [ -79.354, 39.2081 ], [ -79.3584, 39.2064 ], [ -79.3615, 39.2016 ], [ -79.3647, 39.1997 ], [ -79.3675, 39.1999 ], [ -79.3754, 39.2032 ], [ -79.3781, 39.2046 ], [ -79.3843, 39.1999 ], [ -79.3899, 39.1999 ], [ -79.4015, 39.1905 ], [ -79.426, 39.1893 ], [ -79.4547, 39.1835 ], [ -79.4567, 39.1833 ], [ -79.4623, 39.1822 ], [ -79.4648, 39.1805 ], [ -79.472, 39.1808 ], [ -79.486, 39.1914 ], [ -79.4824, 39.5317 ], [ -79.4789, 39.532 ], [ -79.4781, 39.6251 ], [ -79.4766, 39.6447 ], [ -79.4769, 39.7018 ], [ -79.476, 39.7211 ], [ -79.4315, 39.7215 ], [ -79.402, 39.7216 ], [ -79.3921, 39.7219 ], [ -79.3899, 39.7248 ], [ -79.3906, 39.7299 ], [ -79.3982, 39.7336 ], [ -79.4093, 39.7346 ], [ -79.4094, 39.7395 ], [ -79.4084, 39.7416 ], [ -79.3938, 39.7445 ], [ -79.3959, 39.7502 ], [ -79.3983, 39.7525 ], [ -79.3987, 39.758 ], [ -79.389, 39.7614 ], [ -79.3847, 39.7637 ], [ -79.3826, 39.7651 ], [ -79.3787, 39.7696 ], [ -79.3905, 39.7774 ], [ -79.3949, 39.7829 ], [ -79.3922, 39.7844 ], [ -79.3813, 39.7859 ], [ -79.3768, 39.7894 ], [ -79.3737, 39.7878 ], [ -79.3544, 39.7885 ], [ -79.3614, 39.7883 ], [ -79.3677, 39.7946 ], [ -79.3689, 39.7983 ], [ -79.3653, 39.8152 ], [ -79.3671, 39.8225 ], [ -79.3724, 39.8275 ], [ -79.3753, 39.828 ], [ -79.3818, 39.8341 ], [ -79.3957, 39.8443 ], [ -79.4107, 39.85 ], [ -79.4143, 39.8618 ], [ -79.4, 39.8976 ], [ -79.3987, 39.9006 ], [ -79.3827, 39.9224 ], [ -79.3748, 39.9332 ], [ -79.373, 39.9354 ], [ -79.3283, 39.9956 ], [ -79.3161, 40.0113 ], [ -79.3095, 40.0198 ], [ -79.3027, 40.0286 ], [ -79.2988, 40.0334 ], [ -79.2938, 40.0404 ], [ -79.2888, 40.0458 ], [ -79.2706, 40.0646 ], [ -79.2611, 40.0792 ], [ -79.2433, 40.0926 ], [ -79.2403, 40.0937 ], [ -79.2348, 40.0964 ], [ -79.2312, 40.0972 ], [ -79.2201, 40.113 ], [ -79.2145, 40.1173 ], [ -79.2057, 40.1167 ], [ -79.197, 40.1181 ], [ -79.1946, 40.1125 ], [ -79.1822, 40.1133 ], [ -79.1674, 40.1316 ], [ -79.1663, 40.1352 ], [ -79.1629, 40.1417 ], [ -79.1626, 40.1481 ], [ -79.1494, 40.1606 ], [ -79.142, 40.163 ], [ -79.1406, 40.1676 ], [ -79.1353, 40.1787 ], [ -79.1267, 40.1845 ], [ -79.1259, 40.1906 ], [ -79.1241, 40.1926 ], [ -79.1253, 40.1974 ], [ -79.1222, 40.2024 ], [ -79.1079, 40.213 ], [ -79.1079, 40.2173 ], [ -79.1047, 40.217 ], [ -79.1011, 40.2233 ], [ -79.0986, 40.2287 ], [ -79.0957, 40.2332 ], [ -79.0824, 40.2499 ], [ -79.0784, 40.2586 ], [ -79.0737, 40.2652 ], [ -79.0717, 40.2678 ], [ -79.0544, 40.2892 ], [ -79.0493, 40.2938 ], [ -79.0463, 40.2964 ], [ -79.0409, 40.3033 ], [ -79.0362, 40.3108 ], [ -79.0256, 40.3258 ], [ -79.0228, 40.3303 ], [ -79.0124, 40.3397 ], [ -79.0102, 40.3441 ], [ -79.0051, 40.3518 ], [ -78.9996, 40.3556 ], [ -78.9933, 40.3652 ], [ -78.9821, 40.3834 ], [ -78.9747, 40.396 ], [ -78.9473, 40.4418 ], [ -78.875, 40.5755 ], [ -78.8597, 40.6056 ], [ -78.8512, 40.6251 ], [ -78.8432, 40.6432 ], [ -78.8393, 40.6508 ], [ -78.8346, 40.6617 ], [ -78.8323, 40.6671 ], [ -78.8217, 40.6911 ], [ -78.8163, 40.7035 ], [ -78.7998, 40.7173 ], [ -78.8017, 40.7245 ], [ -78.8057, 40.7295 ], [ -78.8064, 40.7492 ], [ -78.8057, 40.8825 ], [ -78.8054, 40.897 ], [ -78.8052, 40.906 ], [ -78.8044, 40.9368 ], [ -78.8043, 40.9397 ], [ -78.8041, 40.9492 ], [ -78.804, 40.9927 ], [ -78.8042, 41.0088 ], [ -78.8042, 41.04 ], [ -78.8044, 41.0628 ], [ -78.8043, 41.1319 ], [ -78.8001, 41.1398 ], [ -78.7824, 41.1726 ], [ -78.7743, 41.1881 ], [ -78.7708, 41.1953 ], [ -78.7609, 41.2026 ], [ -78.7256, 41.2021 ], [ -78.7107, 41.2303 ], [ -78.7304, 41.2305 ], [ -78.739, 41.2498 ], [ -78.7388, 41.2546 ], [ -78.7404, 41.2652 ], [ -78.7795, 41.2826 ], [ -78.8255, 41.3029 ], [ -78.8491, 41.3135 ], [ -78.8543, 41.3158 ], [ -78.8748, 41.3249 ], [ -78.9202, 41.345 ], [ -78.939, 41.3533 ], [ -78.9598, 41.3707 ], [ -78.9663, 41.3707 ], [ -78.9673, 41.3723 ], [ -78.9725, 41.3761 ], [ -78.9759, 41.3737 ], [ -78.9811, 41.368 ], [ -78.987, 41.3679 ], [ -78.9921, 41.3683 ], [ -78.9995, 41.3622 ], [ -79.0031, 41.3592 ], [ -79.0052, 41.359 ], [ -79.0155, 41.3538 ], [ -79.0633, 41.3501 ], [ -79.0661, 41.3502 ], [ -79.0861, 41.3472 ], [ -79.0909, 41.342 ], [ -79.0936, 41.4233 ], [ -79.0661, 41.4232 ], [ -79.0637, 41.4496 ], [ -79.0412, 41.4528 ], [ -78.9998, 41.4521 ], [ -78.9767, 41.4517 ], [ -78.9706, 41.437 ], [ -78.959, 41.4699 ], [ -78.9591, 41.5 ], [ -78.9586, 41.5215 ], [ -78.9582, 41.5385 ], [ -78.9574, 41.5775 ], [ -78.9571, 41.589 ], [ -78.9564, 41.6127 ], [ -78.956, 41.6246 ], [ -78.9675, 41.6241 ], [ -78.993, 41.6245 ], [ -79.0437, 41.6251 ], [ -79.1051, 41.6264 ], [ -79.1522, 41.627 ], [ -79.1886, 41.6273 ], [ -79.3321, 41.6268 ], [ -79.3633, 41.6264 ], [ -79.3785, 41.6261 ], [ -79.3974, 41.6258 ], [ -79.4098, 41.6257 ], [ -79.4389, 41.6255 ], [ -79.4585, 41.6253 ], [ -79.4784, 41.625 ], [ -79.5201, 41.6245 ], [ -79.5706, 41.6242 ], [ -79.5928, 41.624 ], [ -79.6129, 41.6171 ], [ -79.6509, 41.6173 ], [ -79.6876, 41.6173 ], [ -79.7108, 41.6175 ], [ -79.8289, 41.622 ], [ -79.8296, 41.602 ], [ -79.8414, 41.5999 ], [ -79.8705, 41.5819 ], [ -79.8702, 41.5742 ], [ -79.893, 41.5708 ], [ -79.8957, 41.5622 ], [ -79.9355, 41.5375 ], [ -79.9427, 41.5252 ], [ -79.9591, 41.5246 ], [ -79.9592, 41.5134 ], [ -79.9884, 41.5007 ], [ -80.0083, 41.4897 ], [ -80.0215, 41.4892 ], [ -80.0374, 41.4888 ], [ -80.0481, 41.4884 ], [ -80.0973, 41.487 ], [ -80.1023, 41.4869 ], [ -80.1252, 41.4863 ], [ -80.1259, 41.4805 ], [ -80.13, 41.4805 ], [ -80.1508, 41.4809 ], [ -80.1626, 41.4814 ], [ -80.1792, 41.4817 ], [ -80.1852, 41.4818 ], [ -80.2352, 41.4826 ], [ -80.2639, 41.4833 ], [ -80.2889, 41.4836 ], [ -80.3345, 41.4843 ], [ -80.3486, 41.4845 ], [ -80.3557, 41.4848 ], [ -80.3653, 41.4852 ], [ -80.3748, 41.4856 ], [ -80.3792, 41.4859 ], [ -80.3902, 41.4862 ], [ -80.3973, 41.4862 ], [ -80.4112, 41.4865 ], [ -80.421, 41.4867 ], [ -80.4273, 41.4869 ], [ -80.4323, 41.4921 ], [ -80.4449, 41.4921 ], [ -80.4602, 41.4875 ], [ -80.4813, 41.4882 ], [ -80.519, 41.4362 ], [ -80.5191, 41.3239 ], [ -80.5191, 41.3124 ], [ -80.5191, 41.2773 ], [ -80.519, 41.2729 ], [ -80.5189, 41.2668 ], [ -80.5187, 41.2487 ], [ -80.5189, 41.2392 ], [ -80.5189, 41.1987 ], [ -80.5191, 41.1712 ], [ -80.519, 41.1501 ], [ -80.5192, 41.1334 ], [ -80.5191, 41.1305 ], [ -80.519, 41.1184 ], [ -80.5191, 41.1008 ], [ -80.5191, 41.0466 ], [ -80.519, 40.9608 ], [ -80.5191, 40.9532 ], [ -80.5198, 40.9022 ], [ -80.5203, 40.9 ], [ -80.5342, 40.8998 ], [ -80.6184, 40.8997 ], [ -80.6352, 40.8998 ], [ -80.6472, 40.8999 ], [ -80.6631, 40.9 ], [ -80.6838, 40.9001 ], [ -80.7282, 40.9004 ], [ -80.775, 40.9005 ], [ -80.7863, 40.9008 ], [ -80.8058, 40.9008 ], [ -80.8219, 40.9125 ], [ -80.8216, 40.9296 ], [ -80.8627, 40.93 ], [ -80.8914, 40.9302 ], [ -80.8963, 40.93 ], [ -80.8966, 40.9163 ], [ -80.8969, 40.9125 ], [ -80.9521, 40.902 ], [ -80.9561, 40.902 ], [ -80.9714, 40.9022 ], [ -80.9899, 40.9025 ], [ -81.0211, 40.9025 ], [ -81.0398, 40.9025 ], [ -81.0663, 40.9027 ], [ -81.079, 40.9029 ], [ -81.0868, 40.8578 ], [ -81.0867, 40.8501 ], [ -81.0871, 40.7694 ], [ -81.117, 40.7284 ], [ -81.1282, 40.7282 ], [ -81.1363, 40.7284 ], [ -81.1688, 40.7288 ], [ -81.1988, 40.726 ], [ -81.199, 40.7223 ], [ -81.2336, 40.7234 ], [ -81.2372, 40.7235 ], [ -81.238, 40.7095 ], [ -81.2385, 40.699 ], [ -81.2397, 40.6787 ], [ -81.2401, 40.6722 ], [ -81.2406, 40.6623 ], [ -81.2497, 40.6507 ], [ -81.2941, 40.6512 ], [ -81.3251, 40.6517 ], [ -81.3475, 40.6521 ], [ -81.4355, 40.6588 ], [ -81.436, 40.6609 ], [ -81.4613, 40.6662 ], [ -81.4691, 40.655 ], [ -81.4815, 40.6532 ], [ -81.5019, 40.6513 ], [ -81.5501, 40.6459 ], [ -81.5563, 40.6452 ], [ -81.578, 40.6427 ], [ -81.5936, 40.641 ], [ -81.6692, 40.6328 ], [ -81.6646, 40.5844 ], [ -81.6651, 40.5712 ], [ -81.6654, 40.5638 ], [ -81.6657, 40.5548 ], [ -81.6666, 40.525 ], [ -81.6677, 40.4954 ], [ -81.6682, 40.4827 ], [ -81.6687, 40.4714 ], [ -81.6691, 40.4611 ], [ -81.6696, 40.4479 ], [ -81.6886, 40.4443 ], [ -81.7091, 40.444 ], [ -81.7632, 40.4459 ], [ -81.7711, 40.4461 ], [ -81.7832, 40.4464 ], [ -81.7997, 40.4467 ], [ -81.8155, 40.447 ], [ -81.8244, 40.4471 ], [ -81.8376, 40.4474 ], [ -81.9069, 40.4491 ], [ -81.9108, 40.4492 ], [ -81.9285, 40.4497 ], [ -81.9488, 40.4502 ], [ -81.9614, 40.4505 ], [ -81.968, 40.4507 ], [ -81.9845, 40.4512 ], [ -82.0268, 40.4523 ], [ -82.0334, 40.4525 ], [ -82.0441, 40.4529 ], [ -82.0552, 40.4533 ], [ -82.086, 40.4533 ], [ -82.0964, 40.4532 ], [ -82.124, 40.4542 ], [ -82.151, 40.455 ], [ -82.1846, 40.4563 ], [ -82.1847, 40.4539 ], [ -82.1852, 40.4416 ], [ -82.1857, 40.4318 ], [ -82.1863, 40.4187 ], [ -82.1871, 40.4033 ], [ -82.1878, 40.3909 ], [ -82.1887, 40.3745 ], [ -82.1897, 40.3595 ], [ -82.191, 40.3357 ], [ -82.1912, 40.3294 ], [ -82.1918, 40.3164 ], [ -82.1941, 40.2746 ], [ -82.1962, 40.2391 ], [ -82.1836, 40.2272 ], [ -82.1847, 40.2104 ], [ -82.1862, 40.19 ], [ -82.1867, 40.1827 ], [ -82.1874, 40.1697 ], [ -82.1875, 40.1647 ], [ -82.1876, 40.1565 ], [ -82.1889, 40.1318 ], [ -82.1897, 40.1159 ], [ -82.1904, 40.1009 ], [ -82.1911, 40.0885 ], [ -82.1945, 40.0272 ], [ -82.195, 40.0168 ], [ -82.1951, 40.0104 ], [ -82.1954, 40.0057 ], [ -82.1963, 39.9925 ], [ -82.1972, 39.9744 ], [ -82.1976, 39.9674 ], [ -82.1978, 39.9642 ], [ -82.1982, 39.9586 ], [ -82.1987, 39.9512 ], [ -82.2059, 39.9505 ], [ -82.2317, 39.9511 ], [ -82.2338, 39.9199 ], [ -82.2339, 39.9171 ], [ -82.2281, 39.913 ], [ -82.2182, 39.9125 ], [ -82.2102, 39.912 ], [ -82.2006, 39.9115 ], [ -82.17, 39.9097 ], [ -82.1628, 39.9094 ], [ -82.1633, 39.896 ], [ -82.17, 39.8217 ], [ -82.073, 39.8158 ], [ -82.0757, 39.7827 ], [ -82.0564, 39.7699 ], [ -82.0343, 39.7687 ], [ -81.9959, 39.7678 ], [ -81.9414, 39.7652 ], [ -81.9279, 39.7651 ], [ -81.8954, 39.7638 ], [ -81.8897, 39.7636 ], [ -81.869, 39.7627 ], [ -81.8438, 39.7616 ], [ -81.8291, 39.761 ], [ -81.8147, 39.7604 ], [ -81.7749, 39.7587 ], [ -81.7596, 39.758 ], [ -81.7499, 39.7576 ], [ -81.7362, 39.7572 ], [ -81.7252, 39.7567 ], [ -81.678, 39.7547 ], [ -81.6704, 39.7544 ], [ -81.6646, 39.7543 ], [ -81.6398, 39.7526 ], [ -81.6403, 39.742 ], [ -81.6406, 39.7322 ], [ -81.6411, 39.7171 ], [ -81.6429, 39.6724 ], [ -81.6376, 39.6655 ], [ -81.6164, 39.665 ], [ -81.603, 39.6645 ], [ -81.5861, 39.663 ], [ -81.5864, 39.6554 ], [ -81.5869, 39.6376 ], [ -81.5874, 39.6251 ], [ -81.5876, 39.6144 ], [ -81.5881, 39.5937 ], [ -81.5882, 39.587 ], [ -81.5706, 39.5863 ], [ -81.5678, 39.5862 ], [ -81.5473, 39.5855 ], [ -81.5286, 39.5848 ], [ -81.4976, 39.584 ], [ -81.4875, 39.5837 ], [ -81.4733, 39.6251 ], [ -81.4733, 39.6297 ], [ -81.467, 39.6459 ], [ -81.4523, 39.6367 ], [ -81.4137, 39.6258 ], [ -81.413, 39.6159 ], [ -81.3893, 39.6014 ], [ -81.3773, 39.6012 ], [ -81.3479, 39.5934 ], [ -81.3314, 39.593 ], [ -81.3132, 39.5926 ], [ -81.2885, 39.5919 ], [ -81.2834, 39.5944 ], [ -81.2831, 39.6067 ], [ -81.2738, 39.6056 ], [ -81.2641, 39.5768 ], [ -81.2498, 39.5767 ], [ -81.2248, 39.5784 ], [ -81.2115, 39.5779 ], [ -81.2073, 39.5778 ], [ -81.1768, 39.5769 ], [ -81.159, 39.5763 ], [ -81.0457, 39.5724 ], [ -81.0371, 39.5716 ], [ -81.0382, 39.5481 ], [ -81.0344, 39.5424 ], [ -81.0296, 39.5458 ], [ -81.0237, 39.5525 ], [ -81.012, 39.5599 ], [ -81.0035, 39.5657 ], [ -81.0007, 39.567 ], [ -80.9941, 39.571 ], [ -80.9459, 39.6055 ], [ -80.9397, 39.6041 ], [ -80.9337, 39.6002 ], [ -80.9265, 39.5971 ], [ -80.911, 39.5907 ], [ -80.886, 39.5803 ], [ -80.8652, 39.5937 ], [ -80.8491, 39.591 ], [ -80.8427, 39.5836 ], [ -80.8374, 39.582 ], [ -80.829, 39.5665 ], [ -80.8272, 39.5629 ], [ -80.8233, 39.5548 ], [ -80.8201, 39.5547 ], [ -80.8115, 39.561 ], [ -80.8039, 39.5574 ], [ -80.8003, 39.5548 ], [ -80.7827, 39.5452 ], [ -80.7833, 39.5422 ], [ -80.7744, 39.5314 ], [ -80.7686, 39.5285 ], [ -80.7577, 39.5248 ], [ -80.7537, 39.5188 ], [ -80.7409, 39.5116 ], [ -80.7346, 39.492 ], [ -80.728, 39.4917 ], [ -80.7232, 39.4912 ], [ -80.7196, 39.4858 ], [ -80.7204, 39.4809 ], [ -80.7156, 39.4779 ], [ -80.7107, 39.4757 ], [ -80.7006, 39.4742 ], [ -80.6913, 39.4711 ], [ -80.68, 39.4776 ], [ -80.6765, 39.4775 ], [ -80.6703, 39.4742 ], [ -80.6711, 39.4642 ], [ -80.6627, 39.4674 ], [ -80.6562, 39.467 ], [ -80.6495, 39.4696 ], [ -80.6391, 39.4641 ], [ -80.6333, 39.4589 ], [ -80.6265, 39.4548 ], [ -80.6134, 39.4503 ], [ -80.6095, 39.4466 ], [ -80.6075, 39.445 ], [ -80.5992, 39.4415 ], [ -80.5831, 39.4514 ], [ -80.5816, 39.4476 ], [ -80.5726, 39.4361 ], [ -80.5683, 39.4388 ], [ -80.5621, 39.4387 ], [ -80.558, 39.4364 ], [ -80.5502, 39.4332 ], [ -80.5421, 39.4303 ], [ -80.5321, 39.4335 ], [ -80.5228, 39.4338 ], [ -80.5159, 39.438 ], [ -80.5187, 39.44 ], [ -80.519, 39.4462 ], [ -80.5142, 39.4568 ], [ -80.5054, 39.4597 ], [ -80.4998, 39.4596 ], [ -80.4944, 39.4611 ], [ -80.4939, 39.4687 ], [ -80.4771, 39.4665 ], [ -80.3966, 39.4523 ], [ -80.3776, 39.4493 ], [ -80.3414, 39.4426 ], [ -80.2907, 39.4355 ], [ -80.2834, 39.4357 ], [ -80.2746, 39.4317 ], [ -80.2711, 39.4303 ], [ -80.253, 39.4215 ], [ -80.2442, 39.4169 ], [ -80.2414, 39.4155 ], [ -80.2219, 39.4056 ], [ -80.1919, 39.3931 ], [ -80.1657, 39.3962 ], [ -80.1248, 39.401 ], [ -80.1225, 39.4013 ], [ -80.1166, 39.4035 ], [ -80.1117, 39.4098 ], [ -80.0976, 39.4017 ], [ -80.0925, 39.3944 ], [ -80.0866, 39.3867 ], [ -80.0753, 39.3892 ], [ -80.0001, 39.4229 ], [ -79.9758, 39.4346 ], [ -79.9734, 39.4358 ], [ -79.9433, 39.4504 ], [ -79.9382, 39.4522 ], [ -79.9218, 39.446 ], [ -79.9192, 39.4449 ], [ -79.8948, 39.4217 ], [ -79.8952, 39.3341 ], [ -79.8953, 39.2996 ], [ -79.8891, 39.302 ], [ -79.8809, 39.2953 ], [ -79.8731, 39.2949 ], [ -79.8585, 39.2793 ], [ -79.8596, 39.276 ], [ -79.8559, 39.2727 ], [ -79.8528, 39.2681 ], [ -79.8532, 39.2636 ], [ -79.8514, 39.2619 ], [ -79.8514, 39.2597 ], [ -79.8461, 39.2452 ], [ -79.821, 39.2408 ], [ -79.8097, 39.2354 ], [ -79.81, 39.23 ], [ -79.8095, 39.2234 ], [ -79.8187, 39.2023 ], [ -79.8223, 39.1975 ], [ -79.8227, 39.1859 ], [ -79.8271, 39.17 ], [ -79.8279, 39.1649 ], [ -79.8323, 39.1556 ], [ -79.8332, 39.1518 ], [ -79.8341, 39.1477 ], [ -79.8356, 39.1369 ], [ -79.8365, 39.1279 ], [ -79.8333, 39.127 ], [ -79.8296, 39.1192 ], [ -79.8251, 39.1158 ], [ -79.8191, 39.1171 ], [ -79.8093, 39.1109 ], [ -79.8042, 39.1094 ], [ -79.7988, 39.1069 ], [ -79.7968, 39.1039 ], [ -79.7754, 39.0763 ], [ -79.7764, 39.0698 ], [ -79.7761, 39.0612 ], [ -79.7781, 39.0512 ], [ -79.7829, 39.0399 ], [ -79.7585, 39.0313 ], [ -79.7498, 39.0293 ], [ -79.7172, 39.022 ], [ -79.7111, 39.0207 ], [ -79.6807, 39.0139 ], [ -79.6724, 39.012 ], [ -79.6197, 39.0001 ], [ -79.5998, 38.9957 ], [ -79.5667, 38.9883 ], [ -79.5433, 38.9829 ], [ -79.5362, 38.9813 ], [ -79.506, 38.9712 ], [ -79.5, 38.973 ], [ -79.489, 38.975 ], [ -79.4722, 38.9779 ], [ -79.4698, 38.9764 ], [ -79.466, 38.9759 ], [ -79.4611, 38.9758 ], [ -79.45, 38.9746 ], [ -79.427, 38.9732 ], [ -79.4191, 38.972 ], [ -79.4145, 38.9734 ], [ -79.4049, 38.9731 ], [ -79.398, 38.9721 ], [ -79.3947, 38.971 ], [ -79.3731, 38.9663 ], [ -79.3668, 38.9672 ], [ -79.3639, 38.967 ], [ -79.3564, 38.9641 ] ] ] } },
{ "type": "Feature", "properties": { "i": 95 }, "geometry": { "type": "Polygon", "coordinates": [ [ [ -116.7938, 45.8557 ], [ -116.8669, 45.918 ], [ -116.9161, 45.9956 ], [ -117.6032, 45.9993 ], [ -117.6127, 46.1249 ], [ -117.6118, 46.3385 ], [ -117.6751, 46.3386 ], [ -117.6741, 46.3825 ], [ -117.7168, 46.3979 ], [ -117.7373, 46.4714 ], [ -117.8633, 46.4709 ], [ -117.8619, 46.5601 ], [ -117.8825, 46.591 ], [ -117.9536, 46.5921 ], [ -118.178, 46.5601 ], [ -118.2154, 46.5903 ], [ -118.1994, 46.6238 ], [ -118.2524, 46.7391 ], [ -118.8361, 46.7355 ], [ -119.3696, 46.7375 ], [ -119.3689, 46.679 ], [ -119.4522, 46.6798 ], [ -119.5165, 46.7271 ], [ -119.6261, 46.645 ], [ -119.7183, 46.6476 ], [ -119.8293, 46.6252 ], [ -119.8948, 46.6323 ], [ -119.9442, 46.6733 ], [ -119.9704, 46.7539 ], [ -119.9276, 46.798 ], [ -119.9633, 46.8548 ], [ -119.9658, 46.9425 ], [ -120.0074, 47.0336 ], [ -120.0425, 47.0754 ], [ -120.0018, 47.1268 ], [ -120.0067, 47.2202 ], [ -120.0654, 47.2236 ], [ -120.0966, 47.2621 ], [ -120.3897, 47.2617 ], [ -120.5161, 47.3209 ], [ -120.665, 47.3435 ], [ -120.7347, 47.3933 ], [ -120.9244, 47.4343 ], [ -120.9654, 47.4873 ], [ -121.0744, 47.5511 ], [ -121.1121, 47.5959 ], [ -121.2288, 47.5653 ], [ -121.3129, 47.4783 ], [ -121.4229, 47.4227 ], [ -121.4657, 47.3687 ], [ -121.4313, 47.2922 ], [ -121.3414, 47.2815 ], [ -121.3635, 47.2234 ], [ -121.3165, 47.2116 ], [ -121.2987, 47.1489 ], [ -121.3936, 47.1324 ], [ -121.3944, 47.1311 ], [ -121.3763, 47.0665 ], [ -121.3771, 47.062 ], [ -121.4072, 46.9991 ], [ -121.4406, 46.9823 ], [ -121.4565, 46.9227 ], [ -121.5228, 46.8732 ], [ -121.4437, 46.7938 ], [ -121.4072, 46.7277 ], [ -121.4134, 46.675 ], [ -121.387, 46.62 ], [ -121.4481, 46.5349 ], [ -121.4035, 46.3881 ], [ -121.5236, 46.3882 ], [ -121.5243, 46.0441 ], [ -121.6125, 46.0439 ], [ -121.6089, 45.7826 ], [ -121.5385, 45.7656 ], [ -121.5224, 45.7247 ], [ -121.4411, 45.6972 ], [ -121.441, 45.5196 ], [ -121.4825, 45.5196 ], [ -121.4815, 45.2592 ], [ -121.6968, 45.2577 ], [ -121.6862, 45.2287 ], [ -121.7463, 45.2066 ], [ -121.7067, 45.1337 ], [ -121.6529, 45.0958 ], [ -121.7833, 45.0149 ], [ -121.7902, 44.9536 ], [ -121.7181, 44.8975 ], [ -121.7639, 44.8209 ], [ -121.8106, 44.8111 ], [ -121.7907, 44.7467 ], [ -121.801, 44.7058 ], [ -121.7936, 44.5935 ], [ -121.8085, 44.5148 ], [ -121.8462, 44.4904 ], [ -121.8369, 44.3022 ], [ -121.7909, 44.2502 ], [ -121.7722, 44.0904 ], [ -121.8019, 44.0533 ], [ -121.8697, 43.9235 ], [ -121.9183, 43.9146 ], [ -121.9754, 43.8558 ], [ -121.9617, 43.7639 ], [ -122.0022, 43.6159 ], [ -120.9711, 43.6157 ], [ -120.3786, 43.6154 ], [ -120.3675, 43.6115 ], [ -119.8964, 43.6106 ], [ -119.898, 43.6983 ], [ -119.7775, 43.6981 ], [ -119.7757, 43.9591 ], [ -119.4978, 43.9574 ], [ -118.8167, 43.96 ], [ -118.8158, 44.0475 ], [ -118.5838, 44.0401 ], [ -118.2274, 44.04 ], [ -118.2343, 44.2573 ], [ -118.4973, 44.2551 ], [ -118.4681, 44.3346 ], [ -118.411, 44.3797 ], [ -118.4219, 44.4514 ], [ -118.3583, 44.4843 ], [ -118.3718, 44.529 ], [ -118.3063, 44.5882 ], [ -118.3736, 44.6456 ], [ -118.5043, 44.6662 ], [ -118.4624, 44.7076 ], [ -118.3693, 44.7469 ], [ -118.2857, 44.7511 ], [ -118.3184, 44.8359 ], [ -118.2279, 44.8667 ], [ -118.2453, 44.9587 ], [ -118.1855, 45.0193 ], [ -118.0936, 45.042 ], [ -118.0027, 44.995 ], [ -117.9225, 45.0192 ], [ -117.8532, 45.0603 ], [ -117.7783, 44.9929 ], [ -117.5637, 44.9932 ], [ -117.5631, 45.0796 ], [ -116.7878, 45.079 ], [ -116.7322, 45.1392 ], [ -116.6868, 45.2678 ], [ -116.6735, 45.3215 ], [ -116.5878, 45.4433 ], [ -116.5574, 45.5034 ], [ -116.4636, 45.6037 ], [ -116.5353, 45.6924 ], [ -116.5477, 45.752 ], [ -116.5941, 45.779 ], [ -116.6534, 45.7797 ], [ -116.696, 45.8186 ], [ -116.7826, 45.8255 ], [ -116.7938, 45.8557 ] ] ] } },
{ "type": "Feature", "properties": { "i": 96 }, "geometry": { "type": "MultiPolygon", "coordinates": [ [ [ [ -76.301, 39.032 ], [ -76.3546, 38.9558 ], [ -76.3646, 38.8744 ], [ -76.2945, 38.9314 ], [ -76.251, 38.9429 ], [ -76.301, 39.032 ] ] ], [ [ [ -75.882, 39.3644 ], [ -76.1101, 39.3723 ], [ -76.1856, 39.3193 ], [ -76.2785, 39.1458 ], [ -76.2526, 39.1335 ], [ -76.2024, 38.9731 ], [ -76.2064, 38.856 ], [ -76.3017, 38.8262 ], [ -76.3273, 38.7633 ], [ -76.285, 38.7214 ], [ -76.2387, 38.7128 ], [ -76.2029, 38.6743 ], [ -76.053, 38.6035 ], [ -76.052, 38.5788 ], [ -76.0277, 38.5724 ], [ -76.0165, 38.58 ], [ -75.9997, 38.5904 ], [ -75.9916, 38.5921 ], [ -75.9911, 38.5925 ], [ -75.9557, 38.6605 ], [ -75.9413, 38.6764 ], [ -75.8766, 38.6936 ], [ -75.871, 38.6944 ], [ -75.8684, 38.6951 ], [ -75.8634, 38.6985 ], [ -75.8611, 38.6999 ], [ -75.8547, 38.7018 ], [ -75.8499, 38.7027 ], [ -75.837, 38.7038 ], [ -75.817, 38.6984 ], [ -75.8092, 38.6984 ], [ -75.8007, 38.6968 ], [ -75.7994, 38.6885 ], [ -75.7741, 38.6776 ], [ -75.7504, 38.6731 ], [ -75.739, 38.6665 ], [ -75.7338, 38.6621 ], [ -75.7064, 38.6258 ], [ -75.706, 38.6213 ], [ -75.7025, 38.5601 ], [ -75.7001, 38.5421 ], [ -75.6998, 38.5368 ], [ -75.6994, 38.5311 ], [ -75.6977, 38.51 ], [ -75.6922, 38.46 ], [ -75.6652, 38.4589 ], [ -75.6492, 38.4585 ], [ -75.6247, 38.4577 ], [ -75.6092, 38.4573 ], [ -75.5825, 38.4563 ], [ -75.5788, 38.4561 ], [ -75.5706, 38.4558 ], [ -75.5675, 38.4558 ], [ -75.5528, 38.4554 ], [ -75.5219, 38.4546 ], [ -75.5, 38.4541 ], [ -75.4326, 38.4528 ], [ -75.4155, 38.4524 ], [ -75.4085, 38.4524 ], [ -75.3562, 38.452 ], [ -75.3365, 38.4519 ], [ -75.2317, 38.4512 ], [ -75.2144, 38.4512 ], [ -75.1856, 38.451 ], [ -75.1736, 38.451 ], [ -75.1525, 38.4512 ], [ -75.1374, 38.4512 ], [ -75.1283, 38.4512 ], [ -75.065, 38.4512 ], [ -75.0489, 38.4515 ], [ -75.0598, 38.6067 ], [ -75.0958, 38.5748 ], [ -75.1531, 38.611 ], [ -75.1327, 38.6878 ], [ -75.0767, 38.6905 ], [ -75.0871, 38.7901 ], [ -75.1851, 38.801 ], [ -75.3055, 38.9148 ], [ -75.3179, 38.9874 ], [ -75.3966, 39.058 ], [ -75.4122, 39.1531 ], [ -75.3929, 39.1987 ], [ -75.4143, 39.2628 ], [ -75.48, 39.3055 ], [ -75.5382, 39.4163 ], [ -75.5905, 39.4619 ], [ -75.5652, 39.5617 ], [ -75.6151, 39.6173 ], [ -75.5249, 39.6995 ], [ -75.5146, 39.6686 ], [ -75.5712, 39.6211 ], [ -75.5152, 39.5808 ], [ -75.5444, 39.4796 ], [ -75.4657, 39.4391 ], [ -75.39, 39.3583 ], [ -75.3275, 39.3393 ], [ -75.3136, 39.3085 ], [ -75.2518, 39.2999 ], [ -75.2386, 39.2725 ], [ -75.1124, 39.2098 ], [ -75.046, 39.2184 ], [ -75.0289, 39.1946 ], [ -74.9037, 39.1743 ], [ -74.8923, 39.114 ], [ -74.943, 39.0276 ], [ -74.9639, 38.9678 ], [ -74.8968, 38.9527 ], [ -74.8467, 38.9812 ], [ -74.8469, 39.0183 ], [ -74.7899, 39.1026 ], [ -74.6991, 39.165 ], [ -74.7111, 39.1817 ], [ -74.6324, 39.2439 ], [ -74.6182, 39.3035 ], [ -74.5251, 39.354 ], [ -74.4561, 39.4478 ], [ -74.3959, 39.4579 ], [ -74.4099, 39.5375 ], [ -74.2203, 39.6436 ], [ -74.199, 39.6921 ], [ -74.1784, 39.8003 ], [ -74.1337, 39.8611 ], [ -74.1327, 39.9277 ], [ -74.0528, 40.0659 ], [ -74.0763, 40.0942 ], [ -74.03, 40.1235 ], [ -73.9762, 40.3033 ], [ -74.0154, 40.3423 ], [ -73.9754, 40.3641 ], [ -73.9879, 40.4068 ], [ -74.1333, 40.4551 ], [ -74.1939, 40.4411 ], [ -74.2426, 40.4577 ], [ -74.2582, 40.5078 ], [ -74.2495, 40.5327 ], [ -74.2179, 40.5575 ], [ -74.2121, 40.5984 ], [ -74.2479, 40.6001 ], [ -74.2558, 40.6022 ], [ -74.3004, 40.598 ], [ -74.3124, 40.6081 ], [ -74.3213, 40.6071 ], [ -74.4009, 40.6005 ], [ -74.4407, 40.5969 ], [ -74.4448, 40.5965 ], [ -74.4583, 40.5953 ], [ -74.4417, 40.6094 ], [ -74.4322, 40.615 ], [ -74.4263, 40.6182 ], [ -74.403, 40.6567 ], [ -74.4155, 40.6623 ], [ -74.4174, 40.6608 ], [ -74.4347, 40.6641 ], [ -74.4446, 40.6573 ], [ -74.4582, 40.675 ], [ -74.4524, 40.68 ], [ -74.4317, 40.6931 ], [ -74.4271, 40.7018 ], [ -74.4056, 40.7149 ], [ -74.3992, 40.7179 ], [ -74.3716, 40.7439 ], [ -74.3693, 40.7428 ], [ -74.3675, 40.7491 ], [ -74.3611, 40.751 ], [ -74.371, 40.7596 ], [ -74.3752, 40.7583 ], [ -74.3712, 40.764 ], [ -74.3329, 40.8231 ], [ -74.3352, 40.8275 ], [ -74.3293, 40.8314 ], [ -74.3262, 40.8439 ], [ -74.3287, 40.8446 ], [ -74.3246, 40.8576 ], [ -74.3395, 40.8796 ], [ -74.3397, 40.8895 ], [ -74.3305, 40.9078 ], [ -74.319, 40.9079 ], [ -74.319, 40.9033 ], [ -74.2843, 40.895 ], [ -74.2796, 40.8978 ], [ -74.2683, 40.9082 ], [ -74.2743, 40.9161 ], [ -74.2807, 40.9178 ], [ -74.2842, 40.9177 ], [ -74.2855, 40.931 ], [ -74.2774, 40.9512 ], [ -74.2793, 40.9561 ], [ -74.2797, 40.9616 ], [ -74.2808, 40.9682 ], [ -74.2803, 40.9717 ], [ -74.2776, 40.9719 ], [ -74.2853, 40.9793 ], [ -74.2937, 40.9793 ], [ -74.2963, 40.9842 ], [ -74.2977, 40.9996 ], [ -74.3128, 41.0003 ], [ -74.3197, 41.0018 ], [ -74.3281, 41.0015 ], [ -74.338, 41.007 ], [ -74.3752, 41.013 ], [ -74.3966, 41.0168 ], [ -74.4157, 41.0279 ], [ -74.4271, 41.0366 ], [ -74.4298, 41.0382 ], [ -74.4363, 41.0414 ], [ -74.4389, 41.0432 ], [ -74.4548, 41.0523 ], [ -74.4675, 41.0486 ], [ -74.4997, 41.0374 ], [ -74.4871, 41.0656 ], [ -74.4958, 41.0819 ], [ -74.4997, 41.0889 ], [ -74.4794, 41.1066 ], [ -74.4777, 41.1081 ], [ -74.3958, 41.1774 ], [ -74.3789, 41.209 ], [ -74.4006, 41.2199 ], [ -74.4773, 41.2573 ], [ -74.562, 41.2966 ], [ -74.5804, 41.3052 ], [ -74.5964, 41.3126 ], [ -74.6177, 41.3224 ], [ -74.6877, 41.3539 ], [ -74.6949, 41.3573 ], [ -74.7052, 41.3538 ], [ -74.7121, 41.3509 ], [ -74.7209, 41.3474 ], [ -74.7418, 41.3464 ], [ -74.7546, 41.3456 ], [ -74.7657, 41.3293 ], [ -74.7928, 41.3148 ], [ -74.8003, 41.3066 ], [ -74.812, 41.2981 ], [ -74.8269, 41.2896 ], [ -74.8525, 41.2507 ], [ -74.8664, 41.2312 ], [ -74.8639, 41.213 ], [ -74.8783, 41.1905 ], [ -74.8828, 41.1801 ], [ -74.89, 41.1732 ], [ -74.9227, 41.1389 ], [ -74.9261, 41.1364 ], [ -74.9319, 41.1331 ], [ -74.9383, 41.1311 ], [ -74.952, 41.1212 ], [ -74.9585, 41.1179 ], [ -74.9609, 41.1161 ], [ -74.9665, 41.1137 ], [ -74.9736, 41.1131 ], [ -74.9771, 41.1116 ], [ -74.9838, 41.1051 ], [ -74.9874, 41.0994 ], [ -75.0071, 41.0883 ], [ -75.0131, 41.0839 ], [ -75.0265, 41.0802 ], [ -75.0331, 41.0871 ], [ -75.0433, 41.0947 ], [ -75.0976, 41.1434 ], [ -75.136, 41.1472 ], [ -75.1435, 41.148 ], [ -75.1527, 41.1495 ], [ -75.1479, 41.1822 ], [ -75.1284, 41.2501 ], [ -75.1864, 41.2492 ], [ -75.2744, 41.2443 ], [ -75.3567, 41.2402 ], [ -75.3626, 41.2392 ], [ -75.3658, 41.2388 ], [ -75.4219, 41.2358 ], [ -75.5011, 41.2327 ], [ -75.5113, 41.225 ], [ -75.5165, 41.22 ], [ -75.5279, 41.2258 ], [ -75.5311, 41.2262 ], [ -75.5399, 41.2249 ], [ -75.5464, 41.2198 ], [ -75.555, 41.2085 ], [ -75.5564, 41.2073 ], [ -75.569, 41.1985 ], [ -75.5701, 41.1958 ], [ -75.5803, 41.1771 ], [ -75.5826, 41.1767 ], [ -75.5923, 41.172 ], [ -75.5956, 41.1716 ], [ -75.6034, 41.1526 ], [ -75.6091, 41.1499 ], [ -75.6175, 41.1424 ], [ -75.6255, 41.1313 ], [ -75.6312, 41.1281 ], [ -75.6331, 41.1262 ], [ -75.6489, 41.1247 ], [ -75.6556, 41.1166 ], [ -75.6561, 41.1232 ], [ -75.6586, 41.1277 ], [ -75.6607, 41.1293 ], [ -75.6804, 41.1328 ], [ -75.7025, 41.1233 ], [ -75.7048, 41.1217 ], [ -75.7275, 41.1085 ], [ -75.7344, 41.1022 ], [ -75.753, 41.0986 ], [ -75.7612, 41.0915 ], [ -75.767, 41.0903 ], [ -75.7708, 41.0733 ], [ -75.7702, 41.0707 ], [ -75.7702, 41.0576 ], [ -75.7655, 41.0442 ], [ -75.7626, 41.0424 ], [ -75.7381, 41.0225 ], [ -75.7381, 41.0181 ], [ -75.7366, 41.0156 ], [ -75.7324, 41.0085 ], [ -75.7396, 41.0055 ], [ -75.7612, 40.9979 ], [ -75.7767, 40.9923 ], [ -75.9973, 40.913 ], [ -75.9779, 40.8959 ], [ -75.9577, 40.8783 ], [ -75.9315, 40.8561 ], [ -75.886, 40.8163 ], [ -75.8587, 40.7991 ], [ -75.8007, 40.7623 ], [ -75.7584, 40.7359 ], [ -75.7712, 40.7297 ], [ -75.7806, 40.7247 ], [ -75.8107, 40.7065 ], [ -75.8206, 40.7033 ], [ -75.9956, 40.6327 ], [ -76.0031, 40.6097 ], [ -76.0068, 40.5985 ], [ -76.0258, 40.5784 ], [ -76.0285, 40.5783 ], [ -76.0992, 40.5631 ], [ -76.1153, 40.5591 ], [ -76.1982, 40.5311 ], [ -76.2347, 40.5218 ], [ -76.2458, 40.5196 ], [ -76.2697, 40.5174 ], [ -76.2826, 40.5162 ], [ -76.2898, 40.5156 ], [ -76.3137, 40.5159 ], [ -76.3449, 40.5131 ], [ -76.3474, 40.5127 ], [ -76.3609, 40.5102 ], [ -76.3698, 40.5094 ], [ -76.3759, 40.5068 ], [ -76.4089, 40.4981 ], [ -76.4387, 40.4959 ], [ -76.3502, 40.4403 ], [ -76.325, 40.4246 ], [ -76.3085, 40.4143 ], [ -76.2933, 40.4045 ], [ -76.2673, 40.3883 ], [ -76.2611, 40.3844 ], [ -76.2549, 40.3805 ], [ -76.2434, 40.3735 ], [ -76.2055, 40.3606 ], [ -76.196, 40.3527 ], [ -76.1658, 40.3275 ], [ -76.158, 40.3211 ], [ -76.1247, 40.2987 ], [ -76.0918, 40.2777 ], [ -76.0795, 40.27 ], [ -76.0516, 40.252 ], [ -75.9785, 40.2053 ], [ -75.9571, 40.1916 ], [ -75.9448, 40.1836 ], [ -75.896, 40.1519 ], [ -75.8796, 40.1409 ], [ -75.8808, 40.134 ], [ -75.9146, 40.1207 ], [ -75.9399, 40.0936 ], [ -75.9359, 40.0643 ], [ -75.9351, 40.0489 ], [ -75.9359, 40.0382 ], [ -75.9579, 40.0074 ], [ -75.9673, 39.9942 ], [ -75.9944, 39.9274 ], [ -75.9955, 39.9121 ], [ -75.996, 39.9048 ], [ -75.9946, 39.9019 ], [ -75.9872, 39.8934 ], [ -75.9895, 39.8895 ], [ -75.9891, 39.8788 ], [ -75.9879, 39.8769 ], [ -75.9921, 39.8694 ], [ -76.0082, 39.8521 ], [ -76.0101, 39.8525 ], [ -76.0209, 39.8521 ], [ -76.0175, 39.8355 ], [ -76.0441, 39.7922 ], [ -76.0483, 39.7889 ], [ -76.0514, 39.7822 ], [ -76.0604, 39.7757 ], [ -76.0646, 39.7622 ], [ -76.0715, 39.7604 ], [ -76.0889, 39.7445 ], [ -76.0928, 39.7428 ], [ -76.0931, 39.7349 ], [ -76.1062, 39.7243 ], [ -76.1188, 39.7242 ], [ -76.1349, 39.7263 ], [ -76.1357, 39.7222 ], [ -75.7942, 39.7219 ], [ -75.7668, 39.3777 ], [ -75.882, 39.3644 ] ] ] ] } },
{ "type": "Feature", "properties": { "i": 100 }, "geometry": { "type": "Polygon", "coordinates": [ [ [ -121.5236, 46.3882 ], [ -122.1057, 46.3882 ], [ -122.2449, 46.3853 ], [ -123.0989, 46.3878 ], [ -123.3583, 46.3842 ], [ -123.3569, 46.4753 ], [ -123.3708, 46.7918 ], [ -123.881, 46.7912 ], [ -124.0981, 46.7937 ], [ -124.0965, 46.7462 ], [ -124.0009, 46.7095 ], [ -123.967, 46.7359 ], [ -123.8526, 46.7247 ], [ -123.9578, 46.6241 ], [ -123.8961, 46.5498 ], [ -123.9435, 46.4744 ], [ -123.9076, 46.4366 ], [ -124.0143, 46.3786 ], [ -124.0315, 46.4979 ], [ -124.0564, 46.4916 ], [ -124.0646, 46.3269 ], [ -123.9699, 46.3011 ], [ -123.9103, 46.246 ], [ -123.8755, 46.2398 ], [ -123.7956, 46.2845 ], [ -123.7008, 46.3053 ], [ -123.6695, 46.2669 ], [ -123.5638, 46.2613 ], [ -123.4989, 46.2738 ], [ -123.44, 46.2594 ], [ -123.4119, 46.2159 ], [ -123.3272, 46.1629 ], [ -123.3847, 46.1438 ], [ -123.4348, 46.196 ], [ -123.5007, 46.2351 ], [ -123.6553, 46.1717 ], [ -123.7253, 46.1705 ], [ -123.767, 46.2053 ], [ -123.9198, 46.1782 ], [ -123.9882, 46.2071 ], [ -123.9442, 46.1083 ], [ -123.9278, 46.0138 ], [ -123.9375, 45.9773 ], [ -123.9936, 45.9462 ], [ -123.9676, 45.9078 ], [ -123.9704, 45.7801 ], [ -123.9247, 45.6699 ], [ -123.9429, 45.5681 ], [ -123.9069, 45.5486 ], [ -123.9735, 45.4623 ], [ -123.9318, 45.4026 ], [ -123.9793, 45.3481 ], [ -123.9629, 45.2802 ], [ -123.9746, 45.2178 ], [ -123.9548, 45.1855 ], [ -123.9895, 45.094 ], [ -124.0296, 44.8958 ], [ -124.0741, 44.7973 ], [ -124.0583, 44.6589 ], [ -124.0831, 44.5048 ], [ -124.084, 44.4169 ], [ -124.116, 44.2746 ], [ -124.1224, 44.1051 ], [ -124.1586, 43.8634 ], [ -123.9463, 43.8627 ], [ -123.8321, 43.9418 ], [ -123.7042, 43.9448 ], [ -123.6193, 43.9201 ], [ -123.5291, 43.8299 ], [ -123.4705, 43.8105 ], [ -123.348, 43.8092 ], [ -123.3477, 43.7802 ], [ -123.1389, 43.7797 ], [ -123.1369, 43.6063 ], [ -123.1072, 43.5408 ], [ -122.742, 43.5445 ], [ -122.7408, 43.4371 ], [ -122.5005, 43.4412 ], [ -122.1511, 43.4404 ], [ -122.1304, 43.5573 ], [ -122.0022, 43.6159 ], [ -121.9617, 43.7639 ], [ -121.9754, 43.8558 ], [ -121.9183, 43.9146 ], [ -121.8697, 43.9235 ], [ -121.8019, 44.0533 ], [ -121.7722, 44.0904 ], [ -121.7909, 44.2502 ], [ -121.8369, 44.3022 ], [ -121.8462, 44.4904 ], [ -121.8085, 44.5148 ], [ -121.7936, 44.5935 ], [ -121.801, 44.7058 ], [ -121.7907, 44.7467 ], [ -121.8106, 44.8111 ], [ -121.7639, 44.8209 ], [ -121.7181, 44.8975 ], [ -121.7902, 44.9536 ], [ -121.7833, 45.0149 ], [ -121.6529, 45.0958 ], [ -121.7067, 45.1337 ], [ -121.7463, 45.2066 ], [ -121.6862, 45.2287 ], [ -121.6968, 45.2577 ], [ -121.4815, 45.2592 ], [ -121.4825, 45.5196 ], [ -121.441, 45.5196 ], [ -121.4411, 45.6972 ], [ -121.5224, 45.7247 ], [ -121.5385, 45.7656 ], [ -121.6089, 45.7826 ], [ -121.6125, 46.0439 ], [ -121.5243, 46.0441 ], [ -121.5236, 46.3882 ] ] ] } },
{ "type": "Feature", "properties": { "i": 102 }, "geometry": { "type": "Polygon", "coordinates": [ [ [ -113.3335, 34.3179 ], [ -113.3674, 34.2922 ], [ -113.5159, 34.3101 ], [ -113.5867, 34.2434 ], [ -113.6791, 34.2101 ], [ -113.7315, 34.2406 ], [ -113.8187, 34.2336 ], [ -113.8718, 34.255 ], [ -114.0077, 34.254 ], [ -114.0678, 34.2902 ], [ -114.1394, 34.296 ], [ -114.1642, 34.2525 ], [ -114.2561, 34.1731 ], [ -114.3183, 34.1405 ], [ -114.3208, 34.1387 ], [ -114.4107, 34.1103 ], [ -114.4362, 34.0797 ], [ -114.5068, 34.0797 ], [ -114.5716, 34.0797 ], [ -115.3161, 34.0778 ], [ -115.5246, 34.117 ], [ -115.5962, 34.0354 ], [ -116.0008, 34.0344 ], [ -116.0536, 34.1212 ], [ -116.265, 34.1205 ], [ -116.2649, 34.0777 ], [ -116.4449, 34.076 ], [ -116.4723, 34.0328 ], [ -116.4242, 33.9572 ], [ -116.284, 33.9198 ], [ -116.1999, 33.9198 ], [ -116.1252, 33.8519 ], [ -116.1252, 33.8311 ], [ -116.0009, 33.7403 ], [ -115.9464, 33.7391 ], [ -115.9464, 33.5138 ], [ -116.0518, 33.5214 ], [ -116.0738, 33.5021 ], [ -116.0355, 33.4262 ], [ -116.0852, 33.4259 ], [ -116.0811, 33.0748 ], [ -116.1033, 33.0747 ], [ -116.1062, 32.6191 ], [ -115.7508, 32.6454 ], [ -115.2508, 32.6823 ], [ -114.7192, 32.7195 ], [ -114.7639, 32.6436 ], [ -114.8094, 32.617 ], [ -114.8028, 32.5355 ], [ -114.8139, 32.4959 ], [ -114.241, 32.3209 ], [ -113.7508, 32.169 ], [ -113.3338, 32.0397 ], [ -113.3339, 32.5049 ], [ -112.5784, 32.5052 ], [ -112.2037, 32.5067 ], [ -112.2035, 32.6808 ], [ -112.1523, 32.6808 ], [ -112.1524, 32.7232 ], [ -112.0496, 32.7248 ], [ -112.0495, 32.7676 ], [ -111.8776, 32.7676 ], [ -111.8767, 32.792 ], [ -111.7746, 32.7922 ], [ -111.736, 32.7301 ], [ -111.6691, 32.7365 ], [ -111.6086, 32.7635 ], [ -111.5269, 32.8466 ], [ -111.1271, 33.1218 ], [ -110.9467, 33.2502 ], [ -110.7831, 32.9851 ], [ -110.7323, 33.0242 ], [ -110.7254, 33.0689 ], [ -110.6347, 33.1414 ], [ -110.5927, 33.134 ], [ -110.505, 33.1858 ], [ -110.4657, 33.1824 ], [ -110.4213, 33.2169 ], [ -110.4547, 33.2827 ], [ -110.4515, 33.3615 ], [ -110.413, 33.4008 ], [ -110.3674, 33.397 ], [ -110.3217, 33.4325 ], [ -110.2303, 33.4434 ], [ -110.1696, 33.4653 ], [ -110.0006, 33.4659 ], [ -110.0004, 33.5772 ], [ -110.0492, 33.6053 ], [ -110.3286, 33.8276 ], [ -110.5065, 33.8252 ], [ -110.5622, 33.8484 ], [ -110.6731, 33.7988 ], [ -110.7821, 33.6484 ], [ -110.8347, 33.687 ], [ -110.9204, 33.6405 ], [ -110.976, 33.7543 ], [ -111.158, 33.8009 ], [ -111.2617, 33.8981 ], [ -111.4122, 33.9738 ], [ -111.4296, 34.0141 ], [ -111.4952, 34.0 ], [ -111.7258, 33.9999 ], [ -112.1557, 34.0471 ], [ -112.195, 33.9764 ], [ -112.2296, 33.9553 ], [ -112.2409, 33.9083 ], [ -112.2766, 33.8828 ], [ -112.7435, 33.9997 ], [ -113.3335, 33.9999 ], [ -113.3335, 34.3179 ] ] ] } },
{ "type": "Feature", "properties": { "i": 103 }, "geometry": { "type": "Polygon", "coordinates": [ [ [ -106.2076, 39.3803 ], [ -106.2836, 39.3501 ], [ -106.3712, 39.3612 ], [ -106.5036, 39.2846 ], [ -106.494, 39.1986 ], [ -106.5111, 39.1636 ], [ -106.5612, 39.1551 ], [ -106.5862, 39.094 ], [ -106.5954, 38.9917 ], [ -106.5554, 38.9984 ], [ -106.5279, 38.9606 ], [ -106.4582, 38.9101 ], [ -106.327, 38.911 ], [ -106.349, 38.8574 ], [ -106.4223, 38.8072 ], [ -106.417, 38.7268 ], [ -106.4518, 38.698 ], [ -106.4177, 38.6448 ], [ -106.3801, 38.6378 ], [ -106.3446, 38.5686 ], [ -106.3478, 38.512 ], [ -106.3123, 38.4948 ], [ -106.2506, 38.4229 ], [ -107.0006, 38.4254 ], [ -107.0011, 37.9562 ], [ -107.0672, 37.9607 ], [ -107.1382, 37.9388 ], [ -107.1451, 37.6755 ], [ -107.1247, 37.6751 ], [ -107.1287, 37.3924 ], [ -106.7108, 37.3962 ], [ -106.6784, 37.4036 ], [ -106.6784, 37.2286 ], [ -106.5974, 37.195 ], [ -106.5892, 37.1402 ], [ -106.4762, 36.9937 ], [ -105.9691, 36.9956 ], [ -105.4193, 36.9958 ], [ -105.0304, 36.9928 ], [ -104.3388, 36.9935 ], [ -103.8179, 36.9973 ], [ -103.0017, 36.9999 ], [ -102.6981, 36.9951 ], [ -102.0422, 36.9931 ], [ -102.0416, 37.6967 ], [ -102.0444, 38.2625 ], [ -102.0452, 38.6153 ], [ -102.6205, 38.6129 ], [ -103.0622, 38.6151 ], [ -103.1729, 38.6124 ], [ -103.1728, 38.5255 ], [ -103.718, 38.5217 ], [ -104.0542, 38.5226 ], [ -104.0554, 38.875 ], [ -104.0515, 39.1283 ], [ -104.7746, 39.1296 ], [ -105.3285, 39.13 ], [ -105.3291, 38.6972 ], [ -105.9648, 38.693 ], [ -105.9429, 38.7686 ], [ -105.9116, 38.8132 ], [ -105.9258, 38.8718 ], [ -106.0272, 38.942 ], [ -106.1127, 38.9422 ], [ -106.1044, 38.9738 ], [ -106.1692, 38.9916 ], [ -106.1927, 39.0186 ], [ -106.2035, 39.1133 ], [ -106.1733, 39.1383 ], [ -106.1836, 39.3097 ], [ -106.1403, 39.3389 ], [ -106.2076, 39.3803 ] ] ] } },
{ "type": "Feature", "properties": { "i": 104 }, "geometry": { "type": "Polygon", "coordinates": [ [ [ -77.3276, 36.0749 ], [ -77.243, 36.0967 ], [ -77.2635, 36.1587 ], [ -77.3846, 36.2095 ], [ -77.4428, 36.3244 ], [ -77.5436, 36.303 ], [ -77.5799, 36.3504 ], [ -77.5469, 36.3757 ], [ -77.5565, 36.4184 ], [ -77.631, 36.4514 ], [ -77.6486, 36.4816 ], [ -77.7753, 36.4825 ], [ -77.8978, 36.5074 ], [ -77.9002, 36.5447 ], [ -78.6062, 36.5412 ], [ -78.7333, 36.5429 ], [ -79.1371, 36.5417 ], [ -79.1534, 36.2421 ], [ -79.532, 36.25 ], [ -79.5324, 36.2415 ], [ -80.0263, 36.2575 ], [ -80.452, 36.2615 ], [ -80.4393, 36.1381 ], [ -80.5161, 36.0919 ], [ -80.4973, 36.047 ], [ -80.4633, 36.0623 ], [ -80.378, 35.9622 ], [ -80.372, 35.8848 ], [ -80.4272, 35.8346 ], [ -80.4721, 35.8251 ], [ -80.4558, 35.7366 ], [ -80.3689, 35.7163 ], [ -80.2843, 35.6338 ], [ -80.2079, 35.5795 ], [ -80.182, 35.5043 ], [ -80.2954, 35.5031 ], [ -80.4802, 35.2211 ], [ -80.5054, 35.1944 ], [ -80.4418, 35.1618 ], [ -80.3585, 35.1655 ], [ -80.2776, 35.1923 ], [ -80.3204, 34.814 ], [ -79.9303, 34.8062 ], [ -79.6753, 34.8047 ], [ -79.4616, 34.6303 ], [ -79.3316, 34.7729 ], [ -79.3488, 34.8383 ], [ -79.1906, 34.834 ], [ -79.0349, 34.954 ], [ -78.9301, 34.8908 ], [ -78.9013, 34.8343 ], [ -78.8429, 34.8474 ], [ -78.5334, 34.8509 ], [ -78.4952, 34.8558 ], [ -78.3731, 34.7007 ], [ -78.3258, 34.6688 ], [ -78.3038, 34.6029 ], [ -78.2527, 34.562 ], [ -78.113, 34.7215 ], [ -78.1155, 34.7208 ], [ -78.1183, 34.7184 ], [ -78.1211, 34.7154 ], [ -78.1251, 34.7131 ], [ -78.1339, 34.7098 ], [ -78.1525, 34.7226 ], [ -78.1641, 34.7262 ], [ -78.1725, 34.7287 ], [ -78.1981, 34.7366 ], [ -78.2002, 34.7372 ], [ -78.1882, 34.7731 ], [ -78.1793, 34.8011 ], [ -78.176, 34.811 ], [ -78.1678, 34.8368 ], [ -78.1475, 34.9125 ], [ -78.1495, 34.94 ], [ -78.1499, 34.9456 ], [ -78.1519, 34.9712 ], [ -78.1539, 35.0024 ], [ -78.1542, 35.0175 ], [ -78.1552, 35.0337 ], [ -78.1578, 35.0552 ], [ -78.165, 35.0859 ], [ -78.1711, 35.115 ], [ -78.1674, 35.1249 ], [ -78.1648, 35.1316 ], [ -78.1629, 35.137 ], [ -78.1633, 35.1478 ], [ -78.1635, 35.1894 ], [ -78.0763, 35.1757 ], [ -78.0521, 35.1885 ], [ -78.0373, 35.1919 ], [ -78.0324, 35.1923 ], [ -78.0136, 35.1907 ], [ -78.0094, 35.1908 ], [ -77.9962, 35.1842 ], [ -77.9901, 35.1837 ], [ -77.9809, 35.1777 ], [ -77.9787, 35.171 ], [ -77.9723, 35.167 ], [ -77.9691, 35.1661 ], [ -77.9559, 35.1657 ], [ -77.9504, 35.1682 ], [ -77.9439, 35.1724 ], [ -77.9381, 35.1714 ], [ -77.9325, 35.1725 ], [ -77.9256, 35.1724 ], [ -77.9038, 35.1541 ], [ -77.8967, 35.1484 ], [ -77.8938, 35.15 ], [ -77.8925, 35.1566 ], [ -77.8847, 35.162 ], [ -77.8338, 35.1854 ], [ -77.8321, 35.2148 ], [ -77.8306, 35.2416 ], [ -77.8294, 35.2662 ], [ -77.8276, 35.2938 ], [ -77.8264, 35.311 ], [ -77.8217, 35.3481 ], [ -77.817, 35.3589 ], [ -77.8153, 35.3612 ], [ -77.804, 35.3717 ], [ -77.8026, 35.3765 ], [ -77.8062, 35.4078 ], [ -77.8128, 35.4134 ], [ -77.8195, 35.4177 ], [ -77.823, 35.4221 ], [ -77.827, 35.4332 ], [ -77.8269, 35.4562 ], [ -77.8268, 35.4693 ], [ -77.826, 35.4791 ], [ -77.8243, 35.5086 ], [ -77.824, 35.529 ], [ -77.8239, 35.5438 ], [ -77.8239, 35.5478 ], [ -77.8236, 35.5727 ], [ -77.8144, 35.5784 ], [ -77.8096, 35.5814 ], [ -77.8017, 35.5861 ], [ -77.7722, 35.6043 ], [ -77.7497, 35.6184 ], [ -77.733, 35.6302 ], [ -77.7231, 35.6369 ], [ -77.7121, 35.6444 ], [ -77.6558, 35.6806 ], [ -77.6468, 35.6859 ], [ -77.6338, 35.6937 ], [ -77.6246, 35.6992 ], [ -77.6103, 35.7078 ], [ -77.6018, 35.7131 ], [ -77.5939, 35.7178 ], [ -77.5162, 35.7611 ], [ -77.5122, 35.7647 ], [ -77.5102, 35.7667 ], [ -77.5005, 35.7755 ], [ -77.4776, 35.7964 ], [ -77.4633, 35.8007 ], [ -77.4492, 35.8056 ], [ -77.4335, 35.8068 ], [ -77.4171, 35.8117 ], [ -77.4137, 35.8192 ], [ -77.4122, 35.8251 ], [ -77.399, 35.8252 ], [ -77.3967, 35.8254 ], [ -77.392, 35.8286 ], [ -77.3905, 35.8321 ], [ -77.3493, 35.8675 ], [ -77.3452, 35.8745 ], [ -77.3436, 35.889 ], [ -77.3426, 35.9055 ], [ -77.3508, 35.9169 ], [ -77.3686, 35.9419 ], [ -77.385, 35.9649 ], [ -77.4005, 35.9865 ], [ -77.4043, 36.0054 ], [ -77.385, 36.0218 ], [ -77.3747, 36.0316 ], [ -77.35, 36.0545 ], [ -77.3276, 36.0749 ] ] ] } },
{ "type": "Feature", "properties": { "i": 105 }, "geometry": { "type": "Polygon", "coordinates": [ [ [ -119.3602, 41.9944 ], [ -119.7901, 41.9975 ], [ -120.0134, 41.9951 ], [ -120.1054, 41.9668 ], [ -120.1697, 41.8794 ], [ -120.1837, 41.7267 ], [ -120.2288, 41.7043 ], [ -120.229, 41.629 ], [ -120.1879, 41.5914 ], [ -120.1885, 41.4773 ], [ -120.1267, 41.3688 ], [ -120.1255, 41.2755 ], [ -120.0411, 41.1842 ], [ -120.5006, 41.1839 ], [ -121.3313, 41.1838 ], [ -121.3318, 41.0983 ], [ -121.3315, 41.0726 ], [ -121.3314, 41.0694 ], [ -121.3314, 41.0661 ], [ -121.3311, 41.0165 ], [ -121.3312, 40.9609 ], [ -121.3311, 40.9558 ], [ -121.3319, 40.9137 ], [ -121.3212, 40.8661 ], [ -121.3212, 40.8328 ], [ -121.321, 40.7873 ], [ -121.3211, 40.78 ], [ -121.3214, 40.7106 ], [ -121.3214, 40.7059 ], [ -121.3222, 40.6249 ], [ -121.3228, 40.5875 ], [ -121.2652, 40.5875 ], [ -121.2565, 40.5666 ], [ -121.2565, 40.5396 ], [ -121.2302, 40.5396 ], [ -121.2301, 40.446 ], [ -121.0892, 40.4467 ], [ -121.0805, 40.4467 ], [ -121.0716, 40.4466 ], [ -121.0613, 40.435 ], [ -121.0608, 40.3305 ], [ -121.0611, 40.3037 ], [ -121.0611, 40.2823 ], [ -121.0464, 40.2564 ], [ -121.0024, 40.221 ], [ -120.9462, 40.2208 ], [ -120.9464, 40.2168 ], [ -120.9254, 40.1919 ], [ -120.9007, 40.1921 ], [ -120.8907, 40.1994 ], [ -120.8013, 40.0216 ], [ -120.7483, 39.901 ], [ -120.7502, 39.8663 ], [ -120.7173, 39.806 ], [ -120.7144, 39.7043 ], [ -120.7105, 39.6994 ], [ -120.7035, 39.6923 ], [ -120.6822, 39.6788 ], [ -120.6781, 39.6779 ], [ -120.6729, 39.681 ], [ -120.6685, 39.6826 ], [ -120.6593, 39.6877 ], [ -120.6547, 39.6963 ], [ -120.6465, 39.7066 ], [ -120.6299, 39.7065 ], [ -120.4781, 39.62 ], [ -120.43, 39.5227 ], [ -120.4404, 39.4827 ], [ -120.3802, 39.4465 ], [ -120.2505, 39.1917 ], [ -120.1513, 38.847 ], [ -120.0283, 38.8134 ], [ -120.0013, 38.7513 ], [ -119.9773, 38.6953 ], [ -119.808, 38.5459 ], [ -119.6837, 38.451 ], [ -119.6318, 38.3367 ], [ -119.635, 38.3298 ], [ -119.6384, 38.3274 ], [ -119.6451, 38.32 ], [ -119.645, 38.3174 ], [ -119.6429, 38.3101 ], [ -119.644, 38.3017 ], [ -119.643, 38.2948 ], [ -119.6359, 38.2756 ], [ -119.6313, 38.2709 ], [ -119.6155, 38.263 ], [ -119.6147, 38.2584 ], [ -119.6154, 38.2322 ], [ -119.6176, 38.2304 ], [ -119.6317, 38.1986 ], [ -119.626, 38.1943 ], [ -119.6186, 38.1907 ], [ -119.5973, 38.1822 ], [ -119.5765, 38.1576 ], [ -119.3468, 38.0835 ], [ -119.3049, 38.0246 ], [ -119.3085, 37.9473 ], [ -119.2016, 37.8839 ], [ -119.2031, 37.7953 ], [ -119.2686, 37.7385 ], [ -119.1147, 37.7283 ], [ -119.0658, 37.6847 ], [ -119.0201, 37.5836 ], [ -118.9178, 37.5502 ], [ -118.8562, 37.4805 ], [ -118.7964, 37.4886 ], [ -118.7752, 37.4634 ], [ -118.2042, 37.4626 ], [ -117.8338, 37.4653 ], [ -118.4281, 37.8962 ], [ -118.3515, 37.8937 ], [ -118.2339, 38.0003 ], [ -117.6915, 38.4742 ], [ -118.196, 38.9189 ], [ -118.1963, 38.9999 ], [ -117.8002, 39.088 ], [ -117.7915, 39.1691 ], [ -117.7216, 39.2154 ], [ -117.7525, 39.3119 ], [ -117.7497, 39.3837 ], [ -117.699, 39.3851 ], [ -117.6455, 39.4275 ], [ -117.5896, 39.5175 ], [ -117.4932, 39.5363 ], [ -117.4619, 39.6227 ], [ -117.4644, 39.6785 ], [ -117.4951, 39.7493 ], [ -117.488, 39.8261 ], [ -117.4616, 39.8865 ], [ -117.4778, 39.9395 ], [ -117.5418, 40.001 ], [ -117.3004, 40.5271 ], [ -117.3, 40.6763 ], [ -117.3098, 40.6835 ], [ -117.643, 40.6843 ], [ -117.6442, 40.8578 ], [ -118.4387, 40.8557 ], [ -118.7867, 40.8559 ], [ -118.7867, 40.9608 ], [ -119.3297, 40.9604 ], [ -119.3311, 41.234 ], [ -119.3058, 41.2351 ], [ -119.3045, 41.4147 ], [ -119.3234, 41.4146 ], [ -119.3275, 41.6249 ], [ -119.3242, 41.9942 ], [ -119.3602, 41.9944 ] ] ] } },
{ "type": "Feature", "properties": { "i": 107 }, "geometry": { "type": "Polygon", "coordinates": [ [ [ -82.2341, 39.9132 ], [ -82.4628, 39.9304 ], [ -82.472, 39.8377 ], [ -82.3964, 39.8326 ], [ -82.404, 39.7446 ], [ -82.3661, 39.7425 ], [ -82.3798, 39.5968 ], [ -82.2628, 39.5906 ], [ -82.2636, 39.5621 ], [ -82.1592, 39.5563 ], [ -82.168, 39.4662 ], [ -82.2796, 39.4726 ], [ -82.2895, 39.384 ], [ -82.5145, 39.3958 ], [ -82.5176, 39.3695 ], [ -82.6344, 39.3756 ], [ -82.7486, 39.3682 ], [ -82.7672, 39.168 ], [ -82.7859, 39.1688 ], [ -82.8071, 38.9482 ], [ -82.7535, 38.944 ], [ -82.7607, 38.8549 ], [ -82.6501, 38.8491 ], [ -82.6628, 38.7491 ], [ -82.6954, 38.75 ], [ -82.7067, 38.6777 ], [ -82.7639, 38.68 ], [ -82.7408, 38.598 ], [ -82.8153, 38.5707 ], [ -82.842, 38.5883 ], [ -82.8699, 38.7287 ], [ -82.8934, 38.7566 ], [ -82.9794, 38.726 ], [ -83.0293, 38.6875 ], [ -83.1027, 38.5535 ], [ -83.184, 38.4965 ], [ -83.2362, 38.4269 ], [ -83.2313, 38.3394 ], [ -83.3415, 38.3188 ], [ -83.3069, 38.2265 ], [ -83.2621, 38.1899 ], [ -83.1644, 38.266 ], [ -83.0759, 38.2072 ], [ -82.9241, 38.1746 ], [ -82.889, 38.112 ], [ -83.022, 38.0064 ], [ -82.9926, 37.9615 ], [ -82.9391, 37.9989 ], [ -82.8295, 37.9667 ], [ -82.7359, 37.9161 ], [ -82.6132, 37.8793 ], [ -82.5811, 37.9533 ], [ -82.5347, 37.9627 ], [ -82.4379, 37.8997 ], [ -82.3772, 37.8034 ], [ -82.3188, 37.7646 ], [ -82.2945, 37.6709 ], [ -82.1865, 37.6283 ], [ -82.1259, 37.5512 ], [ -82.0644, 37.5379 ], [ -81.9682, 37.5378 ], [ -82.3513, 37.267 ], [ -82.448, 37.244 ], [ -82.5539, 37.2026 ], [ -82.5466, 37.1292 ], [ -82.4633, 37.0198 ], [ -82.3477, 36.9587 ], [ -82.2752, 37.0009 ], [ -82.2432, 36.9964 ], [ -82.1691, 37.0406 ], [ -82.0417, 37.0485 ], [ -82.0072, 37.116 ], [ -81.9013, 37.1429 ], [ -81.8537, 37.1747 ], [ -81.7981, 37.1861 ], [ -81.724, 37.2405 ], [ -81.6784, 37.2022 ], [ -81.5627, 37.2066 ], [ -81.4597, 37.2658 ], [ -81.4166, 37.2736 ], [ -81.3676, 37.3276 ], [ -81.3132, 37.4211 ], [ -81.3067, 37.4571 ], [ -81.2584, 37.4987 ], [ -81.2144, 37.5085 ], [ -81.1975, 37.5756 ], [ -81.1354, 37.5977 ], [ -81.0941, 37.5886 ], [ -81.0686, 37.64 ], [ -80.9905, 37.6855 ], [ -80.9757, 37.7146 ], [ -80.9174, 37.7374 ], [ -80.8936, 37.7717 ], [ -80.9444, 37.8192 ], [ -80.8091, 37.8679 ], [ -80.7557, 37.8745 ], [ -80.8105, 37.9486 ], [ -80.79, 37.996 ], [ -80.8127, 38.047 ], [ -80.8937, 38.0795 ], [ -80.8816, 38.1031 ], [ -80.712, 38.0791 ], [ -80.4365, 38.2673 ], [ -80.3601, 38.2258 ], [ -80.3631, 38.1142 ], [ -80.2647, 38.0466 ], [ -80.1688, 38.0363 ], [ -80.1069, 38.0558 ], [ -79.9656, 38.0634 ], [ -79.9264, 38.1067 ], [ -79.9439, 38.133 ], [ -79.9132, 38.188 ], [ -79.7953, 38.2657 ], [ -79.8028, 38.2925 ], [ -79.8041, 38.2987 ], [ -79.8099, 38.3063 ], [ -79.7965, 38.3235 ], [ -79.7418, 38.3535 ], [ -79.7069, 38.4153 ], [ -79.6909, 38.4458 ], [ -79.6886, 38.4578 ], [ -79.6958, 38.469 ], [ -79.6949, 38.4931 ], [ -79.6929, 38.4954 ], [ -79.6777, 38.5102 ], [ -79.6727, 38.5094 ], [ -79.6701, 38.5085 ], [ -79.6701, 38.5326 ], [ -79.6677, 38.5522 ], [ -79.6671, 38.5544 ], [ -79.6627, 38.5701 ], [ -79.6515, 38.5869 ], [ -79.6277, 38.6081 ], [ -79.6255, 38.6131 ], [ -79.6226, 38.6146 ], [ -79.6226, 38.6245 ], [ -79.6202, 38.6554 ], [ -79.619, 38.6672 ], [ -79.5998, 38.6633 ], [ -79.5944, 38.6658 ], [ -79.5985, 38.6752 ], [ -79.5993, 38.6775 ], [ -79.5926, 38.6885 ], [ -79.5864, 38.6952 ], [ -79.5826, 38.6981 ], [ -79.5774, 38.7022 ], [ -79.561, 38.7179 ], [ -79.5606, 38.7246 ], [ -79.557, 38.7306 ], [ -79.5298, 38.7559 ], [ -79.5231, 38.7685 ], [ -79.5198, 38.7722 ], [ -79.5162, 38.7768 ], [ -79.5089, 38.7852 ], [ -79.5066, 38.7966 ], [ -79.516, 38.8081 ], [ -79.5252, 38.8134 ], [ -79.5238, 38.8294 ], [ -79.5309, 38.8359 ], [ -79.5367, 38.8391 ], [ -79.5302, 38.852 ], [ -79.5206, 38.8588 ], [ -79.5154, 38.8641 ], [ -79.5168, 38.8823 ], [ -79.5141, 38.8935 ], [ -79.5025, 38.8927 ], [ -79.4972, 38.8917 ], [ -79.4904, 38.8885 ], [ -79.4755, 38.8908 ], [ -79.4721, 38.8922 ], [ -79.4472, 38.903 ], [ -79.4568, 38.9249 ], [ -79.4531, 38.9304 ], [ -79.4466, 38.931 ], [ -79.4181, 38.9247 ], [ -79.4115, 38.9229 ], [ -79.4071, 38.9229 ], [ -79.4002, 38.923 ], [ -79.3745, 38.9213 ], [ -79.3677, 38.927 ], [ -79.3618, 38.936 ], [ -79.3564, 38.9641 ], [ -79.3639, 38.967 ], [ -79.3668, 38.9672 ], [ -79.3731, 38.9663 ], [ -79.3947, 38.971 ], [ -79.398, 38.9721 ], [ -79.4049, 38.9731 ], [ -79.4145, 38.9734 ], [ -79.4191, 38.972 ], [ -79.427, 38.9732 ], [ -79.45, 38.9746 ], [ -79.4611, 38.9758 ], [ -79.466, 38.9759 ], [ -79.4698, 38.9764 ], [ -79.4722, 38.9779 ], [ -79.489, 38.975 ], [ -79.5, 38.973 ], [ -79.506, 38.9712 ], [ -79.5362, 38.9813 ], [ -79.5433, 38.9829 ], [ -79.5667, 38.9883 ], [ -79.5998, 38.9957 ], [ -79.6197, 39.0001 ], [ -79.6724, 39.012 ], [ -79.6807, 39.0139 ], [ -79.7111, 39.0207 ], [ -79.7172, 39.022 ], [ -79.7498, 39.0293 ], [ -79.7585, 39.0313 ], [ -79.7829, 39.0399 ], [ -79.7781, 39.0512 ], [ -79.7761, 39.0612 ], [ -79.7764, 39.0698 ], [ -79.7754, 39.0763 ], [ -79.7968, 39.1039 ], [ -79.7988, 39.1069 ], [ -79.8042, 39.1094 ], [ -79.8093, 39.1109 ], [ -79.8191, 39.1171 ], [ -79.8251, 39.1158 ], [ -79.8296, 39.1192 ], [ -79.8333, 39.127 ], [ -79.8365, 39.1279 ], [ -79.8356, 39.1369 ], [ -79.8341, 39.1477 ], [ -79.8332, 39.1518 ], [ -79.8323, 39.1556 ], [ -79.8279, 39.1649 ], [ -79.8271, 39.17 ], [ -79.8227, 39.1859 ], [ -79.8223, 39.1975 ], [ -79.8187, 39.2023 ], [ -79.8095, 39.2234 ], [ -79.81, 39.23 ], [ -79.8097, 39.2354 ], [ -79.821, 39.2408 ], [ -79.8461, 39.2452 ], [ -79.8514, 39.2597 ], [ -79.8514, 39.2619 ], [ -79.8532, 39.2636 ], [ -79.8528, 39.2681 ], [ -79.8559, 39.2727 ], [ -79.8596, 39.276 ], [ -79.8585, 39.2793 ], [ -79.8731, 39.2949 ], [ -79.8809, 39.2953 ], [ -79.8891, 39.302 ], [ -79.8953, 39.2996 ], [ -79.8952, 39.3341 ], [ -79.8948, 39.4217 ], [ -79.9192, 39.4449 ], [ -79.9218, 39.446 ], [ -79.9382, 39.4522 ], [ -79.9433, 39.4504 ], [ -79.9734, 39.4358 ], [ -79.9758, 39.4346 ], [ -80.0001, 39.4229 ], [ -80.0753, 39.3892 ], [ -80.0866, 39.3867 ], [ -80.0925, 39.3944 ], [ -80.0976, 39.4017 ], [ -80.1117, 39.4098 ], [ -80.1166, 39.4035 ], [ -80.1225, 39.4013 ], [ -80.1248, 39.401 ], [ -80.1657, 39.3962 ], [ -80.1919, 39.3931 ], [ -80.2219, 39.4056 ], [ -80.2414, 39.4155 ], [ -80.2442, 39.4169 ], [ -80.253, 39.4215 ], [ -80.2711, 39.4303 ], [ -80.2746, 39.4317 ], [ -80.2834, 39.4357 ], [ -80.2907, 39.4355 ], [ -80.3414, 39.4426 ], [ -80.3776, 39.4493 ], [ -80.3966, 39.4523 ], [ -80.4771, 39.4665 ], [ -80.4939, 39.4687 ], [ -80.4944, 39.4611 ], [ -80.4998, 39.4596 ], [ -80.5054, 39.4597 ], [ -80.5142, 39.4568 ], [ -80.519, 39.4462 ], [ -80.5187, 39.44 ], [ -80.5159, 39.438 ], [ -80.5228, 39.4338 ], [ -80.5321, 39.4335 ], [ -80.5421, 39.4303 ], [ -80.5502, 39.4332 ], [ -80.558, 39.4364 ], [ -80.5621, 39.4387 ], [ -80.5683, 39.4388 ], [ -80.5726, 39.4361 ], [ -80.5816, 39.4476 ], [ -80.5831, 39.4514 ], [ -80.5992, 39.4415 ], [ -80.6075, 39.445 ], [ -80.6095, 39.4466 ], [ -80.6134, 39.4503 ], [ -80.6265, 39.4548 ], [ -80.6333, 39.4589 ], [ -80.6391, 39.4641 ], [ -80.6495, 39.4696 ], [ -80.6562, 39.467 ], [ -80.6627, 39.4674 ], [ -80.6711, 39.4642 ], [ -80.6703, 39.4742 ], [ -80.6765, 39.4775 ], [ -80.68, 39.4776 ], [ -80.6913, 39.4711 ], [ -80.7006, 39.4742 ], [ -80.7107, 39.4757 ], [ -80.7156, 39.4779 ], [ -80.7204, 39.4809 ], [ -80.7196, 39.4858 ], [ -80.7232, 39.4912 ], [ -80.728, 39.4917 ], [ -80.7346, 39.492 ], [ -80.7409, 39.5116 ], [ -80.7537, 39.5188 ], [ -80.7577, 39.5248 ], [ -80.7686, 39.5285 ], [ -80.7744, 39.5314 ], [ -80.7833, 39.5422 ], [ -80.7827, 39.5452 ], [ -80.8003, 39.5548 ], [ -80.8039, 39.5574 ], [ -80.8115, 39.561 ], [ -80.8201, 39.5547 ], [ -80.8233, 39.5548 ], [ -80.8272, 39.5629 ], [ -80.829, 39.5665 ], [ -80.8374, 39.582 ], [ -80.8427, 39.5836 ], [ -80.8491, 39.591 ], [ -80.8652, 39.5937 ], [ -80.886, 39.5803 ], [ -80.911, 39.5907 ], [ -80.9265, 39.5971 ], [ -80.9337, 39.6002 ], [ -80.9397, 39.6041 ], [ -80.9459, 39.6055 ], [ -80.9941, 39.571 ], [ -81.0007, 39.567 ], [ -81.0035, 39.5657 ], [ -81.012, 39.5599 ], [ -81.0237, 39.5525 ], [ -81.0296, 39.5458 ], [ -81.0344, 39.5424 ], [ -81.0382, 39.5481 ], [ -81.0371, 39.5716 ], [ -81.0457, 39.5724 ], [ -81.159, 39.5763 ], [ -81.1768, 39.5769 ], [ -81.2073, 39.5778 ], [ -81.2115, 39.5779 ], [ -81.2248, 39.5784 ], [ -81.2498, 39.5767 ], [ -81.2641, 39.5768 ], [ -81.2738, 39.6056 ], [ -81.2831, 39.6067 ], [ -81.2834, 39.5944 ], [ -81.2885, 39.5919 ], [ -81.3132, 39.5926 ], [ -81.3314, 39.593 ], [ -81.3479, 39.5934 ], [ -81.3773, 39.6012 ], [ -81.3893, 39.6014 ], [ -81.413, 39.6159 ], [ -81.4137, 39.6258 ], [ -81.4523, 39.6367 ], [ -81.467, 39.6459 ], [ -81.4733, 39.6297 ], [ -81.4733, 39.6251 ], [ -81.4875, 39.5837 ], [ -81.4976, 39.584 ], [ -81.5286, 39.5848 ], [ -81.5473, 39.5855 ], [ -81.5678, 39.5862 ], [ -81.5706, 39.5863 ], [ -81.5882, 39.587 ], [ -81.5881, 39.5937 ], [ -81.5876, 39.6144 ], [ -81.5874, 39.6251 ], [ -81.5869, 39.6376 ], [ -81.5864, 39.6554 ], [ -81.5861, 39.663 ], [ -81.603, 39.6645 ], [ -81.6164, 39.665 ], [ -81.6376, 39.6655 ], [ -81.6429, 39.6724 ], [ -81.6411, 39.7171 ], [ -81.6406, 39.7322 ], [ -81.6403, 39.742 ], [ -81.6398, 39.7526 ], [ -81.6646, 39.7543 ], [ -81.6704, 39.7544 ], [ -81.678, 39.7547 ], [ -81.7252, 39.7567 ], [ -81.7362, 39.7572 ], [ -81.7499, 39.7576 ], [ -81.7596, 39.758 ], [ -81.7749, 39.7587 ], [ -81.8147, 39.7604 ], [ -81.8291, 39.761 ], [ -81.8438, 39.7616 ], [ -81.869, 39.7627 ], [ -81.8897, 39.7636 ], [ -81.8954, 39.7638 ], [ -81.9279, 39.7651 ], [ -81.9414, 39.7652 ], [ -81.9959, 39.7678 ], [ -82.0343, 39.7687 ], [ -82.0564, 39.7699 ], [ -82.0757, 39.7827 ], [ -82.073, 39.8158 ], [ -82.17, 39.8217 ], [ -82.1633, 39.896 ], [ -82.1628, 39.9094 ], [ -82.17, 39.9097 ], [ -82.2006, 39.9115 ], [ -82.2102, 39.912 ], [ -82.2182, 39.9125 ], [ -82.2281, 39.913 ], [ -82.2341, 39.9132 ] ] ] } },
{ "type": "Feature", "properties": { "i": 108 }, "geometry": { "type": "Polygon", "coordinates": [ [ [ -79.7953, 38.2657 ], [ -79.9132, 38.188 ], [ -79.9439, 38.133 ], [ -79.9264, 38.1067 ], [ -79.9656, 38.0634 ], [ -80.1069, 38.0558 ], [ -80.1688, 38.0363 ], [ -80.2647, 38.0466 ], [ -80.3631, 38.1142 ], [ -80.3601, 38.2258 ], [ -80.4365, 38.2673 ], [ -80.712, 38.0791 ], [ -80.8816, 38.1031 ], [ -80.8937, 38.0795 ], [ -80.8127, 38.047 ], [ -80.79, 37.996 ], [ -80.8105, 37.9486 ], [ -80.7557, 37.8745 ], [ -80.8091, 37.8679 ], [ -80.9444, 37.8192 ], [ -80.8936, 37.7717 ], [ -80.9174, 37.7374 ], [ -80.9757, 37.7146 ], [ -80.9905, 37.6855 ], [ -81.0686, 37.64 ], [ -81.0941, 37.5886 ], [ -81.1354, 37.5977 ], [ -81.1975, 37.5756 ], [ -81.2144, 37.5085 ], [ -81.2584, 37.4987 ], [ -81.3067, 37.4571 ], [ -81.3132, 37.4211 ], [ -81.3676, 37.3276 ], [ -81.4166, 37.2736 ], [ -81.4597, 37.2658 ], [ -81.5627, 37.2066 ], [ -81.6784, 37.2022 ], [ -81.724, 37.2405 ], [ -81.7981, 37.1861 ], [ -81.8537, 37.1747 ], [ -81.9013, 37.1429 ], [ -81.8892, 37.111 ], [ -81.8273, 37.0539 ], [ -81.7796, 36.9587 ], [ -81.836, 36.9291 ], [ -81.6993, 36.7894 ], [ -81.6108, 36.6177 ], [ -81.6796, 36.5859 ], [ -81.7079, 36.5355 ], [ -81.698, 36.4647 ], [ -81.7412, 36.4121 ], [ -81.7083, 36.3352 ], [ -81.8339, 36.3468 ], [ -81.9178, 36.2862 ], [ -81.9113, 36.2293 ], [ -81.8824, 36.19 ], [ -81.8297, 36.1688 ], [ -81.8112, 36.1116 ], [ -81.6748, 36.1225 ], [ -81.5455, 36.1175 ], [ -81.4436, 36.0729 ], [ -81.4121, 36.0724 ], [ -81.3268, 35.9955 ], [ -81.2632, 36.0259 ], [ -81.1914, 36.0366 ], [ -81.0986, 36.0295 ], [ -80.9766, 36.0579 ], [ -80.4973, 36.047 ], [ -80.5161, 36.0919 ], [ -80.4393, 36.1381 ], [ -80.452, 36.2615 ], [ -80.0263, 36.2575 ], [ -79.5324, 36.2415 ], [ -79.532, 36.25 ], [ -79.1534, 36.2421 ], [ -79.1371, 36.5417 ], [ -78.7333, 36.5429 ], [ -78.6974, 36.6692 ], [ -78.6483, 36.6983 ], [ -78.4927, 36.8911 ], [ -78.444, 37.0767 ], [ -78.4808, 37.0853 ], [ -78.5473, 37.1502 ], [ -78.5825, 37.141 ], [ -78.6921, 37.2043 ], [ -78.6785, 37.2609 ], [ -78.5734, 37.3656 ], [ -78.5148, 37.332 ], [ -78.465, 37.3396 ], [ -78.2493, 37.635 ], [ -78.2396, 37.6906 ], [ -78.4032, 37.7344 ], [ -78.4664, 37.762 ], [ -78.4907, 37.7973 ], [ -78.4939, 37.7959 ], [ -78.4982, 37.7911 ], [ -78.4976, 37.7813 ], [ -78.4968, 37.7781 ], [ -78.5066, 37.7588 ], [ -78.5215, 37.7584 ], [ -78.5379, 37.7624 ], [ -78.5616, 37.7606 ], [ -78.5685, 37.759 ], [ -78.5742, 37.7575 ], [ -78.585, 37.7554 ], [ -78.6285, 37.7465 ], [ -78.6355, 37.741 ], [ -78.6449, 37.7283 ], [ -78.6481, 37.721 ], [ -78.6557, 37.7046 ], [ -78.655, 37.7018 ], [ -78.642, 37.6832 ], [ -78.6537, 37.6774 ], [ -78.6682, 37.688 ], [ -78.6832, 37.6985 ], [ -78.6908, 37.6985 ], [ -78.6942, 37.6964 ], [ -78.6929, 37.6751 ], [ -78.6961, 37.675 ], [ -78.7164, 37.6508 ], [ -78.7134, 37.6457 ], [ -78.713, 37.6401 ], [ -78.8034, 37.6411 ], [ -78.8093, 37.6371 ], [ -78.8234, 37.6219 ], [ -78.811, 37.6086 ], [ -78.823, 37.5969 ], [ -78.8285, 37.595 ], [ -78.8322, 37.5864 ], [ -78.8237, 37.5757 ], [ -78.8166, 37.5715 ], [ -78.8142, 37.5642 ], [ -78.8201, 37.5615 ], [ -78.8232, 37.5399 ], [ -78.835, 37.536 ], [ -78.8463, 37.5382 ], [ -78.8562, 37.5443 ], [ -78.863, 37.5444 ], [ -78.8852, 37.5474 ], [ -78.8985, 37.5445 ], [ -78.9057, 37.5574 ], [ -78.9221, 37.5877 ], [ -78.9309, 37.6037 ], [ -78.9547, 37.6473 ], [ -78.9559, 37.6493 ], [ -78.9596, 37.6539 ], [ -78.9606, 37.6567 ], [ -78.9639, 37.6653 ], [ -78.9746, 37.6784 ], [ -78.9831, 37.6871 ], [ -78.9863, 37.6952 ], [ -78.9987, 37.6997 ], [ -79.0206, 37.7047 ], [ -79.0525, 37.7116 ], [ -79.0692, 37.7311 ], [ -79.0672, 37.7395 ], [ -79.0661, 37.7457 ], [ -79.067, 37.7701 ], [ -79.0772, 37.782 ], [ -79.1037, 37.7866 ], [ -79.1118, 37.7866 ], [ -79.1455, 37.8118 ], [ -79.161, 37.8069 ], [ -79.1587, 37.8255 ], [ -79.1579, 37.8377 ], [ -79.1445, 37.8573 ], [ -79.151, 37.8773 ], [ -79.152, 37.8801 ], [ -79.2013, 37.9242 ], [ -79.2145, 37.9314 ], [ -79.2304, 37.9405 ], [ -79.2406, 37.946 ], [ -79.2933, 37.9755 ], [ -79.3225, 37.9916 ], [ -79.3485, 38.0067 ], [ -79.4034, 38.0392 ], [ -79.4221, 38.0504 ], [ -79.4289, 38.0543 ], [ -79.4825, 38.0857 ], [ -79.4815, 38.1096 ], [ -79.4769, 38.1151 ], [ -79.4745, 38.1178 ], [ -79.4544, 38.1378 ], [ -79.448, 38.1447 ], [ -79.4704, 38.1658 ], [ -79.5095, 38.1549 ], [ -79.5227, 38.1528 ], [ -79.5304, 38.1523 ], [ -79.5328, 38.154 ], [ -79.5265, 38.1705 ], [ -79.5227, 38.1733 ], [ -79.5614, 38.1986 ], [ -79.5988, 38.2048 ], [ -79.6742, 38.2164 ], [ -79.6766, 38.2167 ], [ -79.7321, 38.233 ], [ -79.7538, 38.2427 ], [ -79.7953, 38.2657 ] ] ] } },
{ "type": "Feature", "properties": { "i": 109 }, "geometry": { "type": "MultiPolygon", "coordinates": [ [ [ [ -122.4663, 47.5092 ], [ -122.4984, 47.4757 ], [ -122.527, 47.3986 ], [ -122.528, 47.3448 ], [ -122.3997, 47.3822 ], [ -122.4273, 47.4021 ], [ -122.4663, 47.5092 ] ] ], [ [ [ -122.4366, 48.2611 ], [ -122.531, 48.2498 ], [ -122.5354, 48.1826 ], [ -122.479, 48.1757 ], [ -122.4366, 48.2611 ] ] ], [ [ [ -122.5955, 48.3973 ], [ -122.6647, 48.4015 ], [ -122.6737, 48.3547 ], [ -122.7699, 48.2275 ], [ -122.656, 48.1625 ], [ -122.6127, 48.1559 ], [ -122.5991, 48.1076 ], [ -122.607, 48.0316 ], [ -122.4896, 47.9894 ], [ -122.4408, 47.9518 ], [ -122.4315, 47.914 ], [ -122.3762, 47.9072 ], [ -122.3507, 47.9532 ], [ -122.3763, 48.0345 ], [ -122.4451, 48.0517 ], [ -122.4937, 48.0961 ], [ -122.5368, 48.0411 ], [ -122.5716, 48.1051 ], [ -122.5679, 48.1486 ], [ -122.6064, 48.2083 ], [ -122.6584, 48.2451 ], [ -122.6121, 48.2961 ], [ -122.531, 48.2824 ], [ -122.5062, 48.3093 ], [ -122.5977, 48.3576 ], [ -122.5955, 48.3973 ] ] ], [ [ [ -122.8838, 48.5725 ], [ -122.9207, 48.5351 ], [ -122.9455, 48.4654 ], [ -122.8141, 48.4213 ], [ -122.8051, 48.4521 ], [ -122.874, 48.5054 ], [ -122.8838, 48.5725 ] ] ], [ [ [ -123.1453, 48.6236 ], [ -123.1763, 48.5621 ], [ -123.1321, 48.498 ], [ -123.0369, 48.4581 ], [ -123.007, 48.5338 ], [ -123.0165, 48.5618 ], [ -123.1453, 48.6236 ] ] ], [ [ [ -122.904, 48.7146 ], [ -122.9419, 48.7101 ], [ -123.0099, 48.6551 ], [ -123.0276, 48.6115 ], [ -122.8887, 48.5886 ], [ -122.743, 48.662 ], [ -122.904, 48.7146 ] ] ], [ [ [ -120.8531, 48.9996 ], [ -121.3425, 49.0008 ], [ -121.7596, 48.9973 ], [ -122.1954, 49.0024 ], [ -122.7578, 49.0021 ], [ -122.8182, 48.9391 ], [ -122.7456, 48.9282 ], [ -122.7868, 48.8858 ], [ -122.7151, 48.8437 ], [ -122.7067, 48.8024 ], [ -122.6474, 48.774 ], [ -122.5358, 48.7761 ], [ -122.4926, 48.7565 ], [ -122.5193, 48.7127 ], [ -122.4869, 48.6431 ], [ -122.4257, 48.6004 ], [ -122.4925, 48.5594 ], [ -122.4831, 48.4884 ], [ -122.539, 48.4686 ], [ -122.6714, 48.504 ], [ -122.6543, 48.4075 ], [ -122.5586, 48.426 ], [ -122.5335, 48.3752 ], [ -122.4928, 48.3693 ], [ -122.369, 48.2934 ], [ -122.3965, 48.2566 ], [ -122.3537, 48.188 ], [ -122.3608, 48.1198 ], [ -122.2826, 48.0517 ], [ -122.2114, 48.022 ], [ -122.2184, 47.9809 ], [ -122.307, 47.9491 ], [ -122.3399, 47.8467 ], [ -122.3949, 47.8033 ], [ -122.3731, 47.7292 ], [ -122.4298, 47.6589 ], [ -122.3435, 47.6085 ], [ -122.4098, 47.5689 ], [ -122.367, 47.4476 ], [ -122.3257, 47.3915 ], [ -122.3248, 47.3485 ], [ -122.5065, 47.3023 ], [ -122.5615, 47.2439 ], [ -122.5905, 47.1769 ], [ -122.6768, 47.1021 ], [ -122.7235, 47.0972 ], [ -122.7866, 47.1272 ], [ -122.8046, 47.1645 ], [ -122.9309, 47.1516 ], [ -122.942, 47.2176 ], [ -122.9273, 47.2807 ], [ -122.7887, 47.3384 ], [ -122.7885, 47.2998 ], [ -122.8303, 47.2435 ], [ -122.7698, 47.1666 ], [ -122.7239, 47.2447 ], [ -122.7517, 47.26 ], [ -122.7302, 47.3333 ], [ -122.657, 47.3259 ], [ -122.6735, 47.2876 ], [ -122.5761, 47.2571 ], [ -122.5737, 47.3184 ], [ -122.5381, 47.3768 ], [ -122.5522, 47.4054 ], [ -122.5322, 47.4695 ], [ -122.4953, 47.5111 ], [ -122.5473, 47.5279 ], [ -122.6178, 47.6504 ], [ -122.544, 47.7476 ], [ -122.4719, 47.7498 ], [ -122.5258, 47.9116 ], [ -122.6841, 47.7986 ], [ -122.7485, 47.7202 ], [ -122.7529, 47.6675 ], [ -122.9145, 47.6218 ], [ -122.8838, 47.7292 ], [ -122.8532, 47.7808 ], [ -122.7436, 47.8091 ], [ -122.6489, 47.864 ], [ -122.6511, 47.921 ], [ -122.8004, 48.0854 ], [ -122.7508, 48.116 ], [ -122.7841, 48.143 ], [ -122.919, 48.0961 ], [ -123.0227, 48.0827 ], [ -123.1132, 48.15 ], [ -123.1854, 48.1473 ], [ -123.2486, 48.1157 ], [ -123.4255, 48.1183 ], [ -123.5606, 48.1507 ], [ -123.5949, 48.1351 ], [ -123.6724, 48.1627 ], [ -123.865, 48.1545 ], [ -124.0507, 48.1777 ], [ -124.1018, 48.2169 ], [ -124.2364, 48.2622 ], [ -124.3849, 48.2853 ], [ -124.5648, 48.3679 ], [ -124.6595, 48.3913 ], [ -124.7319, 48.3809 ], [ -124.6589, 48.3311 ], [ -124.687, 48.2905 ], [ -124.6909, 48.2126 ], [ -124.7319, 48.1698 ], [ -124.6871, 48.0987 ], [ -124.6853, 48.0488 ], [ -124.6431, 47.9092 ], [ -124.5138, 47.8222 ], [ -124.4284, 47.7439 ], [ -124.3684, 47.5906 ], [ -124.3189, 47.3566 ], [ -124.2363, 47.2873 ], [ -124.1776, 47.0978 ], [ -124.1748, 46.9277 ], [ -124.1263, 46.9426 ], [ -124.1514, 47.0223 ], [ -124.1221, 47.0417 ], [ -124.0263, 47.0302 ], [ -123.9983, 46.9809 ], [ -123.8617, 46.968 ], [ -123.8766, 46.9408 ], [ -123.9851, 46.9219 ], [ -124.0493, 46.8913 ], [ -124.0981, 46.7937 ], [ -123.881, 46.7912 ], [ -123.3708, 46.7918 ], [ -123.3569, 46.4753 ], [ -123.3583, 46.3842 ], [ -123.0989, 46.3878 ], [ -122.2449, 46.3853 ], [ -122.1057, 46.3882 ], [ -121.5236, 46.3882 ], [ -121.4035, 46.3881 ], [ -121.4481, 46.5349 ], [ -121.387, 46.62 ], [ -121.4134, 46.675 ], [ -121.4072, 46.7277 ], [ -121.4437, 46.7938 ], [ -121.5228, 46.8732 ], [ -121.4565, 46.9227 ], [ -121.4406, 46.9823 ], [ -121.4072, 46.9991 ], [ -121.3771, 47.062 ], [ -121.3763, 47.0665 ], [ -121.3944, 47.1311 ], [ -121.3936, 47.1324 ], [ -121.2987, 47.1489 ], [ -121.3165, 47.2116 ], [ -121.3635, 47.2234 ], [ -121.3414, 47.2815 ], [ -121.4313, 47.2922 ], [ -121.4657, 47.3687 ], [ -121.4229, 47.4227 ], [ -121.3129, 47.4783 ], [ -121.2288, 47.5653 ], [ -121.1121, 47.5959 ], [ -121.1208, 47.6851 ], [ -121.0673, 47.7067 ], [ -121.1201, 47.7825 ], [ -121.0708, 47.8265 ], [ -121.1352, 47.8434 ], [ -121.1743, 47.8851 ], [ -121.1639, 47.9568 ], [ -121.1183, 47.9974 ], [ -121.1315, 48.0442 ], [ -121.0146, 48.0754 ], [ -120.9657, 48.1094 ], [ -120.9197, 48.1909 ], [ -120.999, 48.2618 ], [ -121.0057, 48.2997 ], [ -121.0711, 48.3181 ], [ -121.0434, 48.3636 ], [ -121.0599, 48.454 ], [ -121.0339, 48.4951 ], [ -120.9651, 48.4983 ], [ -120.8568, 48.5485 ], [ -120.7912, 48.5073 ], [ -120.7032, 48.5269 ], [ -120.6856, 48.5673 ], [ -120.7439, 48.579 ], [ -120.7877, 48.6259 ], [ -120.6836, 48.6945 ], [ -120.6773, 48.7354 ], [ -120.7342, 48.784 ], [ -120.7311, 48.8547 ], [ -120.7678, 48.8775 ], [ -120.7685, 48.9546 ], [ -120.835, 48.9394 ], [ -120.8798, 48.9655 ], [ -120.8531, 48.9996 ] ] ] ] } },
{ "type": "Feature", "properties": { "i": 110 }, "geometry": { "type": "Polygon", "coordinates": [ [ [ -92.8398, 38.6844 ], [ -93.06, 38.6939 ], [ -93.0674, 38.5301 ], [ -93.2893, 38.5354 ], [ -93.2919, 38.5063 ], [ -93.5128, 38.5125 ], [ -93.5231, 38.2074 ], [ -93.557, 38.2011 ], [ -94.0499, 38.2139 ], [ -94.0583, 38.0365 ], [ -94.1351, 38.0581 ], [ -94.2259, 38.0384 ], [ -94.2449, 38.0509 ], [ -94.6141, 38.0601 ], [ -94.614, 38.0369 ], [ -95.0777, 38.0377 ], [ -95.0878, 37.8199 ], [ -95.0885, 37.3838 ], [ -95.075, 37.3801 ], [ -95.0735, 36.9997 ], [ -94.6181, 36.9967 ], [ -94.6178, 36.4996 ], [ -94.156, 36.4987 ], [ -93.296, 36.4981 ], [ -92.8142, 36.4978 ], [ -92.3752, 36.4972 ], [ -91.5422, 36.4992 ], [ -91.1259, 36.4977 ], [ -91.1159, 36.8237 ], [ -91.2248, 36.8257 ], [ -91.2172, 37.0862 ], [ -91.1144, 37.0841 ], [ -91.0178, 37.0957 ], [ -91.017, 37.1431 ], [ -91.1255, 37.1995 ], [ -91.1761, 37.3134 ], [ -91.1765, 37.4148 ], [ -91.2119, 37.4153 ], [ -91.2109, 37.5011 ], [ -91.3142, 37.5051 ], [ -91.3123, 37.5928 ], [ -91.1551, 37.5888 ], [ -91.1532, 37.6972 ], [ -91.3104, 37.7 ], [ -91.3084, 37.7872 ], [ -91.5288, 37.789 ], [ -91.5258, 38.1525 ], [ -91.6443, 38.1537 ], [ -91.6447, 38.2886 ], [ -91.8628, 38.2933 ], [ -92.0276, 38.2888 ], [ -92.1957, 38.2922 ], [ -92.1945, 38.3355 ], [ -92.4076, 38.3413 ], [ -92.4048, 38.4254 ], [ -92.6245, 38.4307 ], [ -92.8414, 38.5964 ], [ -92.8398, 38.6844 ] ] ] } },
{ "type": "Feature", "properties": { "i": 111 }, "geometry": { "type": "Polygon", "coordinates": [ [ [ -116.4844, 34.741 ], [ -117.6673, 34.8225 ], [ -117.6667, 34.558 ], [ -117.6456, 34.2899 ], [ -117.6776, 34.1652 ], [ -117.7367, 34.0187 ], [ -117.7677, 34.0238 ], [ -117.8029, 33.9756 ], [ -117.7942, 33.9465 ], [ -117.9764, 33.9459 ], [ -117.9766, 33.9026 ], [ -118.0591, 33.8447 ], [ -118.1124, 33.7473 ], [ -118.0031, 33.6558 ], [ -117.9406, 33.62 ], [ -117.8871, 33.6093 ], [ -117.7849, 33.5415 ], [ -117.7265, 33.4834 ], [ -117.6456, 33.4407 ], [ -117.5959, 33.3866 ], [ -117.5057, 33.3341 ], [ -117.3284, 33.1218 ], [ -117.2805, 33.0119 ], [ -117.2517, 32.8761 ], [ -117.281, 32.8222 ], [ -117.227, 32.7249 ], [ -117.1745, 32.7258 ], [ -117.1347, 32.6882 ], [ -117.1395, 32.6271 ], [ -117.1255, 32.5357 ], [ -116.6262, 32.5763 ], [ -116.1062, 32.6191 ], [ -116.1033, 33.0747 ], [ -116.0811, 33.0748 ], [ -116.0852, 33.4259 ], [ -116.0355, 33.4262 ], [ -116.0738, 33.5021 ], [ -116.0518, 33.5214 ], [ -115.9464, 33.5138 ], [ -115.9464, 33.7391 ], [ -116.0009, 33.7403 ], [ -116.1252, 33.8311 ], [ -116.1252, 33.8519 ], [ -116.1999, 33.9198 ], [ -116.284, 33.9198 ], [ -116.4242, 33.9572 ], [ -116.4723, 34.0328 ], [ -116.6164, 34.0332 ], [ -116.5986, 34.1005 ], [ -116.4722, 34.137 ], [ -116.4386, 34.2113 ], [ -116.4378, 34.2567 ], [ -116.4799, 34.3225 ], [ -116.4048, 34.3569 ], [ -116.4041, 34.4709 ], [ -116.4218, 34.5305 ], [ -116.4569, 34.531 ], [ -116.4747, 34.6051 ], [ -116.5043, 34.6054 ], [ -116.5049, 34.6767 ], [ -116.4176, 34.7363 ], [ -116.4844, 34.741 ] ] ] } },
{ "type": "Feature", "properties": { "i": 112 }, "geometry": { "type": "Polygon", "coordinates": [ [ [ -94.4612, 34.5082 ], [ -95.0467, 34.5072 ], [ -95.0466, 34.2449 ], [ -95.1513, 34.2432 ], [ -95.1564, 34.1561 ], [ -95.1559, 33.9393 ], [ -95.2197, 33.9616 ], [ -95.253, 33.895 ], [ -95.3103, 33.8796 ], [ -95.3106, 33.5284 ], [ -95.3076, 33.2908 ], [ -95.309, 32.9626 ], [ -95.6654, 32.9604 ], [ -95.6346, 32.7169 ], [ -95.5946, 32.6931 ], [ -95.5943, 32.4798 ], [ -95.4504, 32.3603 ], [ -95.4503, 32.2947 ], [ -95.4879, 32.2355 ], [ -95.4633, 32.2015 ], [ -95.4796, 32.1512 ], [ -95.432, 32.0942 ], [ -95.4252, 32.018 ], [ -95.4533, 31.9609 ], [ -95.4225, 31.9246 ], [ -95.4451, 31.8493 ], [ -95.4134, 31.8353 ], [ -95.3943, 31.7634 ], [ -95.3659, 31.7278 ], [ -95.2898, 31.6828 ], [ -95.2742, 31.5929 ], [ -95.256, 31.5756 ], [ -95.1733, 31.5852 ], [ -95.1431, 31.5398 ], [ -95.1037, 31.5229 ], [ -95.1099, 31.4851 ], [ -95.0163, 31.4461 ], [ -94.9537, 31.3848 ], [ -94.9529, 31.3416 ], [ -94.9099, 31.3364 ], [ -94.8589, 31.2211 ], [ -94.8406, 31.1436 ], [ -94.7518, 31.1064 ], [ -94.6151, 31.0846 ], [ -94.5615, 31.0599 ], [ -94.4659, 31.0319 ], [ -94.0619, 31.1134 ], [ -94.0336, 31.1353 ], [ -93.9111, 31.1581 ], [ -93.6108, 31.1755 ], [ -93.5449, 31.2031 ], [ -93.5351, 31.2756 ], [ -93.4427, 31.2767 ], [ -93.3894, 31.3641 ], [ -93.0323, 31.3643 ], [ -92.9471, 31.3467 ], [ -92.8132, 31.4413 ], [ -92.7185, 31.5183 ], [ -92.6843, 31.4479 ], [ -92.6952, 31.4063 ], [ -92.6318, 31.3908 ], [ -92.1962, 31.4779 ], [ -92.1205, 31.3798 ], [ -92.0685, 31.3276 ], [ -92.0084, 31.3259 ], [ -92.0082, 31.7895 ], [ -92.0055, 31.9243 ], [ -91.9044, 31.9275 ], [ -91.8946, 32.0102 ], [ -91.9266, 32.075 ], [ -91.8747, 32.0885 ], [ -91.8951, 32.1637 ], [ -91.9755, 32.1661 ], [ -92.0199, 32.2977 ], [ -92.0102, 32.3628 ], [ -91.9043, 32.5161 ], [ -91.9467, 32.6643 ], [ -91.9745, 32.7105 ], [ -92.0576, 32.7058 ], [ -92.0527, 32.7934 ], [ -92.084, 32.8755 ], [ -92.0815, 32.9812 ], [ -92.1392, 33.0971 ], [ -92.1378, 33.1634 ], [ -92.2089, 33.202 ], [ -92.2245, 33.2528 ], [ -92.3245, 33.2622 ], [ -92.3577, 33.2818 ], [ -92.4314, 33.2706 ], [ -92.5233, 33.3279 ], [ -92.5473, 33.3654 ], [ -92.5939, 33.3733 ], [ -92.6618, 33.3562 ], [ -92.759, 33.3879 ], [ -92.7966, 33.3725 ], [ -93.119, 33.3803 ], [ -93.1043, 33.7756 ], [ -93.1398, 33.8154 ], [ -93.1793, 33.8007 ], [ -93.2208, 33.829 ], [ -93.2882, 33.8436 ], [ -93.3009, 33.8961 ], [ -93.3761, 33.9574 ], [ -93.4669, 33.9635 ], [ -93.5278, 33.9437 ], [ -93.6172, 33.96 ], [ -93.6463, 33.982 ], [ -93.7497, 34.0067 ], [ -93.823, 34.0089 ], [ -93.8211, 34.1838 ], [ -93.926, 34.1878 ], [ -93.9354, 34.3502 ], [ -94.2547, 34.3548 ], [ -94.256, 34.2707 ], [ -94.2433, 34.1925 ], [ -94.4703, 34.1899 ], [ -94.4612, 34.5082 ] ] ] } },
{ "type": "Feature", "properties": { "i": 113 }, "geometry": { "type": "Polygon", "coordinates": [ [ [ -98.9597, 33.3975 ], [ -98.9628, 33.3976 ], [ -99.0094, 33.3977 ], [ -99.0476, 33.3979 ], [ -99.0807, 33.398 ], [ -99.1156, 33.3981 ], [ -99.205, 33.3984 ], [ -99.2346, 33.3985 ], [ -99.2496, 33.3985 ], [ -99.2949, 33.3986 ], [ -99.3889, 33.3988 ], [ -99.423, 33.3989 ], [ -99.444, 33.3989 ], [ -99.4724, 33.3988 ], [ -99.5008, 33.3988 ], [ -99.5749, 33.3987 ], [ -99.6551, 33.3985 ], [ -99.6938, 33.3985 ], [ -99.7504, 33.3984 ], [ -99.772, 33.3982 ], [ -99.8011, 33.398 ], [ -99.8149, 33.398 ], [ -99.8187, 33.398 ], [ -99.8309, 33.3979 ], [ -99.853, 33.3979 ], [ -99.991, 33.3971 ], [ -99.9908, 33.3804 ], [ -99.9913, 33.3626 ], [ -99.9909, 33.3408 ], [ -99.9903, 33.3023 ], [ -99.99, 33.2846 ], [ -99.9898, 33.2743 ], [ -99.9894, 33.2499 ], [ -99.9894, 33.2405 ], [ -99.9894, 33.2063 ], [ -99.9892, 33.0112 ], [ -99.989, 32.9847 ], [ -100.0004, 32.9602 ], [ -100.0732, 32.96 ], [ -100.2106, 32.9605 ], [ -100.28, 32.9611 ], [ -100.3221, 32.9615 ], [ -100.3419, 32.9616 ], [ -100.3551, 32.9617 ], [ -100.4028, 32.9622 ], [ -100.438, 32.9625 ], [ -100.4796, 32.9629 ], [ -100.6262, 32.963 ], [ -100.656, 32.9634 ], [ -100.6606, 32.5001 ], [ -100.6654, 32.0854 ], [ -101.2646, 32.0871 ], [ -101.2676, 31.5558 ], [ -101.2748, 31.0794 ], [ -101.8623, 31.0798 ], [ -102.3658, 31.0869 ], [ -102.279, 31.0334 ], [ -102.2443, 31.041 ], [ -102.1432, 30.9975 ], [ -102.0789, 30.9871 ], [ -102.0479, 31.0027 ], [ -101.9925, 30.989 ], [ -101.8744, 30.912 ], [ -101.8317, 30.8016 ], [ -101.809, 30.7027 ], [ -101.7688, 30.654 ], [ -101.7626, 30.6544 ], [ -101.7108, 30.6537 ], [ -101.6532, 30.6196 ], [ -101.647, 30.5613 ], [ -101.6796, 30.5218 ], [ -101.6908, 30.4664 ], [ -101.7399, 30.421 ], [ -101.6593, 30.3583 ], [ -101.7367, 30.3268 ], [ -101.7583, 30.289 ], [ -101.5668, 30.2881 ], [ -101.5501, 30.2882 ], [ -101.4529, 30.2881 ], [ -101.375, 30.2881 ], [ -101.1951, 30.2881 ], [ -101.0307, 30.2875 ], [ -100.999, 30.2881 ], [ -100.9802, 30.2878 ], [ -100.9606, 30.2878 ], [ -100.9339, 30.2877 ], [ -100.8292, 30.2881 ], [ -100.7759, 30.2881 ], [ -100.7504, 30.2881 ], [ -100.7392, 30.2882 ], [ -100.7216, 30.2883 ], [ -100.588, 30.2881 ], [ -100.5775, 30.2881 ], [ -100.5594, 30.2881 ], [ -100.5357, 30.2881 ], [ -100.4392, 30.2885 ], [ -100.4098, 30.2887 ], [ -100.3814, 30.289 ], [ -100.3392, 30.2892 ], [ -100.3304, 30.2893 ], [ -100.3055, 30.2894 ], [ -100.2281, 30.2899 ], [ -100.1551, 30.2902 ], [ -100.1339, 30.2903 ], [ -100.1246, 30.2904 ], [ -100.1138, 30.2902 ], [ -100.0786, 30.2903 ], [ -100.0512, 30.2904 ], [ -99.981, 30.2902 ], [ -99.9591, 30.2901 ], [ -99.9216, 30.2904 ], [ -99.9098, 30.2904 ], [ -99.8882, 30.2905 ], [ -99.8318, 30.2904 ], [ -99.8203, 30.2904 ], [ -99.7495, 30.2908 ], [ -99.7117, 30.2904 ], [ -99.6828, 30.2901 ], [ -99.6129, 30.2895 ], [ -99.5809, 30.2891 ], [ -99.5167, 30.2886 ], [ -99.5013, 30.2887 ], [ -99.4333, 30.2879 ], [ -99.4212, 30.2878 ], [ -99.3578, 30.2872 ], [ -99.3214, 30.2868 ], [ -99.3021, 30.3004 ], [ -99.3024, 30.3495 ], [ -99.3027, 30.3755 ], [ -99.3036, 30.46 ], [ -99.304, 30.4992 ], [ -99.286, 30.4997 ], [ -99.0262, 30.4982 ], [ -99.0003, 30.4981 ], [ -98.9737, 30.4984 ], [ -98.9641, 30.5096 ], [ -98.9645, 30.629 ], [ -98.9642, 30.6644 ], [ -98.9641, 30.6776 ], [ -98.9639, 30.6855 ], [ -98.964, 30.7053 ], [ -98.9636, 30.7502 ], [ -98.9637, 30.7584 ], [ -98.9638, 30.7902 ], [ -98.9639, 30.8081 ], [ -98.9643, 30.8702 ], [ -98.9645, 30.9212 ], [ -98.9463, 30.9212 ], [ -98.7885, 30.9206 ], [ -98.7704, 30.9204 ], [ -98.7323, 30.921 ], [ -98.6573, 30.9216 ], [ -98.6225, 30.9218 ], [ -98.53, 30.9217 ], [ -98.5175, 30.922 ], [ -98.5155, 30.9218 ], [ -98.4756, 30.9216 ], [ -98.458, 30.9215 ], [ -98.4482, 30.9215 ], [ -98.441, 30.9262 ], [ -98.4343, 30.9271 ], [ -98.4301, 30.9266 ], [ -98.4221, 30.9244 ], [ -98.4185, 30.9266 ], [ -98.4165, 30.933 ], [ -98.4194, 30.9466 ], [ -98.4505, 30.9586 ], [ -98.4525, 30.9695 ], [ -98.4566, 31.0036 ], [ -98.4581, 31.0119 ], [ -98.4483, 31.0167 ], [ -98.4431, 31.0199 ], [ -98.4396, 31.0294 ], [ -98.4427, 31.0342 ], [ -98.4481, 31.0416 ], [ -98.4514, 31.0435 ], [ -98.4589, 31.0458 ], [ -98.4655, 31.048 ], [ -98.4683, 31.0495 ], [ -98.4781, 31.0554 ], [ -98.4834, 31.0612 ], [ -98.4834, 31.0671 ], [ -98.4762, 31.0705 ], [ -98.4644, 31.076 ], [ -98.4565, 31.079 ], [ -98.4617, 31.09 ], [ -98.4674, 31.0915 ], [ -98.47, 31.093 ], [ -98.4641, 31.0995 ], [ -98.4555, 31.1087 ], [ -98.4615, 31.111 ], [ -98.4662, 31.1073 ], [ -98.4797, 31.1182 ], [ -98.4819, 31.1188 ], [ -98.487, 31.1143 ], [ -98.4905, 31.1152 ], [ -98.4958, 31.1185 ], [ -98.5005, 31.1175 ], [ -98.5049, 31.1091 ], [ -98.5122, 31.1055 ], [ -98.5159, 31.0965 ], [ -98.5213, 31.09 ], [ -98.5265, 31.09 ], [ -98.5279, 31.0916 ], [ -98.5456, 31.1298 ], [ -98.5391, 31.1314 ], [ -98.5279, 31.1374 ], [ -98.5273, 31.1431 ], [ -98.5284, 31.1458 ], [ -98.5069, 31.1592 ], [ -98.5043, 31.1625 ], [ -98.5074, 31.1669 ], [ -98.5206, 31.1653 ], [ -98.5321, 31.1738 ], [ -98.5382, 31.1837 ], [ -98.5361, 31.1868 ], [ -98.5544, 31.1919 ], [ -98.5603, 31.1935 ], [ -98.5688, 31.1984 ], [ -98.5691, 31.2052 ], [ -98.5673, 31.212 ], [ -98.5645, 31.2185 ], [ -98.563, 31.2247 ], [ -98.5626, 31.2306 ], [ -98.5632, 31.236 ], [ -98.5656, 31.2426 ], [ -98.5678, 31.2444 ], [ -98.5762, 31.258 ], [ -98.5779, 31.2605 ], [ -98.5798, 31.2654 ], [ -98.5917, 31.2665 ], [ -98.5938, 31.2642 ], [ -98.5937, 31.2579 ], [ -98.5972, 31.2537 ], [ -98.614, 31.2637 ], [ -98.6176, 31.2663 ], [ -98.6253, 31.2698 ], [ -98.6148, 31.282 ], [ -98.6094, 31.2831 ], [ -98.5975, 31.2967 ], [ -98.5964, 31.3049 ], [ -98.5903, 31.3162 ], [ -98.5869, 31.3194 ], [ -98.5953, 31.3244 ], [ -98.5953, 31.3219 ], [ -98.5968, 31.3192 ], [ -98.6005, 31.3156 ], [ -98.6068, 31.3121 ], [ -98.6282, 31.3097 ], [ -98.6226, 31.3255 ], [ -98.6289, 31.3258 ], [ -98.6347, 31.3227 ], [ -98.6412, 31.3158 ], [ -98.6476, 31.3148 ], [ -98.649, 31.3208 ], [ -98.6431, 31.3273 ], [ -98.6427, 31.3343 ], [ -98.6448, 31.3432 ], [ -98.6386, 31.347 ], [ -98.6409, 31.3555 ], [ -98.6437, 31.3575 ], [ -98.6505, 31.3575 ], [ -98.6524, 31.3626 ], [ -98.6539, 31.37 ], [ -98.6562, 31.3694 ], [ -98.663, 31.3642 ], [ -98.6686, 31.3623 ], [ -98.6793, 31.349 ], [ -98.6854, 31.3453 ], [ -98.6897, 31.3441 ], [ -98.6991, 31.3388 ], [ -98.7021, 31.339 ], [ -98.7076, 31.3472 ], [ -98.7127, 31.3544 ], [ -98.7048, 31.3574 ], [ -98.7031, 31.362 ], [ -98.7048, 31.3689 ], [ -98.7044, 31.3764 ], [ -98.7043, 31.3801 ], [ -98.6932, 31.3887 ], [ -98.6957, 31.3968 ], [ -98.7086, 31.4071 ], [ -98.731, 31.4296 ], [ -98.7346, 31.4301 ], [ -98.7375, 31.4212 ], [ -98.7368, 31.4181 ], [ -98.7423, 31.4056 ], [ -98.751, 31.4036 ], [ -98.7569, 31.3821 ], [ -98.7584, 31.3804 ], [ -98.7717, 31.3805 ], [ -98.7784, 31.3773 ], [ -98.7753, 31.3935 ], [ -98.7744, 31.4045 ], [ -98.7731, 31.411 ], [ -98.7753, 31.4131 ], [ -98.7832, 31.4105 ], [ -98.8161, 31.4095 ], [ -98.8276, 31.4113 ], [ -98.8311, 31.4101 ], [ -98.8348, 31.4104 ], [ -98.8492, 31.4124 ], [ -98.8516, 31.4127 ], [ -98.8526, 31.4204 ], [ -98.8555, 31.4253 ], [ -98.867, 31.4411 ], [ -98.8736, 31.4444 ], [ -98.9038, 31.4362 ], [ -98.9088, 31.4343 ], [ -98.9346, 31.4422 ], [ -98.9356, 31.4482 ], [ -98.9535, 31.4487 ], [ -98.9608, 31.439 ], [ -98.9769, 31.4558 ], [ -98.9837, 31.4599 ], [ -98.9895, 31.4767 ], [ -98.9884, 31.4826 ], [ -98.9708, 31.4968 ], [ -98.9464, 31.5101 ], [ -98.9409, 31.5132 ], [ -98.9225, 31.5244 ], [ -98.8997, 31.5382 ], [ -98.865, 31.5594 ], [ -98.8349, 31.5775 ], [ -98.8025, 31.5971 ], [ -98.7922, 31.6034 ], [ -98.78, 31.6107 ], [ -98.7764, 31.6251 ], [ -98.768, 31.6573 ], [ -98.7663, 31.6637 ], [ -98.7616, 31.6821 ], [ -98.7564, 31.6884 ], [ -98.7421, 31.6904 ], [ -98.6779, 31.7145 ], [ -98.6836, 31.723 ], [ -98.6934, 31.7374 ], [ -98.696, 31.7413 ], [ -98.7034, 31.7525 ], [ -98.7104, 31.7628 ], [ -98.7258, 31.7854 ], [ -98.7337, 31.797 ], [ -98.7393, 31.8053 ], [ -98.7649, 31.8431 ], [ -98.7834, 31.8704 ], [ -98.7861, 31.8751 ], [ -98.8097, 31.9094 ], [ -98.8222, 31.9276 ], [ -98.8346, 31.9459 ], [ -98.8432, 31.9583 ], [ -98.8593, 31.9819 ], [ -98.8615, 31.985 ], [ -98.8892, 32.0261 ], [ -98.9033, 32.047 ], [ -98.906, 32.0508 ], [ -98.9188, 32.0697 ], [ -98.9441, 32.0784 ], [ -98.9635, 32.0787 ], [ -99.0494, 32.079 ], [ -99.0546, 32.0791 ], [ -99.0784, 32.0793 ], [ -99.1191, 32.08 ], [ -99.1178, 32.1746 ], [ -99.1177, 32.1841 ], [ -99.1176, 32.1977 ], [ -99.1173, 32.2697 ], [ -99.1172, 32.2821 ], [ -99.117, 32.2973 ], [ -99.1164, 32.3655 ], [ -99.1154, 32.4149 ], [ -99.1151, 32.4446 ], [ -99.115, 32.4708 ], [ -99.1141, 32.5064 ], [ -99.1142, 32.5096 ], [ -99.0968, 32.5148 ], [ -99.0961, 32.5166 ], [ -99.0961, 32.5966 ], [ -99.0958, 32.8079 ], [ -99.096, 32.9441 ], [ -99.0936, 32.957 ], [ -99.0391, 32.9569 ], [ -99.0049, 32.9568 ], [ -99.0004, 32.9567 ], [ -98.9859, 32.9567 ], [ -98.9615, 32.9569 ], [ -98.9509, 32.9593 ], [ -98.951, 32.9622 ], [ -98.9511, 32.9835 ], [ -98.9513, 33.0141 ], [ -98.9516, 33.0454 ], [ -98.9521, 33.1109 ], [ -98.9523, 33.1251 ], [ -98.9526, 33.1671 ], [ -98.9527, 33.1786 ], [ -98.953, 33.2238 ], [ -98.9532, 33.2345 ], [ -98.9532, 33.24 ], [ -98.9532, 33.2509 ], [ -98.9534, 33.2674 ], [ -98.9536, 33.2983 ], [ -98.954, 33.3751 ], [ -98.954, 33.387 ], [ -98.9597, 33.3975 ] ] ] } },
{ "type": "Feature", "properties": { "i": 114 }, "geometry": { "type": "MultiPolygon", "coordinates": [ [ [ [ -64.782, 17.7837 ], [ -64.894, 17.7455 ], [ -64.8832, 17.6856 ], [ -64.7178, 17.6988 ], [ -64.611, 17.7349 ], [ -64.6572, 17.7631 ], [ -64.7089, 17.747 ], [ -64.782, 17.7837 ] ] ], [ [ [ -67.8544, 18.1141 ], [ -67.9323, 18.1132 ], [ -67.9461, 18.0829 ], [ -67.8981, 18.0533 ], [ -67.8436, 18.0851 ], [ -67.8544, 18.1141 ] ] ], [ [ [ -65.3978, 18.1621 ], [ -65.4373, 18.1576 ], [ -65.5462, 18.1193 ], [ -65.5693, 18.0916 ], [ -65.4232, 18.0957 ], [ -65.3751, 18.1234 ], [ -65.3978, 18.1621 ] ] ], [ [ [ -64.9379, 18.3824 ], [ -64.9906, 18.3724 ], [ -64.9774, 18.3375 ], [ -64.9281, 18.3407 ], [ -64.8981, 18.3098 ], [ -64.8459, 18.3319 ], [ -64.9379, 18.3824 ] ] ], [ [ [ -67.0906, 18.516 ], [ -67.143, 18.5053 ], [ -67.1687, 18.4791 ], [ -67.1566, 18.419 ], [ -67.2713, 18.3627 ], [ -67.2345, 18.2994 ], [ -67.1993, 18.2921 ], [ -67.1537, 18.1976 ], [ -67.1802, 18.1687 ], [ -67.1987, 18.0475 ], [ -67.1728, 18.0237 ], [ -67.2152, 17.9836 ], [ -67.1835, 17.9627 ], [ -67.1025, 17.9463 ], [ -67.0666, 17.9752 ], [ -67.0245, 17.9719 ], [ -66.937, 17.9323 ], [ -66.9109, 17.9549 ], [ -66.8645, 17.9456 ], [ -66.8094, 17.965 ], [ -66.7705, 18.0059 ], [ -66.6626, 17.969 ], [ -66.5798, 17.9617 ], [ -66.4613, 17.9903 ], [ -66.3841, 17.9406 ], [ -66.3252, 17.9785 ], [ -66.2496, 17.9325 ], [ -66.2063, 17.9631 ], [ -66.1561, 17.9292 ], [ -66.0855, 17.965 ], [ -66.0462, 17.9552 ], [ -65.9143, 17.9768 ], [ -65.8346, 18.0135 ], [ -65.8041, 18.0577 ], [ -65.7745, 18.1348 ], [ -65.718, 18.1902 ], [ -65.6607, 18.208 ], [ -65.6231, 18.248 ], [ -65.6268, 18.3313 ], [ -65.654, 18.366 ], [ -65.7396, 18.3802 ], [ -65.8341, 18.4318 ], [ -65.9585, 18.4514 ], [ -66.0385, 18.4542 ], [ -66.0887, 18.4386 ], [ -66.1952, 18.4659 ], [ -66.3377, 18.4856 ], [ -66.437, 18.4867 ], [ -66.4668, 18.4688 ], [ -66.5591, 18.4901 ], [ -66.6742, 18.489 ], [ -66.7078, 18.4728 ], [ -66.7962, 18.4934 ], [ -66.9014, 18.4833 ], [ -66.9778, 18.4917 ], [ -67.0153, 18.5098 ], [ -67.0906, 18.516 ] ] ] ] } },
{ "type": "Feature", "properties": { "i": 115 }, "geometry": { "type": "Polygon", "coordinates": [ [ [ -111.0468, 42.0009 ], [ -111.5418, 41.9994 ], [ -112.1741, 41.9968 ], [ -112.3648, 42.0011 ], [ -112.3758, 42.0013 ], [ -113.341, 41.9947 ], [ -113.8946, 41.9881 ], [ -114.0416, 41.9927 ], [ -114.0413, 41.9815 ], [ -114.0404, 41.3753 ], [ -114.0429, 40.7947 ], [ -114.0462, 40.3987 ], [ -114.0465, 39.9957 ], [ -114.0471, 39.5003 ], [ -114.049, 38.9863 ], [ -114.0498, 38.6767 ], [ -114.0501, 38.2499 ], [ -114.0496, 37.8253 ], [ -114.0529, 37.5933 ], [ -114.0503, 37.0003 ], [ -113.005, 37.0 ], [ -112.5401, 36.9997 ], [ -112.0007, 37.0009 ], [ -111.2776, 37.0005 ], [ -110.9143, 37.0028 ], [ -110.7952, 37.0711 ], [ -110.7272, 37.0711 ], [ -110.6626, 37.0932 ], [ -110.6521, 37.1692 ], [ -110.6294, 37.201 ], [ -110.4918, 37.1264 ], [ -110.4536, 37.0784 ], [ -110.3165, 37.2375 ], [ -110.2424, 37.2668 ], [ -110.2066, 37.3182 ], [ -110.1486, 37.3152 ], [ -110.0733, 37.2403 ], [ -109.9914, 37.212 ], [ -109.9452, 37.244 ], [ -110.0378, 37.2585 ], [ -110.0938, 37.3308 ], [ -110.2391, 37.3311 ], [ -110.2391, 37.3166 ], [ -110.438, 37.317 ], [ -110.5767, 37.2517 ], [ -110.6379, 37.2588 ], [ -110.6381, 37.3023 ], [ -110.6911, 37.302 ], [ -110.692, 37.3889 ], [ -110.6197, 37.3889 ], [ -110.6197, 37.4471 ], [ -110.5284, 37.447 ], [ -110.5292, 37.6212 ], [ -110.4562, 37.6211 ], [ -110.4382, 37.6648 ], [ -110.3839, 37.6645 ], [ -110.3757, 37.771 ], [ -110.3392, 37.7711 ], [ -110.3393, 37.8586 ], [ -110.1756, 37.8584 ], [ -110.1757, 37.9306 ], [ -110.1202, 37.9888 ], [ -110.0109, 37.9887 ], [ -109.9962, 38.1007 ], [ -109.9334, 38.1362 ], [ -109.8911, 38.1809 ], [ -109.9094, 38.2708 ], [ -109.9845, 38.3553 ], [ -109.9726, 38.3844 ], [ -110.0146, 38.4464 ], [ -109.9946, 38.5276 ], [ -110.1129, 38.7316 ], [ -110.0819, 38.7567 ], [ -110.1061, 38.8106 ], [ -110.1791, 38.9082 ], [ -110.1339, 39.0012 ], [ -110.1564, 39.0366 ], [ -110.1179, 39.0962 ], [ -110.1003, 39.1879 ], [ -110.0539, 39.2298 ], [ -110.0719, 39.2901 ], [ -110.0226, 39.3516 ], [ -110.0155, 39.4858 ], [ -110.0378, 39.5674 ], [ -110.0105, 39.6459 ], [ -109.9844, 39.6648 ], [ -109.9868, 39.741 ], [ -109.9298, 39.7491 ], [ -109.9192, 39.7862 ], [ -109.9676, 39.806 ], [ -109.9761, 40.158 ], [ -109.9778, 40.8099 ], [ -109.9996, 40.8136 ], [ -110.0003, 40.9973 ], [ -110.0489, 40.9976 ], [ -110.048, 41.5774 ], [ -110.7131, 41.5789 ], [ -111.0458, 41.5797 ], [ -111.0468, 42.0009 ] ] ] } },
{ "type": "Feature", "properties": { "i": 116 }, "geometry": { "type": "MultiPolygon", "coordinates": [ [ [ [ -122.2985, 38.1552 ], [ -122.3621, 38.1556 ], [ -122.3662, 38.1556 ], [ -122.4056, 38.1557 ], [ -122.3116, 38.1133 ], [ -122.2985, 38.1552 ] ] ], [ [ [ -121.5809, 38.0934 ], [ -121.5782, 38.0873 ], [ -121.5753, 38.0716 ], [ -121.5864, 38.0589 ], [ -121.5857, 38.0487 ], [ -121.5851, 38.0336 ], [ -121.5829, 38.0386 ], [ -121.5778, 38.0426 ], [ -121.5736, 38.0381 ], [ -121.5682, 38.0307 ], [ -121.5662, 38.0252 ], [ -121.5644, 38.0233 ], [ -121.5629, 38.0172 ], [ -121.5721, 38.0201 ], [ -121.5743, 38.0187 ], [ -121.5698, 38.0135 ], [ -121.5762, 38.0129 ], [ -121.5721, 38.0009 ], [ -121.5771, 38.0002 ], [ -121.5799, 37.9991 ], [ -121.5815, 37.9908 ], [ -121.5823, 37.9876 ], [ -121.567, 37.9621 ], [ -121.5714, 37.9595 ], [ -121.5741, 37.9562 ], [ -121.5658, 37.9561 ], [ -121.5698, 37.9503 ], [ -121.5635, 37.9485 ], [ -121.5633, 37.9414 ], [ -121.5606, 37.9307 ], [ -121.564, 37.9221 ], [ -121.5666, 37.9108 ], [ -121.5717, 37.904 ], [ -121.5682, 37.901 ], [ -121.5695, 37.8945 ], [ -121.5765, 37.8646 ], [ -121.5673, 37.8596 ], [ -121.5631, 37.8582 ], [ -121.5605, 37.8611 ], [ -121.5566, 37.8607 ], [ -121.5504, 37.8582 ], [ -121.5427, 37.8592 ], [ -121.5422, 37.8511 ], [ -121.5365, 37.8513 ], [ -121.5405, 37.8413 ], [ -121.5476, 37.8356 ], [ -121.5529, 37.8268 ], [ -121.557, 37.743 ], [ -121.557, 37.7077 ], [ -121.557, 37.6701 ], [ -121.557, 37.5858 ], [ -121.5567, 37.5427 ], [ -121.5505, 37.5393 ], [ -121.5476, 37.5355 ], [ -121.5429, 37.5314 ], [ -121.5284, 37.5273 ], [ -121.5086, 37.5248 ], [ -121.4992, 37.5216 ], [ -121.4956, 37.5084 ], [ -121.4716, 37.4826 ], [ -121.4769, 37.4631 ], [ -121.4727, 37.4566 ], [ -121.4641, 37.4532 ], [ -121.462, 37.4399 ], [ -121.469, 37.4319 ], [ -121.4692, 37.4251 ], [ -121.472, 37.4238 ], [ -121.4564, 37.4067 ], [ -121.4557, 37.401 ], [ -121.4583, 37.3981 ], [ -121.451, 37.3936 ], [ -121.4456, 37.3931 ], [ -121.4355, 37.396 ], [ -121.4241, 37.3936 ], [ -121.41, 37.3828 ], [ -121.4121, 37.378 ], [ -121.421, 37.3546 ], [ -121.4092, 37.3306 ], [ -121.4067, 37.3124 ], [ -121.4113, 37.308 ], [ -121.4167, 37.3038 ], [ -121.4228, 37.2991 ], [ -121.4261, 37.2961 ], [ -121.4285, 37.2957 ], [ -121.433, 37.294 ], [ -121.4403, 37.2938 ], [ -121.4497, 37.2939 ], [ -121.4492, 37.2898 ], [ -121.4394, 37.2303 ], [ -121.4333, 37.2268 ], [ -121.425, 37.2233 ], [ -121.4212, 37.2154 ], [ -121.4179, 37.2125 ], [ -121.4115, 37.194 ], [ -121.4091, 37.1834 ], [ -121.4093, 37.1808 ], [ -121.413, 37.1727 ], [ -121.4114, 37.1711 ], [ -121.4077, 37.1683 ], [ -121.4047, 37.1564 ], [ -121.399, 37.1505 ], [ -121.3837, 37.1628 ], [ -121.3792, 37.1689 ], [ -121.3742, 37.1733 ], [ -121.3722, 37.1769 ], [ -121.3429, 37.1747 ], [ -121.3373, 37.173 ], [ -121.3272, 37.1662 ], [ -121.3242, 37.1667 ], [ -121.3134, 37.1694 ], [ -121.3083, 37.168 ], [ -121.3026, 37.1681 ], [ -121.2996, 37.166 ], [ -121.295, 37.1692 ], [ -121.2907, 37.1743 ], [ -121.2848, 37.1815 ], [ -121.277, 37.1797 ], [ -121.2743, 37.1765 ], [ -121.2683, 37.1694 ], [ -121.264, 37.163 ], [ -121.2578, 37.1589 ], [ -121.2514, 37.1583 ], [ -121.2453, 37.1581 ], [ -121.2394, 37.1576 ], [ -121.2369, 37.1569 ], [ -121.2354, 37.1482 ], [ -121.232, 37.1396 ], [ -121.2268, 37.1347 ], [ -121.2218, 37.1389 ], [ -121.2081, 37.15 ], [ -121.2006, 37.1559 ], [ -121.1898, 37.1647 ], [ -121.1305, 37.2123 ], [ -121.1095, 37.2292 ], [ -121.1062, 37.2318 ], [ -121.0926, 37.243 ], [ -121.0485, 37.2777 ], [ -121.0365, 37.2874 ], [ -121.0253, 37.2964 ], [ -120.9862, 37.3283 ], [ -120.9724, 37.3388 ], [ -120.9709, 37.3401 ], [ -120.9716, 37.3484 ], [ -120.9735, 37.3693 ], [ -120.9832, 37.3764 ], [ -120.9825, 37.3857 ], [ -120.984, 37.3996 ], [ -120.9692, 37.4055 ], [ -120.959, 37.4095 ], [ -120.9516, 37.4124 ], [ -120.9253, 37.4243 ], [ -120.9165, 37.4279 ], [ -120.9034, 37.4333 ], [ -120.8667, 37.447 ], [ -120.8586, 37.4505 ], [ -120.8409, 37.4565 ], [ -120.7995, 37.4732 ], [ -120.7759, 37.4818 ], [ -120.7671, 37.4854 ], [ -120.7532, 37.491 ], [ -120.7485, 37.4925 ], [ -120.7405, 37.4957 ], [ -120.6819, 37.5185 ], [ -120.6697, 37.5233 ], [ -120.6557, 37.5287 ], [ -120.6358, 37.5364 ], [ -120.5794, 37.5587 ], [ -120.5624, 37.5654 ], [ -120.5503, 37.5701 ], [ -120.5249, 37.5801 ], [ -120.5187, 37.5826 ], [ -120.4907, 37.5933 ], [ -120.4775, 37.5985 ], [ -120.461, 37.6049 ], [ -120.4496, 37.6094 ], [ -120.4472, 37.6103 ], [ -120.4349, 37.6151 ], [ -120.4097, 37.625 ], [ -120.3861, 37.6348 ], [ -120.3839, 37.6379 ], [ -120.3779, 37.6467 ], [ -120.3756, 37.6533 ], [ -120.3796, 37.6569 ], [ -120.3818, 37.6571 ], [ -120.3871, 37.6616 ], [ -120.3894, 37.6641 ], [ -120.3908, 37.6666 ], [ -120.3949, 37.6721 ], [ -120.3933, 37.6755 ], [ -120.3904, 37.6834 ], [ -120.386, 37.6845 ], [ -120.3801, 37.6816 ], [ -120.3665, 37.6801 ], [ -120.3624, 37.6752 ], [ -120.3618, 37.6732 ], [ -120.3557, 37.6755 ], [ -120.3482, 37.6711 ], [ -120.3377, 37.6597 ], [ -120.3332, 37.656 ], [ -120.315, 37.6532 ], [ -120.3114, 37.6548 ], [ -120.3114, 37.6597 ], [ -120.3089, 37.6641 ], [ -120.3119, 37.6745 ], [ -120.3161, 37.6795 ], [ -120.3182, 37.683 ], [ -120.3209, 37.687 ], [ -120.3256, 37.692 ], [ -120.3274, 37.695 ], [ -120.3305, 37.7 ], [ -120.3394, 37.7127 ], [ -120.3428, 37.723 ], [ -120.3389, 37.7268 ], [ -120.3357, 37.727 ], [ -120.3339, 37.7281 ], [ -120.3286, 37.7283 ], [ -120.3264, 37.7268 ], [ -120.3192, 37.7289 ], [ -120.3147, 37.7337 ], [ -120.3023, 37.7343 ], [ -120.2991, 37.7337 ], [ -120.291, 37.7312 ], [ -120.2844, 37.7333 ], [ -120.2855, 37.7414 ], [ -120.2827, 37.7443 ], [ -120.2782, 37.7414 ], [ -120.2725, 37.7379 ], [ -120.269, 37.737 ], [ -120.2669, 37.736 ], [ -120.2604, 37.7336 ], [ -120.2585, 37.7349 ], [ -120.2611, 37.7401 ], [ -120.2576, 37.7446 ], [ -120.2497, 37.7502 ], [ -120.246, 37.7503 ], [ -120.2397, 37.7536 ], [ -120.2407, 37.7586 ], [ -120.2393, 37.7611 ], [ -120.2212, 37.7629 ], [ -120.2067, 37.7632 ], [ -120.2005, 37.7637 ], [ -120.1827, 37.7945 ], [ -120.1776, 37.7955 ], [ -120.1759, 37.7979 ], [ -120.1719, 37.795 ], [ -120.1698, 37.7935 ], [ -120.1645, 37.7892 ], [ -120.1538, 37.7882 ], [ -120.1467, 37.786 ], [ -120.1263, 37.7827 ], [ -120.1189, 37.7898 ], [ -120.1009, 37.8021 ], [ -120.0989, 37.807 ], [ -120.0894, 37.8123 ], [ -120.0915, 37.8155 ], [ -120.09, 37.8222 ], [ -120.086, 37.8233 ], [ -120.0844, 37.8265 ], [ -120.0816, 37.8281 ], [ -120.0757, 37.8275 ], [ -120.0591, 37.8248 ], [ -120.0559, 37.8186 ], [ -120.0551, 37.8158 ], [ -120.0512, 37.812 ], [ -120.0463, 37.8132 ], [ -120.0183, 37.807 ], [ -120.0157, 37.8056 ], [ -120.0131, 37.8038 ], [ -120.0074, 37.8019 ], [ -119.9848, 37.7906 ], [ -119.9782, 37.7879 ], [ -119.9726, 37.7845 ], [ -119.9692, 37.7836 ], [ -119.9634, 37.781 ], [ -119.9591, 37.7768 ], [ -119.9542, 37.7727 ], [ -119.9512, 37.771 ], [ -119.9446, 37.7652 ], [ -119.9384, 37.763 ], [ -119.927, 37.7644 ], [ -119.91, 37.76 ], [ -119.9017, 37.7583 ], [ -119.892, 37.7618 ], [ -119.8778, 37.763 ], [ -119.873, 37.7667 ], [ -119.8732, 37.7695 ], [ -119.8706, 37.7733 ], [ -119.8645, 37.7721 ], [ -119.8624, 37.7692 ], [ -119.861, 37.7828 ], [ -119.8641, 37.783 ], [ -119.8708, 37.7838 ], [ -119.8729, 37.8007 ], [ -119.8599, 37.812 ], [ -119.8546, 37.8146 ], [ -119.8456, 37.8186 ], [ -119.8453, 37.8239 ], [ -119.8368, 37.833 ], [ -119.8338, 37.833 ], [ -119.8268, 37.8678 ], [ -119.8262, 37.8824 ], [ -119.8467, 37.8923 ], [ -119.8843, 37.8923 ], [ -119.8848, 37.9258 ], [ -119.8855, 37.9696 ], [ -119.885, 37.9857 ], [ -119.8818, 38.0036 ], [ -119.8815, 38.0099 ], [ -119.878, 38.0181 ], [ -119.882, 38.0311 ], [ -119.8724, 38.0402 ], [ -119.8667, 38.048 ], [ -119.8638, 38.065 ], [ -119.8612, 38.0672 ], [ -119.8563, 38.0709 ], [ -119.8533, 38.0738 ], [ -119.8458, 38.0818 ], [ -119.8141, 38.0958 ], [ -119.806, 38.0909 ], [ -119.7986, 38.0887 ], [ -119.7936, 38.0907 ], [ -119.7878, 38.0941 ], [ -119.7844, 38.0947 ], [ -119.7788, 38.0948 ], [ -119.7739, 38.0927 ], [ -119.7688, 38.092 ], [ -119.7658, 38.0933 ], [ -119.7549, 38.096 ], [ -119.7523, 38.0963 ], [ -119.7423, 38.0983 ], [ -119.7386, 38.0973 ], [ -119.7256, 38.1069 ], [ -119.7223, 38.1084 ], [ -119.7172, 38.1128 ], [ -119.716, 38.1186 ], [ -119.7135, 38.1202 ], [ -119.7106, 38.1212 ], [ -119.7056, 38.1244 ], [ -119.698, 38.1268 ], [ -119.6932, 38.131 ], [ -119.6874, 38.1347 ], [ -119.6726, 38.1396 ], [ -119.6533, 38.143 ], [ -119.6484, 38.1454 ], [ -119.642, 38.1475 ], [ -119.6256, 38.1604 ], [ -119.6188, 38.1641 ], [ -119.6172, 38.1675 ], [ -119.6079, 38.1734 ], [ -119.6053, 38.1747 ], [ -119.6014, 38.1772 ], [ -119.5973, 38.1822 ], [ -119.6186, 38.1907 ], [ -119.626, 38.1943 ], [ -119.6317, 38.1986 ], [ -119.6176, 38.2304 ], [ -119.6154, 38.2322 ], [ -119.6147, 38.2584 ], [ -119.6155, 38.263 ], [ -119.6313, 38.2709 ], [ -119.6359, 38.2756 ], [ -119.643, 38.2948 ], [ -119.644, 38.3017 ], [ -119.6429, 38.3101 ], [ -119.645, 38.3174 ], [ -119.6451, 38.32 ], [ -119.6384, 38.3274 ], [ -119.635, 38.3298 ], [ -119.6318, 38.3367 ], [ -119.6837, 38.451 ], [ -119.808, 38.5459 ], [ -119.9773, 38.6953 ], [ -120.0013, 38.7513 ], [ -120.0283, 38.8134 ], [ -120.1513, 38.847 ], [ -120.2505, 39.1917 ], [ -120.3802, 39.4465 ], [ -120.4404, 39.4827 ], [ -120.43, 39.5227 ], [ -120.4781, 39.62 ], [ -120.6299, 39.7065 ], [ -120.6465, 39.7066 ], [ -120.6547, 39.6963 ], [ -120.6593, 39.6877 ], [ -120.6685, 39.6826 ], [ -120.6729, 39.681 ], [ -120.6781, 39.6779 ], [ -120.6822, 39.6788 ], [ -120.7035, 39.6923 ], [ -120.7105, 39.6994 ], [ -120.7144, 39.7043 ], [ -120.7173, 39.806 ], [ -120.7502, 39.8663 ], [ -120.7483, 39.901 ], [ -120.8013, 40.0216 ], [ -120.8907, 40.1994 ], [ -120.9007, 40.1921 ], [ -120.9254, 40.1919 ], [ -120.9464, 40.2168 ], [ -120.9462, 40.2208 ], [ -121.0024, 40.221 ], [ -121.0464, 40.2564 ], [ -121.0611, 40.2823 ], [ -121.0611, 40.3037 ], [ -121.0608, 40.3305 ], [ -121.0613, 40.435 ], [ -121.0716, 40.4466 ], [ -121.0805, 40.4467 ], [ -121.0892, 40.4467 ], [ -121.2301, 40.446 ], [ -121.2302, 40.5396 ], [ -121.2565, 40.5396 ], [ -121.2565, 40.5666 ], [ -121.2652, 40.5875 ], [ -121.3228, 40.5875 ], [ -121.3222, 40.6249 ], [ -121.3214, 40.7059 ], [ -121.3214, 40.7106 ], [ -121.3211, 40.78 ], [ -121.321, 40.7873 ], [ -121.3212, 40.8328 ], [ -121.3212, 40.8661 ], [ -121.3319, 40.9137 ], [ -121.3311, 40.9558 ], [ -121.3312, 40.9609 ], [ -121.3311, 41.0165 ], [ -121.3314, 41.0661 ], [ -121.3314, 41.0694 ], [ -121.3315, 41.0726 ], [ -121.3318, 41.0983 ], [ -121.3313, 41.1838 ], [ -121.3469, 41.1839 ], [ -121.3897, 41.1839 ], [ -121.4723, 41.1832 ], [ -121.4872, 41.1831 ], [ -121.5618, 41.1839 ], [ -122.0147, 41.1832 ], [ -122.119, 41.183 ], [ -122.1854, 41.1844 ], [ -122.2257, 41.1844 ], [ -122.2304, 41.1845 ], [ -122.2721, 41.1849 ], [ -122.3761, 41.1829 ], [ -122.4047, 41.1828 ], [ -122.4947, 41.1827 ], [ -122.4984, 41.1818 ], [ -122.4689, 41.1698 ], [ -122.4457, 41.1586 ], [ -122.4462, 41.134 ], [ -122.4467, 41.1317 ], [ -122.4676, 41.0967 ], [ -122.473, 41.095 ], [ -122.4811, 41.0912 ], [ -122.4964, 41.0866 ], [ -122.5261, 41.0788 ], [ -122.5359, 41.0759 ], [ -122.5379, 41.0746 ], [ -122.5378, 41.0674 ], [ -122.5285, 41.0644 ], [ -122.5258, 41.063 ], [ -122.5224, 41.0523 ], [ -122.5283, 41.025 ], [ -122.5282, 41.0176 ], [ -122.5446, 41.0046 ], [ -122.5633, 40.9908 ], [ -122.584, 40.9838 ], [ -122.6008, 40.9719 ], [ -122.6074, 40.9569 ], [ -122.6043, 40.9407 ], [ -122.6017, 40.9045 ], [ -122.6244, 40.8797 ], [ -122.6266, 40.8731 ], [ -122.6612, 40.8313 ], [ -122.6635, 40.8296 ], [ -122.6612, 40.8186 ], [ -122.6576, 40.8126 ], [ -122.6606, 40.7918 ], [ -122.6621, 40.7842 ], [ -122.6902, 40.7623 ], [ -122.6925, 40.761 ], [ -122.7143, 40.7096 ], [ -122.7252, 40.6938 ], [ -122.7519, 40.6897 ], [ -122.7517, 40.6869 ], [ -122.7495, 40.6834 ], [ -122.7339, 40.6584 ], [ -122.7312, 40.6455 ], [ -122.7322, 40.6346 ], [ -122.7299, 40.6349 ], [ -122.7068, 40.6108 ], [ -122.6998, 40.5897 ], [ -122.6933, 40.5806 ], [ -122.6933, 40.5768 ], [ -122.6972, 40.5707 ], [ -122.6991, 40.5694 ], [ -122.723, 40.5751 ], [ -122.7436, 40.5554 ], [ -122.7462, 40.5544 ], [ -122.7626, 40.5558 ], [ -122.7824, 40.5318 ], [ -122.7885, 40.5279 ], [ -122.7935, 40.5147 ], [ -122.8086, 40.5113 ], [ -122.867, 40.4819 ], [ -122.8741, 40.4808 ], [ -122.8839, 40.4742 ], [ -122.8942, 40.4596 ], [ -122.912, 40.4473 ], [ -122.9196, 40.4488 ], [ -122.9429, 40.4272 ], [ -122.9458, 40.4255 ], [ -122.9527, 40.4227 ], [ -122.9617, 40.4256 ], [ -122.9754, 40.4196 ], [ -122.982, 40.4184 ], [ -122.996, 40.4184 ], [ -122.9979, 40.4097 ], [ -123.0145, 40.3868 ], [ -123.0346, 40.3641 ], [ -123.0409, 40.3585 ], [ -123.0441, 40.3528 ], [ -123.0683, 40.3317 ], [ -123.065, 40.3244 ], [ -123.0673, 40.3107 ], [ -123.0656, 40.2866 ], [ -123.0277, 40.2635 ], [ -123.0181, 40.2624 ], [ -122.9985, 40.2524 ], [ -122.9963, 40.2519 ], [ -122.9761, 40.2279 ], [ -122.9762, 40.2045 ], [ -122.9718, 40.1886 ], [ -122.9802, 40.1774 ], [ -122.9867, 40.1503 ], [ -122.9876, 40.1475 ], [ -122.9866, 40.1449 ], [ -122.9687, 40.139 ], [ -122.963, 40.1035 ], [ -122.9665, 40.089 ], [ -122.9682, 40.0851 ], [ -122.9729, 40.0771 ], [ -122.9587, 40.0638 ], [ -122.9528, 40.0593 ], [ -122.9499, 40.0515 ], [ -122.9496, 40.0492 ], [ -122.9498, 40.0315 ], [ -122.9551, 40.0225 ], [ -122.9559, 40.0192 ], [ -122.9498, 40.0131 ], [ -122.9496, 40.0098 ], [ -122.9484, 39.9961 ], [ -122.9393, 39.9917 ], [ -122.9354, 39.9866 ], [ -122.9366, 39.9813 ], [ -122.9266, 39.9574 ], [ -122.9265, 39.9505 ], [ -122.9244, 39.9443 ], [ -122.9208, 39.9414 ], [ -122.9105, 39.936 ], [ -122.9201, 39.9185 ], [ -122.9309, 39.9119 ], [ -122.9433, 39.9095 ], [ -122.9497, 39.8896 ], [ -122.9497, 39.8803 ], [ -122.9529, 39.8632 ], [ -122.9469, 39.8328 ], [ -122.9374, 39.7552 ], [ -122.9127, 39.729 ], [ -122.8915, 39.666 ], [ -122.8853, 39.5837 ], [ -122.7356, 39.5807 ], [ -122.7391, 39.3839 ], [ -122.7529, 39.3459 ], [ -122.7622, 39.3438 ], [ -122.7655, 39.3416 ], [ -122.7683, 39.3255 ], [ -122.7728, 39.3229 ], [ -122.7752, 39.3152 ], [ -122.7747, 39.3119 ], [ -122.7565, 39.2845 ], [ -122.6351, 39.2227 ], [ -122.5724, 39.2045 ], [ -122.516, 39.2085 ], [ -122.4952, 39.1353 ], [ -122.49, 39.053 ], [ -122.411, 39.0187 ], [ -122.4091, 38.9638 ], [ -122.3767, 38.9424 ], [ -122.367, 38.9384 ], [ -122.3497, 38.9287 ], [ -122.3425, 38.9274 ], [ -122.3421, 38.9261 ], [ -122.341, 38.9255 ], [ -122.3653, 38.925 ], [ -122.4039, 38.9253 ], [ -122.4215, 38.9036 ], [ -122.4045, 38.8791 ], [ -122.398, 38.8747 ], [ -122.3956, 38.8719 ], [ -122.3917, 38.8678 ], [ -122.3921, 38.8602 ], [ -122.3877, 38.8557 ], [ -122.3829, 38.8512 ], [ -122.3519, 38.8363 ], [ -122.3413, 38.8421 ], [ -122.3147, 38.8396 ], [ -122.3076, 38.8411 ], [ -122.3053, 38.8418 ], [ -122.3027, 38.8411 ], [ -122.2885, 38.8394 ], [ -122.2817, 38.8246 ], [ -122.2764, 38.8174 ], [ -122.2693, 38.8019 ], [ -122.2647, 38.7961 ], [ -122.256, 38.7818 ], [ -122.253, 38.7722 ], [ -122.2497, 38.7546 ], [ -122.2404, 38.743 ], [ -122.2268, 38.7265 ], [ -122.2255, 38.7226 ], [ -122.2251, 38.7095 ], [ -122.2242, 38.7 ], [ -122.218, 38.6949 ], [ -122.2148, 38.6937 ], [ -122.2083, 38.6948 ], [ -122.2054, 38.6922 ], [ -122.2019, 38.6865 ], [ -122.2002, 38.684 ], [ -122.203, 38.6778 ], [ -122.1983, 38.6694 ], [ -122.1929, 38.6647 ], [ -122.1816, 38.6576 ], [ -122.1768, 38.6583 ], [ -122.1718, 38.6565 ], [ -122.167, 38.6534 ], [ -122.1651, 38.6497 ], [ -122.163, 38.644 ], [ -122.1657, 38.6414 ], [ -122.1615, 38.6348 ], [ -122.1651, 38.6318 ], [ -122.1695, 38.6272 ], [ -122.1683, 38.6195 ], [ -122.1636, 38.6188 ], [ -122.1613, 38.6195 ], [ -122.1575, 38.6226 ], [ -122.1553, 38.6231 ], [ -122.1513, 38.6245 ], [ -122.1513, 38.6224 ], [ -122.1413, 38.6099 ], [ -122.1329, 38.5926 ], [ -122.127, 38.576 ], [ -122.1214, 38.5609 ], [ -122.1189, 38.5528 ], [ -122.1167, 38.5451 ], [ -122.1147, 38.5398 ], [ -122.1145, 38.5367 ], [ -122.1126, 38.5269 ], [ -122.1063, 38.5083 ], [ -122.1116, 38.4767 ], [ -122.1236, 38.4476 ], [ -122.1255, 38.4382 ], [ -122.1265, 38.4322 ], [ -122.1225, 38.4213 ], [ -122.1192, 38.4165 ], [ -122.1147, 38.4129 ], [ -122.1097, 38.4053 ], [ -122.0937, 38.3893 ], [ -122.086, 38.38 ], [ -122.0765, 38.3635 ], [ -122.0639, 38.3335 ], [ -122.0627, 38.325 ], [ -122.1146, 38.3157 ], [ -122.1728, 38.3159 ], [ -122.1919, 38.3157 ], [ -122.2025, 38.3049 ], [ -122.2013, 38.2976 ], [ -122.2015, 38.2893 ], [ -122.1965, 38.2721 ], [ -122.2116, 38.2724 ], [ -122.2141, 38.2699 ], [ -122.2167, 38.2634 ], [ -122.2069, 38.2588 ], [ -122.1933, 38.2564 ], [ -122.1952, 38.2507 ], [ -122.201, 38.2494 ], [ -122.2101, 38.2517 ], [ -122.2113, 38.2481 ], [ -122.2089, 38.2445 ], [ -122.1943, 38.2244 ], [ -122.1962, 38.2189 ], [ -122.1955, 38.2157 ], [ -122.2005, 38.2111 ], [ -122.2051, 38.2042 ], [ -122.2056, 38.1975 ], [ -122.2089, 38.1727 ], [ -122.1945, 38.1647 ], [ -122.2904, 38.1552 ], [ -122.2255, 38.065 ], [ -122.1525, 38.0426 ], [ -122.0675, 38.1067 ], [ -122.0058, 38.0904 ], [ -121.8404, 38.0769 ], [ -121.7873, 38.0605 ], [ -121.7854, 38.0312 ], [ -121.7358, 38.0336 ], [ -121.6843, 38.0638 ], [ -121.6862, 38.0858 ], [ -121.6668, 38.0989 ], [ -121.6044, 38.1099 ], [ -121.5739, 38.0964 ], [ -121.5788, 38.0949 ], [ -121.5809, 38.0934 ] ] ] ] } },
{ "type": "Feature", "properties": { "i": 117 }, "geometry": { "type": "MultiPolygon", "coordinates": [ [ [ [ -85.1214, 29.6883 ], [ -85.2146, 29.6813 ], [ -85.1427, 29.6354 ], [ -85.098, 29.6327 ], [ -85.0747, 29.6733 ], [ -85.1214, 29.6883 ] ] ], [ [ [ -82.9955, 31.7803 ], [ -82.9999, 31.7804 ], [ -83.0097, 31.7778 ], [ -83.0175, 31.7795 ], [ -83.0268, 31.7787 ], [ -83.0306, 31.7811 ], [ -83.0353, 31.7864 ], [ -83.0391, 31.7871 ], [ -83.0419, 31.7911 ], [ -83.0464, 31.7902 ], [ -83.0565, 31.7922 ], [ -83.0626, 31.7945 ], [ -83.0691, 31.7965 ], [ -83.0725, 31.8013 ], [ -83.0791, 31.8017 ], [ -83.0848, 31.8105 ], [ -83.0887, 31.8094 ], [ -83.0952, 31.808 ], [ -83.1011, 31.8114 ], [ -83.1065, 31.8187 ], [ -83.1088, 31.8122 ], [ -83.1296, 31.8104 ], [ -83.136, 31.8137 ], [ -83.1398, 31.8179 ], [ -83.1336, 31.8224 ], [ -83.148, 31.8243 ], [ -83.153, 31.8267 ], [ -83.1529, 31.8318 ], [ -83.1606, 31.8354 ], [ -83.1618, 31.8378 ], [ -83.1716, 31.8419 ], [ -83.1748, 31.8453 ], [ -83.1824, 31.8514 ], [ -83.1909, 31.8492 ], [ -83.2255, 31.8448 ], [ -83.2499, 31.8454 ], [ -83.274, 31.8455 ], [ -83.2978, 31.8457 ], [ -83.3092, 31.8459 ], [ -83.3416, 31.8463 ], [ -83.3667, 31.8467 ], [ -83.4019, 31.8465 ], [ -83.4442, 31.847 ], [ -83.4549, 31.8471 ], [ -83.4735, 31.8472 ], [ -83.4802, 31.8473 ], [ -83.4945, 31.8475 ], [ -83.5038, 31.8475 ], [ -83.5297, 31.8478 ], [ -83.5434, 31.8479 ], [ -83.5527, 31.8532 ], [ -83.5735, 31.8534 ], [ -83.5865, 31.8538 ], [ -83.6122, 31.8541 ], [ -83.6125, 31.8163 ], [ -83.6248, 31.8041 ], [ -83.6612, 31.8043 ], [ -83.671, 31.8044 ], [ -83.7299, 31.8046 ], [ -83.7608, 31.8041 ], [ -83.7794, 31.8038 ], [ -83.7935, 31.8036 ], [ -83.802, 31.8035 ], [ -83.8157, 31.8112 ], [ -83.8202, 31.8124 ], [ -83.8274, 31.8101 ], [ -83.8324, 31.8136 ], [ -83.8391, 31.8235 ], [ -83.8552, 31.8275 ], [ -83.8614, 31.8365 ], [ -83.8682, 31.8369 ], [ -83.8755, 31.8376 ], [ -83.8786, 31.8373 ], [ -83.8942, 31.8412 ], [ -83.8999, 31.8419 ], [ -83.9064, 31.8441 ], [ -83.9187, 31.8474 ], [ -83.9281, 31.8456 ], [ -83.9373, 31.845 ], [ -83.938, 31.8527 ], [ -83.9378, 31.8548 ], [ -83.9331, 31.8592 ], [ -83.9307, 31.8603 ], [ -83.9284, 31.8703 ], [ -83.9305, 31.8753 ], [ -83.9316, 31.8776 ], [ -83.9314, 31.8847 ], [ -83.9307, 31.8906 ], [ -83.9325, 31.8964 ], [ -83.923, 31.9088 ], [ -83.9674, 31.9123 ], [ -83.9948, 31.9127 ], [ -84.0108, 31.9136 ], [ -84.033, 31.9137 ], [ -84.0455, 31.9138 ], [ -84.0547, 31.9138 ], [ -84.0661, 31.9139 ], [ -84.0877, 31.914 ], [ -84.1349, 31.9141 ], [ -84.1469, 31.9143 ], [ -84.1643, 31.9145 ], [ -84.2255, 31.9153 ], [ -84.2587, 31.9159 ], [ -84.2867, 31.9157 ], [ -84.2935, 31.9155 ], [ -84.3196, 31.9159 ], [ -84.3381, 31.8998 ], [ -84.3386, 31.8752 ], [ -84.3381, 31.8735 ], [ -84.3472, 31.8782 ], [ -84.3499, 31.8813 ], [ -84.3594, 31.8891 ], [ -84.3623, 31.8922 ], [ -84.3653, 31.8962 ], [ -84.3731, 31.9009 ], [ -84.3832, 31.9166 ], [ -84.3899, 31.9208 ], [ -84.3927, 31.9228 ], [ -84.3977, 31.9258 ], [ -84.401, 31.931 ], [ -84.4067, 31.9363 ], [ -84.4092, 31.937 ], [ -84.4189, 31.9417 ], [ -84.4267, 31.9486 ], [ -84.4293, 31.9515 ], [ -84.4316, 31.9522 ], [ -84.4358, 31.9572 ], [ -84.4396, 31.9595 ], [ -84.4413, 31.9645 ], [ -84.4445, 31.9464 ], [ -84.4453, 31.9261 ], [ -84.4538, 31.9192 ], [ -84.4958, 31.9196 ], [ -84.544, 31.9196 ], [ -84.5956, 31.9201 ], [ -84.6059, 31.9202 ], [ -84.6377, 31.9202 ], [ -84.6758, 31.9213 ], [ -84.6758, 31.9287 ], [ -84.6855, 31.9203 ], [ -84.7037, 31.9207 ], [ -84.7436, 31.9215 ], [ -84.7586, 31.9218 ], [ -84.8008, 31.9311 ], [ -84.85, 31.9235 ], [ -84.8624, 31.9237 ], [ -84.8984, 31.9243 ], [ -84.9173, 31.9247 ], [ -84.9603, 31.9508 ], [ -84.9576, 31.9748 ], [ -84.974, 31.9752 ], [ -85.0005, 31.9759 ], [ -85.0011, 31.9828 ], [ -85.0119, 31.9791 ], [ -85.0302, 31.9757 ], [ -85.0419, 31.9847 ], [ -85.0494, 31.9847 ], [ -85.0619, 31.9857 ], [ -85.0663, 31.9917 ], [ -85.0696, 31.9782 ], [ -85.0661, 31.9711 ], [ -85.0674, 31.9682 ], [ -85.0846, 31.9615 ], [ -85.0847, 31.9544 ], [ -85.0985, 31.9259 ], [ -85.1006, 31.9214 ], [ -85.1118, 31.9092 ], [ -85.1117, 31.9002 ], [ -85.1252, 31.8928 ], [ -85.131, 31.8857 ], [ -85.1313, 31.873 ], [ -85.1346, 31.8667 ], [ -85.1377, 31.8486 ], [ -85.1404, 31.8419 ], [ -85.1321, 31.8275 ], [ -85.1339, 31.8255 ], [ -85.1327, 31.7992 ], [ -85.1415, 31.7811 ], [ -85.1375, 31.7775 ], [ -85.1268, 31.7694 ], [ -85.1277, 31.7629 ], [ -85.135, 31.7681 ], [ -85.1545, 31.7723 ], [ -85.1616, 31.7679 ], [ -85.162, 31.7648 ], [ -85.1981, 31.7434 ], [ -85.207, 31.7365 ], [ -85.2084, 31.7335 ], [ -85.2206, 31.7025 ], [ -85.2496, 31.7039 ], [ -85.2575, 31.704 ], [ -85.319, 31.7057 ], [ -85.3516, 31.706 ], [ -85.3748, 31.7061 ], [ -85.416, 31.7067 ], [ -85.4164, 31.6196 ], [ -85.467, 31.6206 ], [ -85.5815, 31.6176 ], [ -85.5951, 31.6176 ], [ -85.7466, 31.6188 ], [ -85.9593, 31.619 ], [ -85.972, 31.6191 ], [ -85.9895, 31.6192 ], [ -86.0045, 31.6191 ], [ -86.1457, 31.6076 ], [ -86.145, 31.5815 ], [ -86.1446, 31.5644 ], [ -86.1568, 31.5372 ], [ -86.1942, 31.4962 ], [ -86.1941, 31.4798 ], [ -86.194, 31.4692 ], [ -86.1934, 31.1988 ], [ -86.1904, 31.0073 ], [ -86.1871, 31.0009 ], [ -86.3425, 30.9944 ], [ -86.3887, 30.9942 ], [ -86.3884, 30.9747 ], [ -86.3904, 30.8453 ], [ -86.3905, 30.8369 ], [ -86.391, 30.7926 ], [ -86.391, 30.7808 ], [ -86.3913, 30.7635 ], [ -86.3915, 30.7606 ], [ -86.3919, 30.7023 ], [ -86.3938, 30.4544 ], [ -86.2545, 30.487 ], [ -86.2047, 30.4758 ], [ -86.155, 30.4305 ], [ -86.1605, 30.3799 ], [ -86.2479, 30.4289 ], [ -86.3377, 30.3857 ], [ -86.3947, 30.3785 ], [ -86.2987, 30.363 ], [ -86.0854, 30.3023 ], [ -85.9594, 30.2545 ], [ -85.7864, 30.1635 ], [ -85.7541, 30.1772 ], [ -85.7775, 30.2887 ], [ -85.7387, 30.275 ], [ -85.7027, 30.1657 ], [ -85.5812, 30.1157 ], [ -85.6716, 30.1054 ], [ -85.5439, 30.0275 ], [ -85.486, 29.9779 ], [ -85.4198, 29.9473 ], [ -85.3637, 29.8989 ], [ -85.3013, 29.7992 ], [ -85.3108, 29.6891 ], [ -85.2477, 29.6881 ], [ -85.1009, 29.7188 ], [ -84.9933, 29.715 ], [ -84.9007, 29.7863 ], [ -84.9014, 29.7362 ], [ -84.8242, 29.7584 ], [ -84.5372, 29.9095 ], [ -84.4537, 29.9292 ], [ -84.3427, 29.9004 ], [ -84.3368, 29.9432 ], [ -84.3665, 30.0213 ], [ -84.3283, 30.0747 ], [ -84.2754, 30.0965 ], [ -84.195, 30.102 ], [ -84.1338, 30.0918 ], [ -84.0156, 30.1025 ], [ -83.9339, 30.0402 ], [ -83.8272, 29.9887 ], [ -83.745, 29.962 ], [ -83.6393, 29.8874 ], [ -83.5854, 29.8179 ], [ -83.58, 29.7725 ], [ -83.5333, 29.7214 ], [ -83.4002, 29.6585 ], [ -83.4032, 29.5416 ], [ -83.3778, 29.5046 ], [ -83.308, 29.4696 ], [ -83.2986, 29.4475 ], [ -83.2147, 29.416 ], [ -83.1849, 29.3544 ], [ -83.1389, 29.3239 ], [ -83.1298, 29.3209 ], [ -83.1216, 29.3176 ], [ -83.1195, 29.3172 ], [ -83.1129, 29.3181 ], [ -83.1127, 29.3222 ], [ -83.1102, 29.3255 ], [ -83.1015, 29.3316 ], [ -83.0988, 29.3369 ], [ -83.0963, 29.3368 ], [ -83.0933, 29.3331 ], [ -83.0904, 29.3328 ], [ -83.0879, 29.335 ], [ -83.074, 29.3425 ], [ -83.0605, 29.35 ], [ -83.0614, 29.3527 ], [ -83.0699, 29.3528 ], [ -83.0658, 29.3598 ], [ -83.0622, 29.3642 ], [ -83.0659, 29.3685 ], [ -83.0656, 29.3727 ], [ -83.0585, 29.3778 ], [ -83.0551, 29.3788 ], [ -83.0465, 29.3807 ], [ -83.0395, 29.3866 ], [ -83.0333, 29.3985 ], [ -83.0241, 29.4002 ], [ -83.0267, 29.4057 ], [ -83.0269, 29.4168 ], [ -83.0181, 29.4349 ], [ -83.0134, 29.4403 ], [ -83.0113, 29.449 ], [ -83.003, 29.4559 ], [ -83.0013, 29.4618 ], [ -82.9973, 29.4639 ], [ -82.9865, 29.4672 ], [ -82.9852, 29.4724 ], [ -82.9872, 29.475 ], [ -82.9847, 29.4813 ], [ -82.9837, 29.4914 ], [ -82.984, 29.5116 ], [ -82.9818, 29.5179 ], [ -82.9738, 29.5176 ], [ -82.9746, 29.5277 ], [ -82.9793, 29.533 ], [ -82.9793, 29.5358 ], [ -82.9766, 29.5412 ], [ -82.9699, 29.5452 ], [ -82.9503, 29.5563 ], [ -82.9479, 29.5605 ], [ -82.9489, 29.5675 ], [ -82.945, 29.5812 ], [ -82.938, 29.5877 ], [ -82.9568, 29.6398 ], [ -82.9494, 29.7538 ], [ -82.9248, 29.8237 ], [ -82.894, 29.8267 ], [ -82.8752, 29.8773 ], [ -82.9191, 29.9086 ], [ -82.9313, 29.9576 ], [ -82.9635, 29.9938 ], [ -83.1144, 30.1023 ], [ -83.1857, 30.095 ], [ -83.2263, 30.1156 ], [ -83.2489, 30.1839 ], [ -83.2531, 30.2547 ], [ -83.2125, 30.3074 ], [ -83.2126, 30.3454 ], [ -83.1712, 30.3854 ], [ -83.2158, 30.418 ], [ -83.2427, 30.4728 ], [ -83.2394, 30.5198 ], [ -83.2722, 30.6273 ], [ -83.2863, 30.6298 ], [ -83.1366, 30.6245 ], [ -83.1254, 30.8032 ], [ -83.0881, 30.8486 ], [ -83.0108, 30.8495 ], [ -82.9712, 30.8752 ], [ -82.971, 31.184 ], [ -83.0483, 31.1842 ], [ -83.0345, 31.2754 ], [ -83.0598, 31.329 ], [ -83.1402, 31.4026 ], [ -83.1511, 31.4599 ], [ -83.0842, 31.515 ], [ -83.0587, 31.6112 ], [ -82.9991, 31.6614 ], [ -82.9955, 31.7803 ] ] ] ] } },
{ "type": "Feature", "properties": { "i": 118 }, "geometry": { "type": "MultiPolygon", "coordinates": [ [ [ [ -81.9541, 28.9594 ], [ -81.9654, 28.96 ], [ -81.9998, 28.9599 ], [ -82.0296, 28.9601 ], [ -82.1177, 28.9601 ], [ -82.1605, 28.96 ], [ -82.217, 28.96 ], [ -82.2245, 28.9602 ], [ -82.3083, 28.9604 ], [ -82.3118, 28.9622 ], [ -82.3118, 28.9643 ], [ -82.3121, 28.9649 ], [ -82.3125, 28.9669 ], [ -82.3131, 28.969 ], [ -82.3141, 28.9697 ], [ -82.3155, 28.9723 ], [ -82.3162, 28.9734 ], [ -82.3171, 28.9734 ], [ -82.3208, 28.9745 ], [ -82.3208, 28.975 ], [ -82.3216, 28.9753 ], [ -82.3232, 28.9758 ], [ -82.3273, 28.9788 ], [ -82.3277, 28.9789 ], [ -82.3303, 28.9802 ], [ -82.3318, 28.981 ], [ -82.3347, 28.9827 ], [ -82.3353, 28.9831 ], [ -82.3358, 28.9833 ], [ -82.3379, 28.9851 ], [ -82.3382, 28.9854 ], [ -82.3394, 28.9859 ], [ -82.3407, 28.9868 ], [ -82.3413, 28.9877 ], [ -82.3418, 28.9877 ], [ -82.3612, 28.9938 ], [ -82.362, 28.9974 ], [ -82.3616, 28.9982 ], [ -82.3633, 28.9996 ], [ -82.3643, 29.0009 ], [ -82.3642, 29.0015 ], [ -82.3655, 29.0027 ], [ -82.3667, 29.0021 ], [ -82.3669, 29.0019 ], [ -82.3683, 29.0021 ], [ -82.378, 29.0045 ], [ -82.383, 29.0067 ], [ -82.3862, 29.0084 ], [ -82.3865, 29.0089 ], [ -82.3879, 29.0089 ], [ -82.391, 29.0095 ], [ -82.3941, 29.009 ], [ -82.3948, 29.0138 ], [ -82.3951, 29.0143 ], [ -82.3976, 29.0161 ], [ -82.3972, 29.0165 ], [ -82.3975, 29.0168 ], [ -82.4003, 29.0164 ], [ -82.4021, 29.0172 ], [ -82.4015, 29.0183 ], [ -82.4019, 29.019 ], [ -82.4032, 29.0187 ], [ -82.4035, 29.0183 ], [ -82.4075, 29.0169 ], [ -82.4079, 29.017 ], [ -82.4092, 29.016 ], [ -82.4114, 29.0152 ], [ -82.4128, 29.0147 ], [ -82.4202, 29.0146 ], [ -82.4197, 29.0165 ], [ -82.4196, 29.0178 ], [ -82.4204, 29.0185 ], [ -82.4209, 29.0186 ], [ -82.4254, 29.0206 ], [ -82.4247, 29.0215 ], [ -82.4258, 29.0216 ], [ -82.4275, 29.0213 ], [ -82.4294, 29.022 ], [ -82.4292, 29.0225 ], [ -82.4301, 29.024 ], [ -82.4307, 29.0242 ], [ -82.4322, 29.0269 ], [ -82.4325, 29.0278 ], [ -82.4334, 29.0273 ], [ -82.4357, 29.0286 ], [ -82.4352, 29.0295 ], [ -82.4364, 29.03 ], [ -82.4366, 29.0299 ], [ -82.4389, 29.0328 ], [ -82.4401, 29.0327 ], [ -82.4418, 29.0347 ], [ -82.4415, 29.0352 ], [ -82.4489, 29.0386 ], [ -82.4515, 29.0401 ], [ -82.4522, 29.0398 ], [ -82.4586, 29.0467 ], [ -82.4584, 29.0472 ], [ -82.4586, 29.0476 ], [ -82.4594, 29.0475 ], [ -82.4657, 29.0467 ], [ -82.4667, 29.0479 ], [ -82.4678, 29.0481 ], [ -82.4683, 29.0478 ], [ -82.4688, 29.0471 ], [ -82.4729, 29.0515 ], [ -82.4772, 29.052 ], [ -82.4776, 29.0525 ], [ -82.4786, 29.0526 ], [ -82.4793, 29.0525 ], [ -82.4797, 29.0526 ], [ -82.4814, 29.0528 ], [ -82.4826, 29.052 ], [ -82.4858, 29.0518 ], [ -82.4883, 29.0511 ], [ -82.4884, 29.0502 ], [ -82.4876, 29.0497 ], [ -82.4902, 29.0484 ], [ -82.4926, 29.0469 ], [ -82.4942, 29.0462 ], [ -82.4989, 29.0419 ], [ -82.5003, 29.0418 ], [ -82.5018, 29.0416 ], [ -82.509, 29.0391 ], [ -82.5086, 29.0397 ], [ -82.5086, 29.0403 ], [ -82.5101, 29.0418 ], [ -82.5107, 29.0412 ], [ -82.5115, 29.0431 ], [ -82.5117, 29.0434 ], [ -82.5135, 29.0433 ], [ -82.5163, 29.0442 ], [ -82.5172, 29.0441 ], [ -82.5174, 29.0436 ], [ -82.5233, 29.0405 ], [ -82.5235, 29.0422 ], [ -82.524, 29.0421 ], [ -82.5249, 29.0423 ], [ -82.5249, 29.0428 ], [ -82.5266, 29.0429 ], [ -82.5277, 29.0427 ], [ -82.5283, 29.0427 ], [ -82.5291, 29.0434 ], [ -82.5308, 29.0435 ], [ -82.531, 29.0433 ], [ -82.5312, 29.0426 ], [ -82.5345, 29.0445 ], [ -82.5351, 29.0518 ], [ -82.5355, 29.0802 ], [ -82.5356, 29.0895 ], [ -82.5356, 29.0974 ], [ -82.5357, 29.1124 ], [ -82.5362, 29.1448 ], [ -82.5359, 29.1558 ], [ -82.536, 29.1647 ], [ -82.5359, 29.1928 ], [ -82.5199, 29.2148 ], [ -82.4766, 29.2149 ], [ -82.4607, 29.2151 ], [ -82.4241, 29.2155 ], [ -82.4034, 29.232 ], [ -82.4037, 29.2401 ], [ -82.4039, 29.2502 ], [ -82.4052, 29.3302 ], [ -82.4054, 29.3605 ], [ -82.4056, 29.3749 ], [ -82.4057, 29.3872 ], [ -82.4057, 29.4227 ], [ -82.4065, 29.43 ], [ -82.4069, 29.4393 ], [ -82.4067, 29.4847 ], [ -82.4963, 29.4855 ], [ -82.4998, 29.4787 ], [ -82.51, 29.479 ], [ -82.5244, 29.4794 ], [ -82.5568, 29.4837 ], [ -82.5569, 29.4939 ], [ -82.5563, 29.5122 ], [ -82.5737, 29.5375 ], [ -82.5992, 29.5377 ], [ -82.6068, 29.5373 ], [ -82.6396, 29.5361 ], [ -82.6564, 29.5467 ], [ -82.7046, 29.5636 ], [ -82.7498, 29.5625 ], [ -82.7567, 29.5712 ], [ -82.773, 29.5776 ], [ -82.7729, 29.582 ], [ -82.8166, 29.5842 ], [ -82.8235, 29.5841 ], [ -82.8565, 29.5842 ], [ -82.9095, 29.591 ], [ -82.9277, 29.5908 ], [ -82.9343, 29.591 ], [ -82.9376, 29.5913 ], [ -82.938, 29.5877 ], [ -82.945, 29.5812 ], [ -82.9489, 29.5675 ], [ -82.9479, 29.5605 ], [ -82.9503, 29.5563 ], [ -82.9699, 29.5452 ], [ -82.9766, 29.5412 ], [ -82.9793, 29.5358 ], [ -82.9793, 29.533 ], [ -82.9746, 29.5277 ], [ -82.9738, 29.5176 ], [ -82.9818, 29.5179 ], [ -82.984, 29.5116 ], [ -82.9837, 29.4914 ], [ -82.9847, 29.4813 ], [ -82.9872, 29.475 ], [ -82.9852, 29.4724 ], [ -82.9865, 29.4672 ], [ -82.9973, 29.4639 ], [ -83.0013, 29.4618 ], [ -83.003, 29.4559 ], [ -83.0113, 29.449 ], [ -83.0134, 29.4403 ], [ -83.0181, 29.4349 ], [ -83.0269, 29.4168 ], [ -83.0267, 29.4057 ], [ -83.0241, 29.4002 ], [ -83.0333, 29.3985 ], [ -83.0395, 29.3866 ], [ -83.0465, 29.3807 ], [ -83.0551, 29.3788 ], [ -83.0585, 29.3778 ], [ -83.0656, 29.3727 ], [ -83.0659, 29.3685 ], [ -83.0622, 29.3642 ], [ -83.0658, 29.3598 ], [ -83.0699, 29.3528 ], [ -83.0614, 29.3527 ], [ -83.0605, 29.35 ], [ -83.074, 29.3425 ], [ -83.0879, 29.335 ], [ -83.0904, 29.3328 ], [ -83.0933, 29.3331 ], [ -83.0963, 29.3368 ], [ -83.0988, 29.3369 ], [ -83.1015, 29.3316 ], [ -83.1102, 29.3255 ], [ -83.1127, 29.3222 ], [ -83.1129, 29.3181 ], [ -83.1195, 29.3172 ], [ -83.1216, 29.3176 ], [ -83.1298, 29.3209 ], [ -83.1389, 29.3239 ], [ -83.1478, 29.2908 ], [ -83.0837, 29.2678 ], [ -83.0595, 29.2278 ], [ -83.0612, 29.1825 ], [ -82.9659, 29.1818 ], [ -82.8365, 29.1561 ], [ -82.8067, 29.1338 ], [ -82.7836, 29.0751 ], [ -82.7517, 29.0429 ], [ -82.7571, 29.0058 ], [ -82.7065, 28.9348 ], [ -82.6433, 28.9102 ], [ -82.6348, 28.8811 ], [ -82.6566, 28.7396 ], [ -82.6364, 28.6974 ], [ -82.6522, 28.6666 ], [ -82.6448, 28.5924 ], [ -82.6663, 28.4496 ], [ -82.7065, 28.3946 ], [ -82.7699, 28.2076 ], [ -82.7992, 28.1839 ], [ -82.7781, 28.0748 ], [ -82.8065, 27.9542 ], [ -82.8491, 27.8772 ], [ -82.689, 27.7094 ], [ -82.6336, 27.7106 ], [ -82.6222, 27.79 ], [ -82.5918, 27.8216 ], [ -82.6047, 27.8675 ], [ -82.6472, 27.9045 ], [ -82.71, 27.9283 ], [ -82.6658, 28.0289 ], [ -82.5374, 27.9406 ], [ -82.5379, 27.8357 ], [ -82.4815, 27.8211 ], [ -82.4898, 27.9196 ], [ -82.4153, 27.9431 ], [ -82.394, 27.8146 ], [ -82.4803, 27.7407 ], [ -82.5585, 27.6387 ], [ -82.5935, 27.5695 ], [ -82.6071, 27.5051 ], [ -82.6611, 27.457 ], [ -82.582, 27.4161 ], [ -82.5408, 27.3277 ], [ -82.5419, 27.2712 ], [ -82.5079, 27.2372 ], [ -82.4684, 27.1227 ], [ -82.4302, 27.0844 ], [ -82.4378, 27.0547 ], [ -82.3156, 26.8904 ], [ -82.2981, 26.8519 ], [ -82.2388, 26.8115 ], [ -82.1488, 26.801 ], [ -82.1823, 26.9207 ], [ -82.0774, 26.9584 ], [ -82.0922, 26.8935 ], [ -82.053, 26.871 ], [ -82.0477, 26.8005 ], [ -82.0822, 26.6871 ], [ -82.0506, 26.6219 ], [ -82.0548, 26.5483 ], [ -82.0124, 26.5324 ], [ -81.9987, 26.4851 ], [ -81.8698, 26.4581 ], [ -81.8424, 26.4029 ], [ -81.846, 26.3304 ], [ -81.8181, 26.3162 ], [ -81.6579, 26.3177 ], [ -81.6582, 26.3473 ], [ -81.6585, 26.3755 ], [ -81.6591, 26.4209 ], [ -81.6081, 26.4219 ], [ -81.5622, 26.4257 ], [ -81.5625, 26.4465 ], [ -81.5628, 26.4629 ], [ -81.563, 26.4733 ], [ -81.5643, 26.5423 ], [ -81.5644, 26.5448 ], [ -81.5646, 26.5597 ], [ -81.5647, 26.5747 ], [ -81.5647, 26.5798 ], [ -81.5652, 26.604 ], [ -81.5653, 26.6139 ], [ -81.5655, 26.6255 ], [ -81.5658, 26.6513 ], [ -81.5661, 26.6696 ], [ -81.5662, 26.683 ], [ -81.5663, 26.7133 ], [ -81.5655, 26.7946 ], [ -81.5653, 26.8124 ], [ -81.5649, 26.8337 ], [ -81.564, 26.8569 ], [ -81.5634, 26.8942 ], [ -81.5543, 27.0333 ], [ -81.5458, 27.0333 ], [ -81.5009, 27.0331 ], [ -81.4432, 27.0329 ], [ -81.4203, 27.0325 ], [ -81.4078, 27.0325 ], [ -81.395, 27.0324 ], [ -81.3855, 27.0324 ], [ -81.3425, 27.0353 ], [ -81.3413, 27.0396 ], [ -81.333, 27.0396 ], [ -81.2672, 27.0427 ], [ -81.2672, 27.0734 ], [ -81.2671, 27.084 ], [ -81.2498, 27.1212 ], [ -81.1927, 27.1215 ], [ -81.1683, 27.1329 ], [ -81.1684, 27.1452 ], [ -81.1688, 27.191 ], [ -81.1689, 27.2093 ], [ -81.0704, 27.2103 ], [ -81.0121, 27.2106 ], [ -80.9807, 27.2108 ], [ -80.9428, 27.211 ], [ -80.9696, 27.2173 ], [ -81.0644, 27.3805 ], [ -81.1126, 27.3848 ], [ -81.1418, 27.413 ], [ -81.2117, 27.5305 ], [ -81.1405, 27.6011 ], [ -81.1528, 27.7184 ], [ -81.2172, 27.8316 ], [ -81.302, 27.8681 ], [ -81.3197, 27.9262 ], [ -81.3903, 28.0043 ], [ -81.3475, 28.0838 ], [ -81.4553, 28.0859 ], [ -81.4564, 28.1429 ], [ -81.5239, 28.1428 ], [ -81.5241, 28.201 ], [ -81.5576, 28.2593 ], [ -81.6572, 28.2592 ], [ -81.6573, 28.3471 ], [ -81.9576, 28.3452 ], [ -81.9542, 28.553 ], [ -81.9541, 28.9594 ] ] ], [ [ [ -82.1546, 26.7049 ], [ -82.1685, 26.6769 ], [ -82.1369, 26.6415 ], [ -82.0899, 26.4887 ], [ -82.0582, 26.4935 ], [ -82.088, 26.5765 ], [ -82.0656, 26.6121 ], [ -82.1086, 26.6423 ], [ -82.1201, 26.6897 ], [ -82.1546, 26.7049 ] ] ] ] } },
{ "type": "Feature", "properties": { "i": 120 }, "geometry": { "type": "Polygon", "coordinates": [ [ [ -97.3691, 40.0013 ], [ -97.9318, 40.0011 ], [ -97.9287, 39.5669 ], [ -97.9304, 39.2194 ], [ -97.9289, 38.9582 ], [ -97.3721, 38.9579 ], [ -97.372, 38.6093 ], [ -96.9303, 38.6097 ], [ -96.93, 38.5225 ], [ -96.3538, 38.5218 ], [ -96.3572, 38.1727 ], [ -95.9591, 38.1711 ], [ -95.9593, 38.0404 ], [ -95.5651, 38.0382 ], [ -95.0777, 38.0377 ], [ -95.0751, 38.2588 ], [ -95.0653, 38.2592 ], [ -95.0658, 38.6949 ], [ -95.0567, 38.6952 ], [ -95.0563, 38.9817 ], [ -95.1031, 38.9593 ], [ -95.186, 38.9644 ], [ -95.18, 39.1289 ], [ -95.1794, 39.419 ], [ -95.5705, 39.4193 ], [ -95.5642, 39.653 ], [ -95.3402, 39.653 ], [ -95.3399, 40.0 ], [ -96.0861, 40.0005 ], [ -96.6143, 40.0009 ], [ -97.3691, 40.0013 ] ] ] } },
{ "type": "Feature", "properties": { "i": 121 }, "geometry": { "type": "Polygon", "coordinates": [ [ [ -95.0735, 36.9997 ], [ -95.4077, 36.9992 ], [ -96.0008, 36.9989 ], [ -96.75, 36.999 ], [ -96.7526, 36.782 ], [ -96.8897, 36.7509 ], [ -96.9309, 36.6866 ], [ -97.0315, 36.7018 ], [ -97.0641, 36.6842 ], [ -97.0453, 36.6035 ], [ -97.0055, 36.5827 ], [ -96.9239, 36.6004 ], [ -96.8991, 36.5532 ], [ -97.0322, 36.507 ], [ -97.0321, 36.3334 ], [ -96.9249, 36.3332 ], [ -96.9251, 36.2465 ], [ -96.819, 36.2454 ], [ -96.8191, 36.1589 ], [ -96.6214, 36.1596 ], [ -96.6191, 35.856 ], [ -96.6234, 35.4005 ], [ -96.5531, 35.4542 ], [ -96.497, 35.4287 ], [ -96.4413, 35.4499 ], [ -96.4414, 35.2899 ], [ -95.9814, 35.2899 ], [ -95.9831, 35.1517 ], [ -96.0137, 35.1397 ], [ -96.0888, 35.0491 ], [ -96.0921, 34.6803 ], [ -95.8832, 34.6805 ], [ -95.8807, 34.5936 ], [ -95.6719, 34.5938 ], [ -95.6717, 34.5068 ], [ -95.7792, 34.5064 ], [ -95.7794, 34.1567 ], [ -95.9504, 34.1447 ], [ -95.9383, 34.1118 ], [ -95.9379, 33.9534 ], [ -95.8367, 33.8739 ], [ -95.7622, 33.8725 ], [ -95.5861, 33.9346 ], [ -95.5517, 33.8878 ], [ -95.4061, 33.8663 ], [ -95.3103, 33.8796 ], [ -95.253, 33.895 ], [ -95.2197, 33.9616 ], [ -95.1559, 33.9393 ], [ -95.1564, 34.1561 ], [ -95.1513, 34.2432 ], [ -95.0466, 34.2449 ], [ -95.0467, 34.5072 ], [ -94.4612, 34.5082 ], [ -94.4481, 34.926 ], [ -94.3623, 34.9624 ], [ -94.2941, 34.9531 ], [ -94.2305, 34.9698 ], [ -94.2283, 35.0718 ], [ -94.1406, 35.0998 ], [ -94.1393, 35.1433 ], [ -94.0315, 35.1409 ], [ -94.0283, 35.2302 ], [ -93.9201, 35.2312 ], [ -93.9162, 35.319 ], [ -93.8101, 35.3131 ], [ -93.786, 35.3936 ], [ -93.7475, 35.3646 ], [ -93.7099, 35.3753 ], [ -93.696, 35.7685 ], [ -93.5192, 35.7627 ], [ -93.5237, 35.8808 ], [ -93.4861, 35.9533 ], [ -93.4507, 35.9705 ], [ -93.4458, 36.0805 ], [ -93.48, 36.1252 ], [ -93.3001, 36.1213 ], [ -93.296, 36.4981 ], [ -94.156, 36.4987 ], [ -94.6178, 36.4996 ], [ -94.6181, 36.9967 ], [ -95.0735, 36.9997 ] ] ] } },
{ "type": "Feature", "properties": { "i": 122 }, "geometry": { "type": "Polygon", "coordinates": [ [ [ -109.0469, 33.7782 ], [ -109.3475, 33.7764 ], [ -109.3946, 33.7164 ], [ -109.4803, 33.6905 ], [ -109.4835, 33.6571 ], [ -109.6747, 33.5724 ], [ -109.6858, 33.5431 ], [ -109.7691, 33.476 ], [ -109.8086, 33.4896 ], [ -109.8719, 33.5628 ], [ -110.0004, 33.5772 ], [ -110.0006, 33.4659 ], [ -110.1696, 33.4653 ], [ -110.2303, 33.4434 ], [ -110.3217, 33.4325 ], [ -110.3674, 33.397 ], [ -110.413, 33.4008 ], [ -110.4515, 33.3615 ], [ -110.4547, 33.2827 ], [ -110.4213, 33.2169 ], [ -110.4657, 33.1824 ], [ -110.505, 33.1858 ], [ -110.5927, 33.134 ], [ -110.6347, 33.1414 ], [ -110.7254, 33.0689 ], [ -110.7323, 33.0242 ], [ -110.7831, 32.9851 ], [ -110.9467, 33.2502 ], [ -111.1271, 33.1218 ], [ -111.5269, 32.8466 ], [ -111.6086, 32.7635 ], [ -111.6691, 32.7365 ], [ -111.736, 32.7301 ], [ -111.7746, 32.7922 ], [ -111.8767, 32.792 ], [ -111.8776, 32.7676 ], [ -112.0495, 32.7676 ], [ -112.0496, 32.7248 ], [ -112.1524, 32.7232 ], [ -112.1523, 32.6808 ], [ -112.2035, 32.6808 ], [ -112.2037, 32.5067 ], [ -112.5784, 32.5052 ], [ -113.3339, 32.5049 ], [ -113.3338, 32.0397 ], [ -113.126, 31.9728 ], [ -112.8757, 31.8981 ], [ -112.2461, 31.7042 ], [ -111.4976, 31.4679 ], [ -111.0748, 31.3322 ], [ -110.3756, 31.3329 ], [ -110.0006, 31.3331 ], [ -109.5457, 31.3339 ], [ -109.05, 31.3324 ], [ -109.0486, 31.8708 ], [ -109.048, 32.2109 ], [ -109.0477, 32.6379 ], [ -109.0472, 33.2084 ], [ -109.0469, 33.7782 ] ] ] } },
{ "type": "Feature", "properties": { "i": 123 }, "geometry": { "type": "Polygon", "coordinates": [ [ [ -102.0001, 45.9445 ], [ -102.7346, 45.945 ], [ -103.2451, 45.9451 ], [ -104.0454, 45.9453 ], [ -104.0401, 45.3745 ], [ -104.0399, 44.999 ], [ -104.5733, 44.9986 ], [ -105.4567, 45.0002 ], [ -105.9093, 45.0009 ], [ -106.0248, 44.9936 ], [ -106.0143, 44.8578 ], [ -106.0097, 44.564 ], [ -106.0145, 44.521 ], [ -106.0165, 44.1697 ], [ -106.0096, 44.0835 ], [ -106.0092, 43.8216 ], [ -106.0176, 43.8215 ], [ -106.0174, 43.495 ], [ -105.4407, 43.4966 ], [ -104.9401, 43.4991 ], [ -104.0548, 43.5031 ], [ -104.0531, 43.0007 ], [ -103.4757, 43.0005 ], [ -102.7926, 42.9999 ], [ -102.1254, 42.9992 ], [ -101.6254, 42.9962 ], [ -100.8754, 42.9978 ], [ -99.9184, 42.998 ], [ -99.5346, 42.998 ], [ -99.5339, 43.4995 ], [ -99.6236, 43.4999 ], [ -99.6242, 43.7425 ], [ -99.7063, 43.75 ], [ -99.8622, 43.6828 ], [ -100.0105, 43.6944 ], [ -100.1205, 43.69 ], [ -100.2316, 43.7136 ], [ -100.2899, 43.6983 ], [ -100.3788, 43.727 ], [ -100.4738, 43.7213 ], [ -100.5225, 43.7458 ], [ -100.6135, 43.7462 ], [ -100.6779, 43.7215 ], [ -100.776, 43.7252 ], [ -100.8072, 43.7649 ], [ -100.8765, 43.8006 ], [ -100.953, 43.8108 ], [ -100.9965, 43.8493 ], [ -101.0551, 43.8545 ], [ -101.0636, 43.9949 ], [ -101.0468, 43.995 ], [ -101.0473, 44.1685 ], [ -101.1668, 44.1683 ], [ -101.1552, 44.3431 ], [ -101.1545, 44.6899 ], [ -101.137, 44.69 ], [ -101.1369, 44.9938 ], [ -101.5008, 44.9938 ], [ -101.4862, 45.0382 ], [ -101.4863, 45.3857 ], [ -101.4702, 45.4721 ], [ -102.0001, 45.4721 ], [ -102.0001, 45.9445 ] ] ] } },
{ "type": "Feature", "properties": { "i": 124 }, "geometry": { "type": "Polygon", "coordinates": [ [ [ -114.0498, 38.6767 ], [ -115.0008, 38.6773 ], [ -115.0008, 38.0509 ], [ -115.3759, 38.0507 ], [ -115.8935, 38.0505 ], [ -116.4959, 38.0415 ], [ -117.2411, 38.0501 ], [ -117.2412, 38.0698 ], [ -117.6915, 38.4742 ], [ -118.2339, 38.0003 ], [ -118.3515, 37.8937 ], [ -118.4281, 37.8962 ], [ -117.8338, 37.4653 ], [ -118.2042, 37.4626 ], [ -118.7752, 37.4634 ], [ -118.7866, 37.3439 ], [ -118.7158, 37.3279 ], [ -118.666, 37.2606 ], [ -118.6815, 37.2048 ], [ -118.6541, 37.142 ], [ -118.5918, 37.1373 ], [ -118.4679, 37.0673 ], [ -118.4371, 37.0598 ], [ -118.3608, 36.8858 ], [ -118.374, 36.7997 ], [ -118.3644, 36.6937 ], [ -118.2944, 36.6057 ], [ -118.2905, 36.5586 ], [ -118.2522, 36.5419 ], [ -118.213, 36.4334 ], [ -118.157, 36.4323 ], [ -118.1568, 36.3956 ], [ -118.0986, 36.3324 ], [ -118.1265, 36.2998 ], [ -118.1067, 36.2156 ], [ -118.0615, 36.1738 ], [ -118.0733, 36.1382 ], [ -118.0315, 36.0073 ], [ -118.0036, 35.9837 ], [ -117.9827, 35.8956 ], [ -118.0055, 35.8627 ], [ -118.008, 35.7894 ], [ -117.9245, 35.7981 ], [ -117.633, 35.7972 ], [ -117.6301, 35.5641 ], [ -117.631, 35.1046 ], [ -117.6332, 35.0926 ], [ -117.6322, 34.9921 ], [ -117.6318, 34.8906 ], [ -117.6318, 34.8354 ], [ -117.632, 34.8241 ], [ -117.6321, 34.8201 ], [ -116.4844, 34.741 ], [ -116.4176, 34.7363 ], [ -116.5049, 34.6767 ], [ -116.5043, 34.6054 ], [ -116.4747, 34.6051 ], [ -116.4569, 34.531 ], [ -116.4218, 34.5305 ], [ -116.4041, 34.4709 ], [ -116.4048, 34.3569 ], [ -116.4799, 34.3225 ], [ -116.4378, 34.2567 ], [ -116.4386, 34.2113 ], [ -116.4722, 34.137 ], [ -116.5986, 34.1005 ], [ -116.6164, 34.0332 ], [ -116.4723, 34.0328 ], [ -116.4449, 34.076 ], [ -116.2649, 34.0777 ], [ -116.265, 34.1205 ], [ -116.0536, 34.1212 ], [ -116.0008, 34.0344 ], [ -115.5962, 34.0354 ], [ -115.5246, 34.117 ], [ -115.3161, 34.0778 ], [ -114.5716, 34.0797 ], [ -114.5068, 34.0797 ], [ -114.4362, 34.0797 ], [ -114.4107, 34.1103 ], [ -114.3208, 34.1387 ], [ -114.3183, 34.1405 ], [ -114.2561, 34.1731 ], [ -114.1642, 34.2525 ], [ -114.1394, 34.296 ], [ -114.0678, 34.2902 ], [ -114.0077, 34.254 ], [ -113.8718, 34.255 ], [ -113.8187, 34.2336 ], [ -113.7315, 34.2406 ], [ -113.6791, 34.2101 ], [ -113.5867, 34.2434 ], [ -113.5159, 34.3101 ], [ -113.3674, 34.2922 ], [ -113.3335, 34.3179 ], [ -113.3327, 35.0001 ], [ -113.3342, 35.5 ], [ -113.3339, 35.8017 ], [ -113.3098, 35.8914 ], [ -113.3338, 35.9121 ], [ -113.319, 35.9727 ], [ -113.3541, 36.0413 ], [ -113.32, 36.0968 ], [ -113.2243, 36.0915 ], [ -113.1968, 36.1529 ], [ -113.1362, 36.1666 ], [ -113.0056, 36.2384 ], [ -112.9039, 36.254 ], [ -112.8659, 36.2824 ], [ -112.7973, 36.2838 ], [ -112.7575, 36.3229 ], [ -112.6298, 36.3922 ], [ -112.6437, 36.4345 ], [ -112.6229, 36.4747 ], [ -112.6557, 36.5151 ], [ -112.6535, 36.5583 ], [ -112.6212, 36.5958 ], [ -112.6384, 36.6744 ], [ -112.6134, 36.7375 ], [ -112.6194, 36.7826 ], [ -112.5671, 36.8975 ], [ -112.5304, 36.9506 ], [ -112.5401, 36.9997 ], [ -113.005, 37.0 ], [ -114.0503, 37.0003 ], [ -114.0529, 37.5933 ], [ -114.0496, 37.8253 ], [ -114.0501, 38.2499 ], [ -114.0498, 38.6767 ] ] ] } },
{ "type": "Feature", "properties": { "i": 119 }, "geometry": { "type": "Polygon", "coordinates": [ [ [ -108.2365, 48.9996 ], [ -108.9935, 48.9992 ], [ -109.667, 49.0 ], [ -110.2508, 48.9991 ], [ -110.8692, 48.9981 ], [ -111.5757, 48.9967 ], [ -112.3932, 48.9987 ], [ -113.2603, 48.9982 ], [ -114.0658, 48.996 ], [ -114.0544, 48.8878 ], [ -113.9566, 48.8177 ], [ -113.8411, 48.8553 ], [ -113.7591, 48.8192 ], [ -113.7713, 48.7884 ], [ -113.7027, 48.7197 ], [ -113.7532, 48.6184 ], [ -113.6, 48.5751 ], [ -113.5438, 48.5868 ], [ -113.4674, 48.5476 ], [ -113.4808, 48.4593 ], [ -113.4112, 48.4197 ], [ -113.3563, 48.4239 ], [ -113.3407, 48.37 ], [ -113.3862, 48.3408 ], [ -113.2889, 48.2657 ], [ -113.2369, 48.2468 ], [ -113.235, 48.179 ], [ -113.1815, 48.1745 ], [ -113.1338, 48.1379 ], [ -113.0174, 48.1322 ], [ -112.9089, 48.0296 ], [ -112.8791, 47.9774 ], [ -112.9114, 47.9477 ], [ -112.9811, 47.9551 ], [ -113.0634, 47.8847 ], [ -113.0619, 47.7878 ], [ -113.0833, 47.749 ], [ -113.1659, 47.7207 ], [ -113.1284, 47.6466 ], [ -113.147, 47.6025 ], [ -113.1183, 47.5711 ], [ -113.1153, 47.4916 ], [ -113.06, 47.4857 ], [ -113.0589, 47.1794 ], [ -112.7975, 47.1772 ], [ -112.7953, 46.8318 ], [ -112.5356, 46.8344 ], [ -112.5353, 46.6985 ], [ -112.4108, 46.6997 ], [ -112.4097, 46.6567 ], [ -112.3208, 46.6564 ], [ -112.2943, 46.6045 ], [ -112.3169, 46.5752 ], [ -112.3058, 46.5118 ], [ -112.3162, 46.416 ], [ -112.3966, 46.3871 ], [ -112.436, 46.3512 ], [ -112.5333, 46.3313 ], [ -112.5717, 46.2984 ], [ -112.5592, 46.2639 ], [ -112.5899, 46.2253 ], [ -112.5767, 46.1791 ], [ -112.4661, 46.0923 ], [ -112.4315, 45.9302 ], [ -112.4044, 45.8879 ], [ -112.4275, 45.8455 ], [ -112.2718, 45.7903 ], [ -112.1981, 45.7482 ], [ -112.4613, 45.7428 ], [ -112.5143, 45.7483 ], [ -112.5499, 45.6848 ], [ -112.6624, 45.6329 ], [ -112.7335, 45.6849 ], [ -112.7603, 45.7485 ], [ -112.8256, 45.7752 ], [ -112.9955, 45.8064 ], [ -113.0846, 45.8558 ], [ -113.1018, 45.8817 ], [ -113.1801, 45.8842 ], [ -113.2284, 45.8667 ], [ -113.2749, 45.8183 ], [ -113.337, 45.8124 ], [ -113.3962, 45.7675 ], [ -113.4954, 45.9356 ], [ -113.6232, 45.841 ], [ -113.6976, 45.8435 ], [ -113.8155, 45.7552 ], [ -113.87, 45.7814 ], [ -113.9151, 45.7465 ], [ -113.9309, 45.6724 ], [ -113.7971, 45.5819 ], [ -113.8341, 45.5219 ], [ -113.7728, 45.5139 ], [ -113.7736, 45.4065 ], [ -113.7328, 45.3889 ], [ -113.7359, 45.3258 ], [ -113.692, 45.2629 ], [ -113.5988, 45.1907 ], [ -113.5553, 45.1145 ], [ -113.4517, 45.0583 ], [ -113.4439, 44.9599 ], [ -113.4968, 44.9453 ], [ -113.4552, 44.8671 ], [ -113.3563, 44.8201 ], [ -113.3422, 44.7857 ], [ -113.2467, 44.8229 ], [ -113.2088, 44.8086 ], [ -113.1021, 44.729 ], [ -113.0494, 44.6294 ], [ -113.0878, 44.5993 ], [ -113.007, 44.5259 ], [ -113.0266, 44.4957 ], [ -113.0022, 44.4501 ], [ -112.8448, 44.3585 ], [ -112.8148, 44.3756 ], [ -112.8402, 44.4253 ], [ -112.7813, 44.4849 ], [ -112.7201, 44.504 ], [ -112.6614, 44.4861 ], [ -112.5496, 44.4846 ], [ -112.4338, 44.4552 ], [ -112.3666, 44.4675 ], [ -112.3524, 44.5376 ], [ -112.2862, 44.5685 ], [ -112.2297, 44.5636 ], [ -112.1846, 44.5334 ], [ -112.1058, 44.5208 ], [ -112.0326, 44.5463 ], [ -111.8685, 44.5648 ], [ -111.8209, 44.5094 ], [ -111.7042, 44.5602 ], [ -111.6141, 44.5491 ], [ -111.5075, 44.5625 ], [ -111.5258, 44.6049 ], [ -111.4731, 44.6662 ], [ -111.4861, 44.708 ], [ -111.3251, 44.7299 ], [ -111.2529, 44.6502 ], [ -111.2278, 44.5773 ], [ -111.1808, 44.569 ], [ -111.1314, 44.4999 ], [ -111.0488, 44.4741 ], [ -111.0554, 44.6797 ], [ -111.0554, 44.9949 ], [ -111.0445, 45.0015 ], [ -111.0382, 45.3512 ], [ -110.9182, 45.3513 ], [ -110.9192, 45.5253 ], [ -110.8582, 45.5258 ], [ -110.8571, 45.5909 ], [ -110.795, 45.5903 ], [ -110.7888, 45.9613 ], [ -110.7904, 46.142 ], [ -110.7736, 46.1924 ], [ -110.4092, 46.1919 ], [ -110.2819, 46.1839 ], [ -110.2817, 46.4834 ], [ -110.2733, 46.4899 ], [ -110.2734, 46.6996 ], [ -109.9681, 46.7508 ], [ -109.8191, 46.6933 ], [ -109.3892, 46.6934 ], [ -109.389, 46.7505 ], [ -108.631, 46.7496 ], [ -108.6119, 46.8367 ], [ -108.6085, 47.0978 ], [ -108.7367, 47.0994 ], [ -108.7181, 47.1843 ], [ -108.7192, 47.2703 ], [ -108.5905, 47.2705 ], [ -108.5901, 47.3062 ], [ -108.3365, 47.3077 ], [ -108.315, 47.3149 ], [ -108.3127, 47.5835 ], [ -108.35, 47.5674 ], [ -108.5323, 47.6156 ], [ -108.6701, 47.6193 ], [ -108.7704, 47.6452 ], [ -108.8184, 47.7074 ], [ -108.8912, 47.7353 ], [ -108.8882, 47.9227 ], [ -108.6273, 47.921 ], [ -108.6076, 47.9911 ], [ -108.434, 47.9765 ], [ -108.4339, 48.2194 ], [ -108.4116, 48.2197 ], [ -108.4112, 48.441 ], [ -108.3468, 48.4285 ], [ -108.3462, 48.5684 ], [ -108.3191, 48.5684 ], [ -108.3191, 48.7423 ], [ -108.2594, 48.7422 ], [ -108.2594, 48.9129 ], [ -108.2365, 48.9996 ] ] ] } },
{ "type": "Feature", "properties": { "i": 19 }, "geometry": { "type": "Polygon", "coordinates": [ [ [ -104.0453, 46.6414 ], [ -104.3539, 46.6421 ], [ -104.4178, 46.6844 ], [ -104.6068, 46.6851 ], [ -104.607, 46.6573 ], [ -104.7328, 46.6563 ], [ -104.7329, 46.6127 ], [ -104.8587, 46.6116 ], [ -104.8589, 46.5691 ], [ -104.9848, 46.5694 ], [ -104.9847, 46.5406 ], [ -105.2305, 46.541 ], [ -105.2392, 46.5701 ], [ -105.449, 46.5713 ], [ -105.4919, 46.601 ], [ -105.492, 46.6572 ], [ -105.5757, 46.6579 ], [ -105.5763, 46.7449 ], [ -105.6181, 46.745 ], [ -105.6183, 46.8321 ], [ -105.8328, 46.832 ], [ -105.8337, 46.8605 ], [ -106.0867, 46.8601 ], [ -106.0865, 46.846 ], [ -106.72, 46.8452 ], [ -106.7205, 46.8596 ], [ -107.4667, 46.8603 ], [ -107.4678, 46.8515 ], [ -107.8885, 46.8515 ], [ -107.8409, 46.8024 ], [ -107.8312, 46.7559 ], [ -108.631, 46.7496 ], [ -109.389, 46.7505 ], [ -109.3892, 46.6934 ], [ -109.8191, 46.6933 ], [ -109.9681, 46.7508 ], [ -110.2734, 46.6996 ], [ -110.2733, 46.4899 ], [ -110.2817, 46.4834 ], [ -110.2819, 46.1839 ], [ -110.4092, 46.1919 ], [ -110.7736, 46.1924 ], [ -110.7904, 46.142 ], [ -110.7888, 45.9613 ], [ -110.795, 45.5903 ], [ -110.8571, 45.5909 ], [ -110.8582, 45.5258 ], [ -110.9192, 45.5253 ], [ -110.9182, 45.3513 ], [ -111.0382, 45.3512 ], [ -111.0445, 45.0015 ], [ -110.7842, 45.0031 ], [ -110.7044, 44.9925 ], [ -110.199, 44.9963 ], [ -110.1099, 45.0039 ], [ -109.7507, 45.0016 ], [ -109.1034, 45.0059 ], [ -109.0824, 44.9997 ], [ -108.4999, 44.9998 ], [ -107.9113, 45.0008 ], [ -107.8819, 44.9859 ], [ -107.8648, 44.8749 ], [ -107.8313, 44.8003 ], [ -107.7542, 44.7701 ], [ -107.7428, 44.7152 ], [ -107.6161, 44.701 ], [ -107.5483, 44.6671 ], [ -107.5254, 44.6337 ], [ -107.3839, 44.5939 ], [ -107.3695, 44.5595 ], [ -106.6638, 44.5569 ], [ -106.0097, 44.564 ], [ -106.0143, 44.8578 ], [ -106.0248, 44.9936 ], [ -105.9093, 45.0009 ], [ -105.4567, 45.0002 ], [ -104.5733, 44.9986 ], [ -104.0399, 44.999 ], [ -104.0401, 45.3745 ], [ -104.0454, 45.9453 ], [ -104.0453, 46.6414 ] ] ] } },
{ "type": "Feature", "properties": { "i": 97 }, "geometry": { "type": "Polygon", "coordinates": [ [ [ -112.8148, 44.3756 ], [ -112.8139, 44.2304 ], [ -112.9347, 44.2343 ], [ -113.3204, 44.233 ], [ -113.3433, 44.3202 ], [ -113.4048, 44.3818 ], [ -113.4526, 44.4555 ], [ -113.4968, 44.4248 ], [ -113.6652, 44.4518 ], [ -113.6889, 44.4687 ], [ -113.8078, 44.4882 ], [ -113.9198, 44.5657 ], [ -114.0207, 44.6528 ], [ -114.0826, 44.7486 ], [ -114.1726, 44.7444 ], [ -114.1734, 44.7452 ], [ -114.2157, 44.7454 ], [ -114.1955, 44.8606 ], [ -114.2619, 44.8501 ], [ -114.3883, 44.7525 ], [ -114.3866, 44.671 ], [ -114.4364, 44.6511 ], [ -114.4512, 44.6128 ], [ -114.5627, 44.576 ], [ -114.5964, 44.6221 ], [ -114.6587, 44.6597 ], [ -114.7403, 44.6526 ], [ -114.7477, 44.684 ], [ -114.8198, 44.7473 ], [ -114.8109, 44.8071 ], [ -114.9551, 44.7208 ], [ -115.0187, 44.731 ], [ -115.0875, 44.7713 ], [ -115.1393, 44.717 ], [ -115.169, 44.6475 ], [ -115.2574, 44.6153 ], [ -115.3051, 44.5795 ], [ -115.2805, 44.5187 ], [ -115.2282, 44.4904 ], [ -115.2282, 44.4229 ], [ -115.2946, 44.3382 ], [ -115.1662, 44.2763 ], [ -115.1648, 44.2014 ], [ -115.108, 44.1708 ], [ -115.0262, 44.1584 ], [ -115.0465, 44.12 ], [ -115.0203, 44.0793 ], [ -115.0299, 44.0183 ], [ -114.9672, 43.9822 ], [ -114.9963, 43.9139 ], [ -114.9729, 43.8527 ], [ -114.7593, 43.7926 ], [ -114.7023, 43.8058 ], [ -114.6624, 43.6607 ], [ -114.6804, 43.5911 ], [ -114.5871, 43.5587 ], [ -114.5957, 43.5312 ], [ -114.507, 43.478 ], [ -114.5453, 43.4379 ], [ -114.5267, 43.3985 ], [ -114.5344, 43.3337 ], [ -114.3955, 43.3258 ], [ -114.3949, 43.2587 ], [ -114.375, 43.2 ], [ -114.5973, 43.1983 ], [ -114.597, 42.8511 ], [ -114.3686, 42.8505 ], [ -114.3484, 42.809 ], [ -114.0526, 42.8085 ], [ -114.0526, 42.7651 ], [ -113.9329, 42.765 ], [ -113.9316, 42.5362 ], [ -114.0661, 42.5149 ], [ -114.0693, 42.4171 ], [ -114.2854, 42.4173 ], [ -114.2812, 42.331 ], [ -114.2811, 41.9945 ], [ -114.2739, 41.9942 ], [ -114.2361, 41.9941 ], [ -114.2347, 41.9941 ], [ -114.1849, 41.9941 ], [ -114.1604, 41.994 ], [ -114.0416, 41.9927 ], [ -113.8946, 41.9881 ], [ -113.341, 41.9947 ], [ -112.3758, 42.0013 ], [ -112.3648, 42.0011 ], [ -112.1741, 41.9968 ], [ -111.5418, 41.9994 ], [ -111.0468, 42.0009 ], [ -111.0471, 42.439 ], [ -111.0435, 42.7359 ], [ -111.0455, 43.4999 ], [ -111.0491, 44.0201 ], [ -111.0488, 44.4741 ], [ -111.1314, 44.4999 ], [ -111.1808, 44.569 ], [ -111.2278, 44.5773 ], [ -111.2529, 44.6502 ], [ -111.3251, 44.7299 ], [ -111.4861, 44.708 ], [ -111.4731, 44.6662 ], [ -111.5258, 44.6049 ], [ -111.5075, 44.5625 ], [ -111.6141, 44.5491 ], [ -111.7042, 44.5602 ], [ -111.8209, 44.5094 ], [ -111.8685, 44.5648 ], [ -112.0326, 44.5463 ], [ -112.1058, 44.5208 ], [ -112.1846, 44.5334 ], [ -112.2297, 44.5636 ], [ -112.2862, 44.5685 ], [ -112.3524, 44.5376 ], [ -112.3666, 44.4675 ], [ -112.4338, 44.4552 ], [ -112.5496, 44.4846 ], [ -112.6614, 44.4861 ], [ -112.7201, 44.504 ], [ -112.7813, 44.4849 ], [ -112.8402, 44.4253 ], [ -112.8148, 44.3756 ] ] ] } },
{ "type": "Feature", "properties": { "i": 106 }, "geometry": { "type": "Polygon", "coordinates": [ [ [ -106.0097, 44.564 ], [ -106.6638, 44.5569 ], [ -107.3695, 44.5595 ], [ -107.3839, 44.5939 ], [ -107.5254, 44.6337 ], [ -107.5483, 44.6671 ], [ -107.6161, 44.701 ], [ -107.7428, 44.7152 ], [ -107.7542, 44.7701 ], [ -107.8313, 44.8003 ], [ -107.8648, 44.8749 ], [ -107.8819, 44.9859 ], [ -107.9113, 45.0008 ], [ -108.4999, 44.9998 ], [ -109.0824, 44.9997 ], [ -109.1034, 45.0059 ], [ -109.7507, 45.0016 ], [ -110.1099, 45.0039 ], [ -110.199, 44.9963 ], [ -110.7044, 44.9925 ], [ -110.7842, 45.0031 ], [ -111.0445, 45.0015 ], [ -111.0554, 44.9949 ], [ -111.0554, 44.6797 ], [ -111.0488, 44.4741 ], [ -111.0491, 44.0201 ], [ -111.0455, 43.4999 ], [ -111.0435, 42.7359 ], [ -111.0471, 42.439 ], [ -111.0468, 42.0009 ], [ -111.0458, 41.5797 ], [ -110.7131, 41.5789 ], [ -110.048, 41.5774 ], [ -110.0489, 40.9976 ], [ -110.0003, 40.9973 ], [ -109.5042, 40.9991 ], [ -109.238, 41.0018 ], [ -109.232, 41.002 ], [ -109.2286, 41.002 ], [ -108.7507, 41.0002 ], [ -108.74, 41.0001 ], [ -108.1816, 41.0004 ], [ -107.9192, 41.002 ], [ -107.9171, 41.3985 ], [ -107.9299, 41.3985 ], [ -107.9297, 41.6596 ], [ -107.5097, 41.6574 ], [ -107.5055, 41.7405 ], [ -107.5038, 42.0879 ], [ -107.5223, 42.0879 ], [ -107.5232, 42.4338 ], [ -106.6253, 42.4306 ], [ -106.0759, 42.4332 ], [ -106.0727, 42.7813 ], [ -106.0756, 43.1195 ], [ -106.0739, 43.4719 ], [ -106.0174, 43.495 ], [ -106.0176, 43.8215 ], [ -106.0092, 43.8216 ], [ -106.0096, 44.0835 ], [ -106.0165, 44.1697 ], [ -106.0145, 44.521 ], [ -106.0097, 44.564 ] ] ] } },
{ "type": "Feature", "properties": { "i": 98 }, "geometry": { "type": "MultiPolygon", "coordinates": [ [ [ [ -170.6713, -14.2396 ], [ -170.7389, -14.2902 ], [ -170.8048, -14.2924 ], [ -170.7852, -14.3569 ], [ -170.7442, -14.3644 ], [ -170.6192, -14.2551 ], [ -170.6713, -14.2396 ] ] ], [ [ [ -169.4278, -14.2117 ], [ -169.5186, -14.2218 ], [ -169.4922, -14.271 ], [ -169.4278, -14.2117 ] ] ] ] } },
{ "type": "Feature", "properties": { "i": 99 }, "geometry": { "type": "MultiPolygon", "coordinates": [ [ [ [ 163.0, 5.3694 ], [ 162.9614, 5.3558 ], [ 162.9033, 5.3039 ], [ 162.9122, 5.2753 ], [ 163.0202, 5.274 ], [ 163.0, 5.3694 ] ] ], [ [ [ 158.1794, 6.9861 ], [ 158.1119, 6.9319 ], [ 158.1114, 6.9014 ], [ 158.1494, 6.8711 ], [ 158.175, 6.8006 ], [ 158.2297, 6.7847 ], [ 158.3058, 6.7936 ], [ 158.3386, 6.8722 ], [ 158.3083, 6.9303 ], [ 158.2842, 6.9258 ], [ 158.1794, 6.9861 ] ] ] ] } },
{ "type": "Feature", "properties": { "i": 101 }, "geometry": { "type": "MultiPolygon", "coordinates": [ [ [ [ 151.5967, 7.395 ], [ 151.5697, 7.3719 ], [ 151.6397, 7.3303 ], [ 151.6386, 7.3689 ], [ 151.5967, 7.395 ] ] ], [ [ [ 134.6251, 7.7282 ], [ 134.6319, 7.6437 ], [ 134.5517, 7.5958 ], [ 134.5091, 7.5375 ], [ 134.4671, 7.4483 ], [ 134.5032, 7.4169 ], [ 134.508, 7.3662 ], [ 134.5351, 7.3459 ], [ 134.5956, 7.3627 ], [ 134.59, 7.4296 ], [ 134.6381, 7.4984 ], [ 134.6453, 7.7022 ], [ 134.6251, 7.7282 ] ] ], [ [ [ 138.172, 9.6164 ], [ 138.1233, 9.5883 ], [ 138.0622, 9.4958 ], [ 138.0728, 9.4717 ], [ 138.1897, 9.5353 ], [ 138.172, 9.6164 ] ] ] ] } },
{ "type": "Feature", "properties": { "i": 48 }, "geometry": { "type": "MultiPolygon", "coordinates": [ [ [ [ 144.8601, 13.6543 ], [ 144.8375, 13.5952 ], [ 144.7699, 13.4818 ], [ 144.6882, 13.4643 ], [ 144.6424, 13.4185 ], [ 144.6633, 13.4006 ], [ 144.6431, 13.3486 ], [ 144.6646, 13.2676 ], [ 144.731, 13.2511 ], [ 144.7725, 13.3036 ], [ 144.7839, 13.4215 ], [ 144.8074, 13.4274 ], [ 144.9024, 13.5132 ], [ 144.9261, 13.5215 ], [ 144.9556, 13.5996 ], [ 144.9059, 13.6065 ], [ 144.8601, 13.6543 ] ] ], [ [ [ 145.2418, 14.2011 ], [ 145.1618, 14.1687 ], [ 145.1423, 14.1442 ], [ 145.2135, 14.1155 ], [ 145.2891, 14.1918 ], [ 145.2418, 14.2011 ] ] ], [ [ [ 145.6445, 15.1013 ], [ 145.5884, 15.0374 ], [ 145.5845, 14.9961 ], [ 145.6586, 14.9484 ], [ 145.6738, 15.006 ], [ 145.6468, 15.042 ], [ 145.6445, 15.1013 ] ] ], [ [ [ 145.8116, 15.2902 ], [ 145.7236, 15.217 ], [ 145.6922, 15.1305 ], [ 145.741, 15.105 ], [ 145.7511, 15.1602 ], [ 145.8113, 15.2588 ], [ 145.8116, 15.2902 ] ] ], [ [ [ 145.78, 18.1693 ], [ 145.7556, 18.1561 ], [ 145.7554, 18.0987 ], [ 145.7971, 18.1079 ], [ 145.8068, 18.1562 ], [ 145.78, 18.1693 ] ] ], [ [ [ 145.6614, 18.813 ], [ 145.6375, 18.7651 ], [ 145.6712, 18.7278 ], [ 145.6958, 18.7917 ], [ 145.6614, 18.813 ] ] ] ] } },
{ "type": "Feature", "properties": { "i": 2 }, "geometry": { "type": "MultiPolygon", "coordinates": [ [ [ [ 178.7016, 51.6423 ], [ 178.7083, 51.5928 ], [ 178.9393, 51.546 ], [ 179.0584, 51.4549 ], [ 179.2616, 51.3577 ], [ 179.3559, 51.3704 ], [ 179.2303, 51.4134 ], [ 179.1911, 51.4629 ], [ 179.0768, 51.4985 ], [ 178.9925, 51.5665 ], [ 178.9191, 51.6056 ], [ 178.8032, 51.6352 ], [ 178.7016, 51.6423 ] ] ], [ [ [ -178.8063, 51.8366 ], [ -178.873, 51.7826 ], [ -178.8129, 51.7479 ], [ -178.7334, 51.784 ], [ -178.8063, 51.8366 ] ] ], [ [ [ -176.2817, 51.8639 ], [ -176.3981, 51.8678 ], [ -176.4243, 51.8506 ], [ -176.4037, 51.7513 ], [ -176.3499, 51.729 ], [ -176.2636, 51.7816 ], [ -176.2817, 51.8639 ] ] ], [ [ [ -176.1851, 51.8835 ], [ -176.2342, 51.8308 ], [ -176.1662, 51.7977 ], [ -176.1088, 51.8402 ], [ -176.1851, 51.8835 ] ] ], [ [ [ -176.0027, 51.9133 ], [ -176.0644, 51.8747 ], [ -175.967, 51.847 ], [ -175.9576, 51.8935 ], [ -176.0027, 51.9133 ] ] ], [ [ [ -178.0906, 51.9194 ], [ -178.1975, 51.9035 ], [ -178.2278, 51.8735 ], [ -178.0861, 51.8115 ], [ -177.9503, 51.7657 ], [ -177.9564, 51.7229 ], [ -178.0715, 51.7069 ], [ -178.0827, 51.6619 ], [ -177.9507, 51.6392 ], [ -177.7199, 51.8158 ], [ -177.7862, 51.8438 ], [ -177.8441, 51.8263 ], [ -177.9243, 51.8575 ], [ -177.9521, 51.9154 ], [ -178.0906, 51.9194 ] ] ], [ [ [ -177.1439, 51.9435 ], [ -177.1998, 51.9248 ], [ -177.2057, 51.8206 ], [ -177.2971, 51.781 ], [ -177.4576, 51.7541 ], [ -177.5552, 51.7211 ], [ -177.6313, 51.7384 ], [ -177.6977, 51.7131 ], [ -177.5059, 51.6982 ], [ -177.3908, 51.7335 ], [ -177.2751, 51.6805 ], [ -177.215, 51.7083 ], [ -177.1487, 51.7071 ], [ -177.1127, 51.7724 ], [ -177.137, 51.8145 ], [ -177.067, 51.8602 ], [ -177.0451, 51.8986 ], [ -177.1439, 51.9435 ] ] ], [ [ [ 178.4651, 51.9869 ], [ 178.4359, 51.9435 ], [ 178.5025, 51.8997 ], [ 178.5916, 51.9527 ], [ 178.4651, 51.9869 ] ] ], [ [ [ -176.58, 52.0032 ], [ -176.6296, 51.9626 ], [ -176.774, 51.9659 ], [ -176.8104, 51.9271 ], [ -176.7638, 51.8824 ], [ -176.7921, 51.7856 ], [ -176.8761, 51.8112 ], [ -176.905, 51.7715 ], [ -176.8401, 51.7498 ], [ -176.897, 51.7004 ], [ -176.9845, 51.6574 ], [ -176.9843, 51.6021 ], [ -176.931, 51.5925 ], [ -176.8658, 51.6822 ], [ -176.7315, 51.648 ], [ -176.7227, 51.6835 ], [ -176.5819, 51.6901 ], [ -176.5305, 51.7463 ], [ -176.4242, 51.7449 ], [ -176.4265, 51.8363 ], [ -176.5275, 51.8348 ], [ -176.6217, 51.8709 ], [ -176.6161, 51.903 ], [ -176.5449, 51.9273 ], [ -176.58, 52.0032 ] ] ], [ [ [ 179.6476, 52.0263 ], [ 179.4825, 51.9828 ], [ 179.4846, 51.9213 ], [ 179.6144, 51.8718 ], [ 179.7348, 51.9076 ], [ 179.7739, 51.9707 ], [ 179.6476, 52.0263 ] ] ], [ [ [ -176.1344, 52.1126 ], [ -176.2119, 52.0655 ], [ -176.1588, 51.9965 ], [ -176.0218, 51.9849 ], [ -175.9816, 52.0286 ], [ -176.0739, 52.1049 ], [ -176.1344, 52.1126 ] ] ], [ [ [ 177.6306, 52.1269 ], [ 177.5759, 52.1241 ], [ 177.5168, 52.051 ], [ 177.4892, 51.9847 ], [ 177.3811, 51.9787 ], [ 177.3027, 51.9205 ], [ 177.2144, 51.8963 ], [ 177.3208, 51.8283 ], [ 177.383, 51.9204 ], [ 177.5231, 51.9278 ], [ 177.5509, 51.9783 ], [ 177.6505, 52.0428 ], [ 177.6845, 52.09 ], [ 177.6306, 52.1269 ] ] ], [ [ [ -173.5191, 52.1522 ], [ -173.5835, 52.1333 ], [ -173.6248, 52.1522 ], [ -173.762, 52.1335 ], [ -173.8038, 52.1022 ], [ -173.9361, 52.1254 ], [ -173.9806, 52.1063 ], [ -173.9302, 52.0564 ], [ -173.8316, 52.0408 ], [ -173.7526, 52.0499 ], [ -173.4513, 52.0485 ], [ -173.39, 52.0372 ], [ -173.3294, 52.0583 ], [ -173.0475, 52.0733 ], [ -173.0352, 52.1005 ], [ -173.2217, 52.0935 ], [ -173.2907, 52.106 ], [ -173.5064, 52.1016 ], [ -173.5191, 52.1522 ] ] ], [ [ [ -172.4338, 52.3908 ], [ -172.5772, 52.3502 ], [ -172.6342, 52.2677 ], [ -172.6089, 52.253 ], [ -172.4114, 52.2808 ], [ -172.3028, 52.3299 ], [ -172.3264, 52.3665 ], [ -172.4338, 52.3908 ] ] ], [ [ [ -174.1431, 52.416 ], [ -174.1853, 52.4178 ], [ -174.3309, 52.3702 ], [ -174.3764, 52.2828 ], [ -174.2337, 52.2703 ], [ -174.315, 52.2074 ], [ -174.449, 52.2196 ], [ -174.4664, 52.1837 ], [ -174.565, 52.1723 ], [ -174.6098, 52.1109 ], [ -174.6718, 52.1105 ], [ -174.7736, 52.08 ], [ -174.92, 52.1093 ], [ -174.9878, 52.0596 ], [ -175.1216, 52.0567 ], [ -175.2528, 52.0359 ], [ -175.2156, 52.0059 ], [ -175.0168, 52.0077 ], [ -175.0156, 52.0333 ], [ -174.8856, 52.043 ], [ -174.7708, 52.0256 ], [ -174.5515, 52.0354 ], [ -174.5145, 52.0822 ], [ -174.4442, 52.0485 ], [ -174.3923, 52.0629 ], [ -174.3272, 52.1226 ], [ -174.2184, 52.0943 ], [ -174.0902, 52.1391 ], [ -174.1966, 52.1955 ], [ -174.1829, 52.2328 ], [ -174.0605, 52.2253 ], [ -173.9852, 52.3176 ], [ -174.0747, 52.3925 ], [ -174.1431, 52.416 ] ] ], [ [ [ 173.7684, 52.5113 ], [ 173.6678, 52.5052 ], [ 173.5672, 52.4766 ], [ 173.5053, 52.4397 ], [ 173.4554, 52.4513 ], [ 173.4004, 52.4008 ], [ 173.4784, 52.3796 ], [ 173.5648, 52.398 ], [ 173.6671, 52.3596 ], [ 173.7301, 52.3536 ], [ 173.6949, 52.4426 ], [ 173.7684, 52.5113 ] ] ], [ [ [ -171.2269, 52.5146 ], [ -171.2914, 52.5148 ], [ -171.3131, 52.4729 ], [ -171.2298, 52.4487 ], [ -171.1946, 52.4969 ], [ -171.2269, 52.5146 ] ] ], [ [ [ -170.6626, 52.6983 ], [ -170.753, 52.6492 ], [ -170.8179, 52.6363 ], [ -170.8353, 52.5694 ], [ -170.7832, 52.5421 ], [ -170.6745, 52.6034 ], [ -170.6039, 52.6017 ], [ -170.5636, 52.6407 ], [ -170.5799, 52.682 ], [ -170.6626, 52.6983 ] ] ], [ [ [ -170.1087, 52.7862 ], [ -170.1707, 52.7849 ], [ -170.153, 52.7231 ], [ -170.0777, 52.7204 ], [ -170.055, 52.7708 ], [ -170.1087, 52.7862 ] ] ], [ [ [ -169.7735, 52.8945 ], [ -169.8586, 52.8826 ], [ -169.887, 52.8501 ], [ -170.0042, 52.8467 ], [ -169.9629, 52.7899 ], [ -169.8515, 52.8279 ], [ -169.7761, 52.8112 ], [ -169.7391, 52.7784 ], [ -169.6736, 52.8204 ], [ -169.6763, 52.8711 ], [ -169.7735, 52.8945 ] ] ], [ [ [ -170.0466, 52.9239 ], [ -170.1198, 52.9002 ], [ -170.0503, 52.8574 ], [ -169.9991, 52.884 ], [ -170.0466, 52.9239 ] ] ], [ [ [ 172.7941, 53.0073 ], [ 172.6357, 53.0039 ], [ 172.4614, 52.9266 ], [ 172.5178, 52.9059 ], [ 172.5794, 52.9234 ], [ 172.6646, 52.8783 ], [ 172.7747, 52.8718 ], [ 172.7556, 52.8092 ], [ 172.8031, 52.7826 ], [ 172.8745, 52.7982 ], [ 172.9267, 52.7468 ], [ 173.0127, 52.8141 ], [ 173.1398, 52.7856 ], [ 173.2175, 52.8552 ], [ 173.2823, 52.8603 ], [ 173.3106, 52.9206 ], [ 173.2076, 52.9331 ], [ 173.1224, 52.9907 ], [ 173.025, 52.9931 ], [ 172.946, 52.9736 ], [ 172.9052, 52.9954 ], [ 172.7941, 53.0073 ] ] ], [ [ [ -169.6664, 53.0224 ], [ -169.7425, 53.0241 ], [ -169.7627, 52.9781 ], [ -169.6935, 52.9639 ], [ -169.6664, 53.0224 ] ] ], [ [ [ -167.9771, 53.5593 ], [ -168.0889, 53.5583 ], [ -168.2339, 53.5283 ], [ -168.3466, 53.4687 ], [ -168.4082, 53.4195 ], [ -168.384, 53.3871 ], [ -168.4126, 53.3396 ], [ -168.3405, 53.2939 ], [ -168.3839, 53.2613 ], [ -168.5557, 53.2544 ], [ -168.604, 53.278 ], [ -168.6613, 53.2301 ], [ -168.7664, 53.1802 ], [ -168.802, 53.1082 ], [ -168.7597, 53.0815 ], [ -168.798, 53.0285 ], [ -168.8573, 53.0137 ], [ -168.8629, 52.941 ], [ -168.955, 52.9118 ], [ -168.916, 52.8808 ], [ -168.7597, 52.9585 ], [ -168.6476, 52.9772 ], [ -168.5789, 53.0299 ], [ -168.4559, 53.0574 ], [ -168.3417, 53.1859 ], [ -168.2707, 53.2428 ], [ -168.1244, 53.2746 ], [ -167.8423, 53.3865 ], [ -167.8583, 53.4379 ], [ -167.7841, 53.501 ], [ -167.9019, 53.5205 ], [ -167.9771, 53.5593 ] ] ], [ [ [ -166.1199, 53.855 ], [ -166.3084, 53.7873 ], [ -166.2892, 53.7419 ], [ -166.2383, 53.7115 ], [ -166.1304, 53.7692 ], [ -166.1199, 53.855 ] ] ], [ [ [ -166.6519, 54.0179 ], [ -166.7461, 54.0169 ], [ -166.8553, 53.9753 ], [ -166.8907, 53.9897 ], [ -167.0828, 53.9194 ], [ -167.1493, 53.8288 ], [ -167.0515, 53.8016 ], [ -167.025, 53.7572 ], [ -166.9564, 53.7757 ], [ -166.7872, 53.7346 ], [ -166.859, 53.6744 ], [ -166.895, 53.7177 ], [ -167.0224, 53.7155 ], [ -167.0914, 53.6334 ], [ -167.1632, 53.6138 ], [ -167.1312, 53.5473 ], [ -167.1767, 53.4619 ], [ -167.2679, 53.4781 ], [ -167.3735, 53.4328 ], [ -167.4731, 53.4469 ], [ -167.5426, 53.3919 ], [ -167.7076, 53.3828 ], [ -167.8139, 53.3221 ], [ -167.7624, 53.2809 ], [ -167.6222, 53.2504 ], [ -167.6099, 53.2853 ], [ -167.5194, 53.2706 ], [ -167.4511, 53.3218 ], [ -167.3858, 53.3425 ], [ -167.3081, 53.3343 ], [ -167.2899, 53.3727 ], [ -167.2156, 53.3831 ], [ -167.1341, 53.4264 ], [ -166.8849, 53.4733 ], [ -166.8387, 53.4475 ], [ -166.6741, 53.4873 ], [ -166.5778, 53.5553 ], [ -166.5196, 53.6361 ], [ -166.2749, 53.6873 ], [ -166.3299, 53.7839 ], [ -166.4159, 53.7635 ], [ -166.5362, 53.7023 ], [ -166.5638, 53.7223 ], [ -166.4845, 53.7789 ], [ -166.4049, 53.8093 ], [ -166.3792, 53.8466 ], [ -166.2365, 53.8813 ], [ -166.2373, 53.9221 ], [ -166.2794, 53.9825 ], [ -166.3744, 53.9496 ], [ -166.5427, 53.8638 ], [ -166.6437, 53.9154 ], [ -166.6049, 53.9946 ], [ -166.6519, 54.0179 ] ] ], [ [ [ -164.9979, 54.1379 ], [ -165.0268, 54.1159 ], [ -165.1471, 54.1315 ], [ -165.2052, 54.1104 ], [ -165.1005, 54.074 ], [ -164.9606, 54.076 ], [ -164.9213, 54.1286 ], [ -164.9979, 54.1379 ] ] ], [ [ [ -165.9294, 54.2213 ], [ -165.9832, 54.2212 ], [ -166.1122, 54.1225 ], [ -166.048, 54.0448 ], [ -165.8454, 54.0823 ], [ -165.7672, 54.0659 ], [ -165.7159, 54.0904 ], [ -165.7298, 54.1472 ], [ -165.8805, 54.1836 ], [ -165.9294, 54.2213 ] ] ], [ [ [ -165.4785, 54.2953 ], [ -165.6052, 54.2942 ], [ -165.6841, 54.2499 ], [ -165.6169, 54.1774 ], [ -165.6076, 54.1151 ], [ -165.5492, 54.1122 ], [ -165.4813, 54.18 ], [ -165.5533, 54.2396 ], [ -165.4785, 54.2953 ] ] ], [ [ [ -162.7893, 54.4882 ], [ -162.8234, 54.4395 ], [ -162.7754, 54.4082 ], [ -162.5909, 54.3877 ], [ -162.564, 54.4287 ], [ -162.6727, 54.4484 ], [ -162.7893, 54.4882 ] ] ], [ [ [ -159.2689, 54.935 ], [ -159.3244, 54.9283 ], [ -159.3059, 54.8637 ], [ -159.2126, 54.8961 ], [ -159.2689, 54.935 ] ] ], [ [ [ -162.295, 54.9851 ], [ -162.4185, 54.9347 ], [ -162.4252, 54.885 ], [ -162.3211, 54.8279 ], [ -162.233, 54.891 ], [ -162.2357, 54.9626 ], [ -162.295, 54.9851 ] ] ], [ [ [ -163.7636, 55.0522 ], [ -163.8947, 55.0391 ], [ -164.0307, 54.9698 ], [ -164.1256, 54.9717 ], [ -164.2233, 54.8982 ], [ -164.3435, 54.8941 ], [ -164.4353, 54.9331 ], [ -164.564, 54.8755 ], [ -164.5516, 54.8552 ], [ -164.7095, 54.6615 ], [ -164.805, 54.6448 ], [ -164.9188, 54.6053 ], [ -164.9446, 54.5329 ], [ -164.8449, 54.4176 ], [ -164.744, 54.3942 ], [ -164.6405, 54.3912 ], [ -164.4566, 54.4199 ], [ -164.3527, 54.465 ], [ -164.3285, 54.5397 ], [ -164.2325, 54.5855 ], [ -164.0849, 54.6201 ], [ -163.8036, 54.6365 ], [ -163.5892, 54.6104 ], [ -163.472, 54.6565 ], [ -163.4284, 54.7148 ], [ -163.3315, 54.7475 ], [ -163.2868, 54.6971 ], [ -163.1299, 54.6936 ], [ -163.1076, 54.7327 ], [ -163.1889, 54.7737 ], [ -163.3228, 54.7503 ], [ -163.3728, 54.7909 ], [ -163.415, 54.8611 ], [ -163.3993, 54.894 ], [ -163.4429, 54.9699 ], [ -163.539, 55.0541 ], [ -163.6119, 55.0364 ], [ -163.7636, 55.0522 ] ] ], [ [ [ -159.4144, 55.0549 ], [ -159.4531, 54.9707 ], [ -159.4266, 54.9423 ], [ -159.3302, 54.9764 ], [ -159.4144, 55.0549 ] ] ], [ [ [ -161.8121, 55.1783 ], [ -161.9007, 55.1421 ], [ -161.8066, 55.1114 ], [ -161.74, 55.0564 ], [ -161.6309, 55.1074 ], [ -161.8121, 55.1783 ] ] ], [ [ [ -161.3352, 55.221 ], [ -161.44, 55.2015 ], [ -161.3403, 55.1591 ], [ -161.3352, 55.221 ] ] ], [ [ [ -159.5069, 55.2272 ], [ -159.5608, 55.2054 ], [ -159.5512, 55.1549 ], [ -159.6555, 55.124 ], [ -159.6285, 55.0515 ], [ -159.5693, 55.0451 ], [ -159.4948, 55.1361 ], [ -159.5367, 55.173 ], [ -159.5069, 55.2272 ] ] ], [ [ [ -161.5298, 55.2512 ], [ -161.6621, 55.2437 ], [ -161.6489, 55.196 ], [ -161.553, 55.218 ], [ -161.5298, 55.2512 ] ] ], [ [ [ -159.8797, 55.2902 ], [ -159.9221, 55.2138 ], [ -160.0253, 55.2039 ], [ -160.0241, 55.1151 ], [ -160.1117, 55.1597 ], [ -160.1879, 55.1018 ], [ -160.1334, 55.0439 ], [ -160.1158, 54.9851 ], [ -159.9415, 55.0652 ], [ -159.9468, 55.1253 ], [ -159.8655, 55.0977 ], [ -159.8091, 55.173 ], [ -159.8993, 55.1867 ], [ -159.8452, 55.2546 ], [ -159.8797, 55.2902 ] ] ], [ [ [ -160.3568, 55.3623 ], [ -160.4257, 55.3389 ], [ -160.4908, 55.3561 ], [ -160.5269, 55.319 ], [ -160.4755, 55.2892 ], [ -160.3065, 55.3033 ], [ -160.3568, 55.3623 ] ] ], [ [ [ -160.7103, 55.4031 ], [ -160.7971, 55.3815 ], [ -160.8403, 55.3398 ], [ -160.8548, 55.2067 ], [ -160.8068, 55.1599 ], [ -160.7305, 55.2003 ], [ -160.6141, 55.1476 ], [ -160.496, 55.1663 ], [ -160.4939, 55.2235 ], [ -160.5801, 55.3025 ], [ -160.5284, 55.3434 ], [ -160.5647, 55.3898 ], [ -160.7103, 55.4031 ] ] ], [ [ [ -155.5657, 55.762 ], [ -155.5775, 55.8445 ], [ -155.6611, 55.8339 ], [ -155.7472, 55.8019 ], [ -155.7163, 55.7567 ], [ -155.5657, 55.762 ] ] ], [ [ [ -153.8788, 56.5659 ], [ -154.0843, 56.5359 ], [ -154.0439, 56.4975 ], [ -153.953, 56.5072 ], [ -153.8788, 56.5659 ] ] ], [ [ [ -157.2406, 56.5797 ], [ -157.3101, 56.5312 ], [ -157.1571, 56.5291 ], [ -157.0774, 56.579 ], [ -157.2406, 56.5797 ] ] ], [ [ [ -154.494, 56.6019 ], [ -154.5246, 56.6039 ], [ -154.7061, 56.5213 ], [ -154.8061, 56.4342 ], [ -154.7429, 56.4017 ], [ -154.6336, 56.4718 ], [ -154.4924, 56.5093 ], [ -154.5364, 56.5913 ], [ -154.494, 56.6019 ] ] ], [ [ [ -154.0864, 56.6108 ], [ -154.2285, 56.6128 ], [ -154.3109, 56.5854 ], [ -154.3624, 56.5425 ], [ -154.3431, 56.5102 ], [ -154.2325, 56.4911 ], [ -154.1542, 56.5073 ], [ -154.0954, 56.5492 ], [ -154.0864, 56.6108 ] ] ], [ [ [ -169.7443, 56.6159 ], [ -169.6407, 56.5422 ], [ -169.5857, 56.5371 ], [ -169.4714, 56.6003 ], [ -169.7443, 56.6159 ] ] ], [ [ [ -153.2096, 57.2024 ], [ -153.3302, 57.1409 ], [ -153.3502, 57.0772 ], [ -153.3023, 56.9903 ], [ -153.2364, 57.0045 ], [ -153.18, 57.0945 ], [ -152.9114, 57.1268 ], [ -152.8698, 57.1508 ], [ -152.9757, 57.1877 ], [ -153.1633, 57.1864 ], [ -153.2096, 57.2024 ] ] ], [ [ [ -170.1174, 57.2441 ], [ -170.2677, 57.2106 ], [ -170.3117, 57.2191 ], [ -170.4204, 57.1918 ], [ -170.4186, 57.16 ], [ -170.304, 57.1549 ], [ -170.2796, 57.1312 ], [ -170.1823, 57.1661 ], [ -170.1174, 57.2441 ] ] ], [ [ [ -153.4527, 57.9635 ], [ -153.5365, 57.9308 ], [ -153.462, 57.8806 ], [ -153.3302, 57.8266 ], [ -153.2041, 57.8197 ], [ -153.2856, 57.904 ], [ -153.4527, 57.9635 ] ] ], [ [ [ -152.7229, 57.99 ], [ -152.8622, 57.9655 ], [ -152.7897, 57.9238 ], [ -152.7229, 57.99 ] ] ], [ [ [ -153.2608, 57.9949 ], [ -153.2703, 57.9586 ], [ -153.0918, 57.8663 ], [ -153.2371, 57.8916 ], [ -153.1876, 57.8274 ], [ -153.2043, 57.7874 ], [ -153.4874, 57.8343 ], [ -153.4756, 57.7678 ], [ -153.5508, 57.787 ], [ -153.5734, 57.8342 ], [ -153.6588, 57.8798 ], [ -153.7568, 57.8873 ], [ -153.8519, 57.8685 ], [ -153.9352, 57.813 ], [ -153.92, 57.7152 ], [ -153.6767, 57.6697 ], [ -153.8778, 57.6295 ], [ -153.7854, 57.5677 ], [ -153.8191, 57.5356 ], [ -153.8133, 57.4175 ], [ -153.8958, 57.4221 ], [ -153.923, 57.5202 ], [ -153.9714, 57.5675 ], [ -154.0095, 57.6437 ], [ -154.2257, 57.6614 ], [ -154.3393, 57.6393 ], [ -154.4318, 57.5848 ], [ -154.5221, 57.5778 ], [ -154.5563, 57.5312 ], [ -154.6297, 57.5102 ], [ -154.6445, 57.4661 ], [ -154.7126, 57.4341 ], [ -154.7006, 57.4012 ], [ -154.7585, 57.3049 ], [ -154.7287, 57.2763 ], [ -154.6137, 57.2678 ], [ -154.5337, 57.1835 ], [ -154.5152, 57.078 ], [ -154.5247, 56.9916 ], [ -154.4075, 56.9683 ], [ -154.3069, 56.9118 ], [ -154.2984, 56.8632 ], [ -154.2318, 56.8723 ], [ -154.2212, 56.9224 ], [ -154.155, 56.9453 ], [ -154.167, 56.9857 ], [ -154.113, 57.0413 ], [ -154.1113, 57.1265 ], [ -154.3028, 57.1095 ], [ -154.3489, 57.0641 ], [ -154.4258, 57.0485 ], [ -154.4874, 57.0966 ], [ -154.4522, 57.128 ], [ -154.3649, 57.1437 ], [ -154.1477, 57.1478 ], [ -154.0629, 57.1222 ], [ -154.0967, 57.0326 ], [ -154.1407, 56.9962 ], [ -154.0766, 56.9706 ], [ -153.9828, 57.0663 ], [ -153.9322, 57.063 ], [ -153.9769, 56.9968 ], [ -153.9558, 56.9135 ], [ -154.0129, 56.8542 ], [ -154.0674, 56.8453 ], [ -154.1487, 56.7457 ], [ -154.0478, 56.7663 ], [ -154.0162, 56.7435 ], [ -153.9177, 56.7674 ], [ -153.9075, 56.7931 ], [ -153.748, 56.8737 ], [ -153.6705, 56.9327 ], [ -153.5993, 56.9354 ], [ -153.5446, 56.9983 ], [ -153.6638, 57.0537 ], [ -153.6738, 57.0834 ], [ -153.5636, 57.0898 ], [ -153.4989, 57.0654 ], [ -153.4688, 57.1184 ], [ -153.3368, 57.1848 ], [ -153.2216, 57.2198 ], [ -153.0779, 57.2114 ], [ -152.9435, 57.257 ], [ -153.056, 57.3292 ], [ -152.9448, 57.3291 ], [ -152.8104, 57.2695 ], [ -152.7547, 57.3079 ], [ -152.7017, 57.2781 ], [ -152.6304, 57.3227 ], [ -152.6012, 57.3822 ], [ -152.7121, 57.4175 ], [ -152.7627, 57.4576 ], [ -152.6004, 57.4704 ], [ -152.5292, 57.4436 ], [ -152.3416, 57.421 ], [ -152.2938, 57.5152 ], [ -152.164, 57.5846 ], [ -152.1663, 57.6238 ], [ -152.368, 57.6183 ], [ -152.557, 57.7196 ], [ -152.4493, 57.7765 ], [ -152.3486, 57.8047 ], [ -152.3543, 57.8365 ], [ -152.5145, 57.9084 ], [ -152.6381, 57.9166 ], [ -152.7316, 57.818 ], [ -152.7854, 57.8531 ], [ -152.85, 57.8215 ], [ -152.8461, 57.7292 ], [ -152.9043, 57.7508 ], [ -152.9026, 57.8301 ], [ -152.8624, 57.8786 ], [ -152.7952, 57.9033 ], [ -152.9396, 57.9523 ], [ -153.0617, 57.9384 ], [ -153.1295, 57.9466 ], [ -153.2608, 57.9949 ] ] ], [ [ [ -153.1991, 58.102 ], [ -153.2626, 58.1451 ], [ -153.3922, 58.0828 ], [ -153.3656, 58.0391 ], [ -153.2232, 58.0493 ], [ -153.0859, 57.9991 ], [ -153.0459, 58.0276 ], [ -153.0914, 58.0887 ], [ -153.1991, 58.102 ] ] ], [ [ [ -151.7967, 58.2578 ], [ -151.8761, 58.2445 ], [ -151.8943, 58.1928 ], [ -151.8078, 58.1875 ], [ -151.7967, 58.2578 ] ] ], [ [ [ -152.6512, 58.4826 ], [ -152.8649, 58.4043 ], [ -152.7702, 58.3171 ], [ -152.7815, 58.2764 ], [ -152.8939, 58.2718 ], [ -153.0447, 58.3068 ], [ -153.1024, 58.2603 ], [ -153.0026, 58.2064 ], [ -153.0609, 58.1945 ], [ -153.1956, 58.208 ], [ -153.2186, 58.1582 ], [ -153.1613, 58.1098 ], [ -153.0765, 58.0961 ], [ -153.0206, 58.0452 ], [ -152.8507, 57.994 ], [ -152.6558, 58.0631 ], [ -152.5696, 58.1148 ], [ -152.4288, 58.1281 ], [ -152.3143, 58.1515 ], [ -152.2569, 58.2471 ], [ -152.1843, 58.1713 ], [ -152.0811, 58.1543 ], [ -151.9641, 58.269 ], [ -152.0823, 58.3099 ], [ -152.0932, 58.372 ], [ -152.1403, 58.3869 ], [ -152.2, 58.3439 ], [ -152.2884, 58.4195 ], [ -152.3519, 58.4067 ], [ -152.3801, 58.355 ], [ -152.5351, 58.4118 ], [ -152.5367, 58.4587 ], [ -152.6512, 58.4826 ] ] ], [ [ [ -152.3284, 58.6311 ], [ -152.5739, 58.5723 ], [ -152.646, 58.5064 ], [ -152.4778, 58.4703 ], [ -152.3445, 58.5778 ], [ -152.3284, 58.6311 ] ] ], [ [ [ -160.6949, 58.8016 ], [ -160.7404, 58.7995 ], [ -160.8643, 58.745 ], [ -160.921, 58.7442 ], [ -161.0575, 58.6987 ], [ -161.0855, 58.6387 ], [ -161.0841, 58.5555 ], [ -160.9621, 58.5522 ], [ -160.883, 58.576 ], [ -160.8416, 58.6382 ], [ -160.6949, 58.8016 ] ] ], [ [ [ -153.423, 59.4147 ], [ -153.5312, 59.3678 ], [ -153.5145, 59.3202 ], [ -153.3957, 59.3294 ], [ -153.3471, 59.3784 ], [ -153.423, 59.4147 ] ] ], [ [ [ -150.6311, 59.4033 ], [ -150.7664, 59.3189 ], [ -150.706, 59.2939 ], [ -150.6276, 59.346 ], [ -150.6311, 59.4033 ] ] ], [ [ [ -144.222, 60.0037 ], [ -144.297, 59.9893 ], [ -144.5691, 59.8512 ], [ -144.5316, 59.837 ], [ -144.222, 60.0037 ] ] ], [ [ [ -147.8413, 60.0667 ], [ -147.8797, 60.0696 ], [ -147.9849, 59.9943 ], [ -147.9974, 59.9459 ], [ -147.8676, 59.987 ], [ -147.8413, 60.0667 ] ] ], [ [ [ -147.9645, 60.1185 ], [ -148.1021, 60.063 ], [ -148.1354, 60.0009 ], [ -148.22, 59.9754 ], [ -148.1977, 59.9423 ], [ -148.0854, 59.9594 ], [ -148.0938, 60.0116 ], [ -147.9645, 60.1185 ] ] ], [ [ [ -148.0519, 60.2021 ], [ -148.0863, 60.1568 ], [ -148.2946, 60.089 ], [ -148.2738, 60.0133 ], [ -148.1802, 60.0249 ], [ -148.1002, 60.0955 ], [ -148.0519, 60.2021 ] ] ], [ [ [ -147.1355, 60.3439 ], [ -147.2061, 60.2957 ], [ -147.1871, 60.2548 ], [ -147.3787, 60.159 ], [ -147.4333, 60.0962 ], [ -147.5523, 60.0525 ], [ -147.596, 60.0195 ], [ -147.6897, 59.9952 ], [ -147.805, 59.9215 ], [ -147.9067, 59.8391 ], [ -147.8748, 59.7682 ], [ -147.7351, 59.8087 ], [ -147.6786, 59.8009 ], [ -147.6186, 59.8522 ], [ -147.4697, 59.8558 ], [ -147.4463, 59.9028 ], [ -147.5026, 59.9399 ], [ -147.382, 59.9721 ], [ -147.3654, 60.0429 ], [ -147.2024, 60.1511 ], [ -147.0021, 60.2325 ], [ -146.9126, 60.2955 ], [ -147.0061, 60.3431 ], [ -147.1355, 60.3439 ] ] ], [ [ [ -148.0083, 60.3827 ], [ -148.1451, 60.3287 ], [ -148.1501, 60.2962 ], [ -148.0293, 60.284 ], [ -147.9929, 60.3526 ], [ -148.0083, 60.3827 ] ] ], [ [ [ -145.1618, 60.4255 ], [ -145.495, 60.4095 ], [ -145.3874, 60.3513 ], [ -145.3209, 60.3353 ], [ -145.2034, 60.3745 ], [ -145.1618, 60.4255 ] ] ], [ [ [ -166.1473, 59.7469 ], [ -166.0854, 59.7608 ], [ -166.1563, 59.8577 ], [ -166.0722, 59.8448 ], [ -165.9499, 59.8796 ], [ -165.7177, 59.8908 ], [ -165.5758, 59.9091 ], [ -165.7063, 60.0673 ], [ -165.6597, 60.0991 ], [ -165.6827, 60.2026 ], [ -165.7249, 60.2418 ], [ -165.6741, 60.294 ], [ -165.8884, 60.3453 ], [ -166.0008, 60.3151 ], [ -166.1475, 60.3774 ], [ -166.3075, 60.3801 ], [ -166.3613, 60.3582 ], [ -166.4886, 60.3888 ], [ -166.7097, 60.3068 ], [ -166.7975, 60.2935 ], [ -166.8323, 60.217 ], [ -166.938, 60.2059 ], [ -167.101, 60.2369 ], [ -167.3361, 60.2338 ], [ -167.4092, 60.191 ], [ -167.3525, 60.1473 ], [ -167.3033, 60.0627 ], [ -167.1142, 59.9925 ], [ -166.9512, 59.9752 ], [ -166.7554, 59.8921 ], [ -166.614, 59.8501 ], [ -166.4328, 59.8577 ], [ -166.2804, 59.8186 ], [ -166.1473, 59.7469 ] ] ], [ [ [ -146.5289, 60.4921 ], [ -146.6104, 60.4856 ], [ -146.7213, 60.3965 ], [ -146.7127, 60.3485 ], [ -146.617, 60.3668 ], [ -146.5206, 60.3391 ], [ -146.6931, 60.2846 ], [ -146.6145, 60.2401 ], [ -146.4229, 60.3189 ], [ -146.3175, 60.345 ], [ -146.2587, 60.3367 ], [ -146.1058, 60.3986 ], [ -146.134, 60.4315 ], [ -146.3636, 60.4129 ], [ -146.3428, 60.4726 ], [ -146.4026, 60.4852 ], [ -146.4716, 60.4598 ], [ -146.5289, 60.4921 ] ] ], [ [ [ -151.887, 60.4387 ], [ -151.8361, 60.4859 ], [ -151.9279, 60.5145 ], [ -151.9697, 60.477 ], [ -151.887, 60.4387 ] ] ], [ [ [ -147.6923, 60.5061 ], [ -147.7092, 60.4519 ], [ -147.8071, 60.3974 ], [ -147.8407, 60.3149 ], [ -147.8906, 60.2946 ], [ -147.8966, 60.2258 ], [ -147.7607, 60.1564 ], [ -147.7164, 60.2684 ], [ -147.6189, 60.3688 ], [ -147.6126, 60.4247 ], [ -147.6923, 60.5061 ] ] ], [ [ [ -172.9074, 60.6085 ], [ -173.0408, 60.5674 ], [ -173.0284, 60.4929 ], [ -172.9491, 60.4804 ], [ -172.7359, 60.3651 ], [ -172.598, 60.3185 ], [ -172.4995, 60.3352 ], [ -172.3257, 60.3287 ], [ -172.2904, 60.2948 ], [ -172.2125, 60.3132 ], [ -172.4198, 60.3949 ], [ -172.5247, 60.384 ], [ -172.7566, 60.4449 ], [ -172.8777, 60.5017 ], [ -172.9298, 60.5608 ], [ -172.9074, 60.6085 ] ] ], [ [ [ -145.7625, 60.6153 ], [ -145.8004, 60.594 ], [ -145.9382, 60.5825 ], [ -146.1435, 60.518 ], [ -146.2897, 60.5157 ], [ -146.3233, 60.4605 ], [ -146.2104, 60.4507 ], [ -145.8207, 60.5501 ], [ -145.7625, 60.6153 ] ] ], [ [ [ -147.4405, 60.6908 ], [ -147.4332, 60.6259 ], [ -147.3374, 60.6327 ], [ -147.4405, 60.6908 ] ] ], [ [ [ -147.9409, 60.7276 ], [ -147.9707, 60.6738 ], [ -147.8461, 60.6945 ], [ -147.9409, 60.7276 ] ] ], [ [ [ -148.1951, 60.7608 ], [ -148.2441, 60.694 ], [ -148.1235, 60.6447 ], [ -148.09, 60.6771 ], [ -148.107, 60.7398 ], [ -148.1951, 60.7608 ] ] ], [ [ [ -164.891, 60.8361 ], [ -165.0037, 60.8756 ], [ -165.0214, 60.8151 ], [ -164.891, 60.8361 ] ] ], [ [ [ -147.1474, 60.9029 ], [ -147.2103, 60.9088 ], [ -147.3091, 60.8739 ], [ -147.1313, 60.8549 ], [ -147.1474, 60.9029 ] ] ], [ [ [ -164.9136, 60.9263 ], [ -164.9606, 60.8876 ], [ -164.8663, 60.8322 ], [ -165.0408, 60.7727 ], [ -164.9712, 60.7115 ], [ -165.2832, 60.5764 ], [ -165.381, 60.578 ], [ -165.4203, 60.5507 ], [ -165.3772, 60.5092 ], [ -165.2714, 60.4922 ], [ -165.1904, 60.498 ], [ -165.0574, 60.5446 ], [ -164.9568, 60.5278 ], [ -164.9979, 60.4803 ], [ -165.1361, 60.4353 ], [ -165.0578, 60.3836 ], [ -164.9282, 60.3239 ], [ -164.8418, 60.3 ], [ -164.7048, 60.2942 ], [ -164.6292, 60.3471 ], [ -164.6289, 60.3703 ], [ -164.5658, 60.3841 ], [ -164.5689, 60.4619 ], [ -164.4499, 60.4799 ], [ -164.4446, 60.5188 ], [ -164.507, 60.5353 ], [ -164.488, 60.567 ], [ -164.3733, 60.5788 ], [ -164.3215, 60.6438 ], [ -164.2485, 60.6764 ], [ -164.2641, 60.7897 ], [ -164.4037, 60.7977 ], [ -164.439, 60.8222 ], [ -164.6475, 60.817 ], [ -164.6889, 60.828 ], [ -164.653, 60.9043 ], [ -164.8656, 60.8679 ], [ -164.9136, 60.9263 ] ] ], [ [ [ -141.0016, 61.904 ], [ -141.8318, 61.9041 ], [ -141.8318, 62.1172 ], [ -142.015, 62.1176 ], [ -141.9773, 62.164 ], [ -141.9774, 62.5106 ], [ -142.1258, 62.5106 ], [ -142.1261, 62.5972 ], [ -142.3136, 62.5972 ], [ -142.3136, 62.6838 ], [ -142.6237, 62.6838 ], [ -142.7312, 62.7083 ], [ -142.8486, 62.6005 ], [ -143.105, 62.6149 ], [ -143.1305, 62.6618 ], [ -143.0578, 62.7705 ], [ -143.1644, 62.8346 ], [ -143.0322, 62.9318 ], [ -143.0384, 62.9694 ], [ -143.1235, 63.0414 ], [ -143.1323, 63.117 ], [ -144.5802, 63.1169 ], [ -144.5802, 63.1312 ], [ -145.1544, 63.1311 ], [ -145.1544, 63.2178 ], [ -146.1115, 63.2178 ], [ -146.1408, 63.184 ], [ -146.3293, 63.1906 ], [ -146.4943, 63.169 ], [ -146.4943, 63.4776 ], [ -147.0, 63.4776 ], [ -148.0256, 63.4776 ], [ -148.0256, 63.3332 ], [ -149.4923, 63.3332 ], [ -150.482, 63.1183 ], [ -151.8765, 62.7981 ], [ -151.8938, 62.7259 ], [ -153.0019, 62.7258 ], [ -153.0017, 62.2926 ], [ -153.0701, 62.2926 ], [ -153.0701, 62.206 ], [ -153.395, 62.206 ], [ -153.395, 62.1193 ], [ -153.7619, 62.1193 ], [ -153.7619, 62.0327 ], [ -155.5063, 62.0327 ], [ -156.0172, 62.0327 ], [ -157.0639, 62.0326 ], [ -157.0639, 62.1193 ], [ -158.023, 62.1193 ], [ -158.5314, 62.1193 ], [ -158.5314, 62.0326 ], [ -159.265, 62.0326 ], [ -159.265, 61.946 ], [ -160.5347, 61.9459 ], [ -160.4695, 61.8693 ], [ -160.3977, 61.8512 ], [ -160.1877, 61.8352 ], [ -160.2026, 61.8103 ], [ -160.3501, 61.8191 ], [ -160.5977, 61.7602 ], [ -160.7752, 61.7385 ], [ -160.954, 61.6857 ], [ -161.1268, 61.5995 ], [ -161.4496, 61.5688 ], [ -161.5992, 61.5333 ], [ -161.6971, 61.5301 ], [ -161.8853, 61.4828 ], [ -162.0134, 61.4771 ], [ -162.3283, 61.5184 ], [ -162.4762, 61.504 ], [ -162.5058, 61.5564 ], [ -162.7175, 61.5369 ], [ -162.8472, 61.4987 ], [ -163.062, 61.4799 ], [ -163.1714, 61.4491 ], [ -163.4289, 61.4623 ], [ -163.5314, 61.4015 ], [ -163.5241, 61.3551 ], [ -163.6554, 61.3358 ], [ -163.7851, 61.3671 ], [ -163.9851, 61.372 ], [ -164.0086, 61.3232 ], [ -163.9792, 61.2618 ], [ -163.9209, 61.2107 ], [ -164.0176, 61.1929 ], [ -164.1215, 61.127 ], [ -164.2019, 61.1516 ], [ -164.2118, 61.0823 ], [ -164.1463, 61.0747 ], [ -164.1547, 61.0226 ], [ -164.2397, 60.9871 ], [ -164.3901, 60.9723 ], [ -164.5299, 60.9408 ], [ -164.6166, 60.979 ], [ -164.7976, 60.9825 ], [ -164.9383, 60.9534 ], [ -165.0005, 60.9636 ], [ -165.1334, 60.9202 ], [ -165.0324, 60.9038 ], [ -164.95, 60.9428 ], [ -164.8665, 60.9448 ], [ -164.8167, 60.9173 ], [ -164.6656, 60.9314 ], [ -164.5743, 60.9078 ], [ -164.5977, 60.8712 ], [ -164.5335, 60.8471 ], [ -164.1771, 60.8759 ], [ -163.979, 60.8616 ], [ -163.8259, 60.84 ], [ -163.7687, 60.8504 ], [ -163.5086, 60.7985 ], [ -163.4148, 60.7062 ], [ -163.4662, 60.6659 ], [ -163.6331, 60.5918 ], [ -163.6983, 60.5752 ], [ -163.7926, 60.5849 ], [ -163.814, 60.6214 ], [ -163.7793, 60.6626 ], [ -163.8097, 60.6917 ], [ -163.7806, 60.7539 ], [ -163.908, 60.7863 ], [ -164.0316, 60.7597 ], [ -164.1136, 60.6656 ], [ -164.2608, 60.6472 ], [ -164.3603, 60.5628 ], [ -164.4841, 60.5558 ], [ -164.4272, 60.5204 ], [ -164.4173, 60.4878 ], [ -164.5651, 60.4431 ], [ -164.5287, 60.3921 ], [ -164.6111, 60.3671 ], [ -164.6212, 60.3357 ], [ -164.6732, 60.2964 ], [ -164.6454, 60.2451 ], [ -164.5207, 60.2005 ], [ -164.3906, 60.0764 ], [ -164.2083, 60.0286 ], [ -164.1254, 59.9646 ], [ -164.2173, 59.9499 ], [ -164.1604, 59.8544 ], [ -164.0798, 59.8281 ], [ -163.9307, 59.8039 ], [ -163.7528, 59.7947 ], [ -163.5039, 59.8054 ], [ -163.1726, 59.8451 ], [ -163.0331, 59.8842 ], [ -162.9388, 59.9245 ], [ -162.7599, 59.9581 ], [ -162.7165, 59.9856 ], [ -162.5979, 59.975 ], [ -162.5036, 59.9993 ], [ -162.4619, 60.0698 ], [ -162.4943, 60.1107 ], [ -162.4567, 60.1976 ], [ -162.5869, 60.244 ], [ -162.5304, 60.2842 ], [ -162.462, 60.285 ], [ -162.3429, 60.2189 ], [ -162.2716, 60.2073 ], [ -162.1921, 60.1598 ], [ -162.2348, 60.088 ], [ -162.1717, 59.9842 ], [ -162.0938, 59.9344 ], [ -162.0951, 59.8903 ], [ -161.9615, 59.7982 ], [ -161.8865, 59.7042 ], [ -161.878, 59.6517 ], [ -161.8198, 59.589 ], [ -161.7051, 59.4993 ], [ -161.7858, 59.4657 ], [ -161.8894, 59.3946 ], [ -161.9517, 59.3805 ], [ -161.9653, 59.2953 ], [ -161.9445, 59.2633 ], [ -162.0283, 59.2231 ], [ -161.9825, 59.1517 ], [ -161.8846, 59.1469 ], [ -161.7465, 59.1064 ], [ -161.6205, 59.1348 ], [ -161.5863, 59.0774 ], [ -161.8062, 59.0144 ], [ -161.7902, 58.9017 ], [ -161.7538, 58.8097 ], [ -161.6508, 58.8005 ], [ -161.694, 58.761 ], [ -161.8663, 58.7065 ], [ -161.8679, 58.6593 ], [ -161.9447, 58.6478 ], [ -161.9855, 58.6799 ], [ -162.1538, 58.6384 ], [ -162.0681, 58.6205 ], [ -161.9307, 58.6317 ], [ -161.7159, 58.617 ], [ -161.7302, 58.5805 ], [ -161.5462, 58.6088 ], [ -161.5177, 58.6334 ], [ -161.3729, 58.6611 ], [ -161.3719, 58.7075 ], [ -161.2983, 58.7661 ], [ -161.1767, 58.784 ], [ -160.9919, 58.8531 ], [ -160.9633, 58.8757 ], [ -160.8303, 58.8702 ], [ -160.5336, 59.0052 ], [ -160.381, 59.0553 ], [ -160.2773, 59.0227 ], [ -160.2922, 58.9797 ], [ -160.249, 58.898 ], [ -160.1615, 58.8672 ], [ -160.017, 58.8828 ], [ -159.9023, 58.7757 ], [ -159.7968, 58.8049 ], [ -159.7347, 58.8966 ], [ -159.7513, 58.9257 ], [ -159.6446, 58.9383 ], [ -159.5852, 58.9 ], [ -159.637, 58.8471 ], [ -159.5017, 58.8243 ], [ -159.3906, 58.7624 ], [ -159.2422, 58.6191 ], [ -159.0594, 58.4212 ], [ -158.896, 58.3901 ], [ -158.7953, 58.4081 ], [ -158.6994, 58.4836 ], [ -158.7588, 58.5059 ], [ -158.7688, 58.5614 ], [ -158.8278, 58.6265 ], [ -158.8564, 58.6911 ], [ -158.7697, 58.7742 ], [ -158.7903, 58.8047 ], [ -158.7673, 58.8658 ], [ -158.6172, 58.9132 ], [ -158.614, 58.9372 ], [ -158.5031, 59.036 ], [ -158.4046, 59.0618 ], [ -158.441, 58.9706 ], [ -158.4978, 58.9451 ], [ -158.5052, 58.856 ], [ -158.5648, 58.8028 ], [ -158.4238, 58.7699 ], [ -158.3514, 58.7277 ], [ -158.315, 58.6523 ], [ -158.2322, 58.6199 ], [ -158.1402, 58.6151 ], [ -157.8553, 58.6783 ], [ -157.6964, 58.73 ], [ -157.5506, 58.7546 ], [ -157.3012, 58.8371 ], [ -157.1168, 58.8676 ], [ -156.9635, 58.9577 ], [ -156.9666, 58.9041 ], [ -157.0123, 58.8759 ], [ -157.0082, 58.8172 ], [ -157.0615, 58.7753 ], [ -157.0619, 58.7261 ], [ -157.2754, 58.6054 ], [ -157.3584, 58.5339 ], [ -157.4814, 58.4808 ], [ -157.5568, 58.3308 ], [ -157.5415, 58.2719 ], [ -157.4063, 58.1724 ], [ -157.5333, 58.1604 ], [ -157.5836, 58.1243 ], [ -157.6147, 57.9738 ], [ -157.671, 57.7729 ], [ -157.7037, 57.7218 ], [ -157.6915, 57.6113 ], [ -157.6019, 57.6223 ], [ -157.5593, 57.4658 ], [ -157.6807, 57.5292 ], [ -157.7724, 57.5471 ], [ -157.9316, 57.4763 ], [ -158.0105, 57.4015 ], [ -158.1496, 57.345 ], [ -158.3762, 57.2656 ], [ -158.6373, 57.0614 ], [ -158.6898, 56.9741 ], [ -158.6906, 56.9018 ], [ -158.6467, 56.847 ], [ -158.653, 56.8089 ], [ -158.7836, 56.7808 ], [ -158.893, 56.7963 ], [ -158.8906, 56.7541 ], [ -158.962, 56.7541 ], [ -159.017, 56.8131 ], [ -159.2379, 56.7302 ], [ -159.3244, 56.6704 ], [ -159.5379, 56.6181 ], [ -159.6978, 56.5695 ], [ -159.8281, 56.5439 ], [ -159.9383, 56.4742 ], [ -160.0826, 56.4111 ], [ -160.1441, 56.401 ], [ -160.2745, 56.3172 ], [ -160.3402, 56.2913 ], [ -160.3927, 56.2377 ], [ -160.4887, 56.0772 ], [ -160.5684, 56.0041 ], [ -160.5481, 55.9437 ], [ -160.4207, 55.9086 ], [ -160.2388, 55.8351 ], [ -160.3178, 55.819 ], [ -160.2868, 55.7648 ], [ -160.477, 55.7937 ], [ -160.4779, 55.8411 ], [ -160.5326, 55.8699 ], [ -160.6391, 55.8583 ], [ -160.7715, 55.886 ], [ -160.7577, 55.7858 ], [ -160.7868, 55.7266 ], [ -161.0171, 55.911 ], [ -160.9704, 55.9422 ], [ -160.8665, 55.9537 ], [ -160.8987, 55.999 ], [ -161.0764, 55.9421 ], [ -161.1929, 55.9614 ], [ -161.3941, 55.9633 ], [ -161.5856, 55.9373 ], [ -161.8078, 55.892 ], [ -161.899, 55.8335 ], [ -162.0157, 55.7818 ], [ -162.0761, 55.7708 ], [ -162.1471, 55.7184 ], [ -162.247, 55.68 ], [ -162.3437, 55.5974 ], [ -162.4837, 55.4952 ], [ -162.5052, 55.4247 ], [ -162.4834, 55.387 ], [ -162.5502, 55.3481 ], [ -162.6346, 55.3657 ], [ -162.7318, 55.3078 ], [ -162.8011, 55.306 ], [ -162.8676, 55.1823 ], [ -163.149, 55.1788 ], [ -163.3, 55.1326 ], [ -163.3305, 55.09 ], [ -163.2975, 55.0598 ], [ -163.2952, 54.9985 ], [ -163.3443, 54.9194 ], [ -163.3188, 54.8802 ], [ -163.3906, 54.8566 ], [ -163.3531, 54.8102 ], [ -163.2383, 54.8359 ], [ -163.1375, 54.8998 ], [ -163.0655, 54.9262 ], [ -163.0505, 54.9691 ], [ -163.1486, 55.014 ], [ -163.2171, 55.0281 ], [ -163.1685, 55.1291 ], [ -163.1205, 55.1275 ], [ -163.0015, 55.0801 ], [ -162.952, 54.9855 ], [ -162.8816, 54.9348 ], [ -162.7768, 54.9322 ], [ -162.7085, 54.9585 ], [ -162.696, 54.9947 ], [ -162.6151, 54.9879 ], [ -162.5724, 55.0199 ], [ -162.6277, 55.0902 ], [ -162.6304, 55.1851 ], [ -162.7181, 55.2199 ], [ -162.662, 55.2943 ], [ -162.5131, 55.2524 ], [ -162.461, 55.1258 ], [ -162.5209, 55.1154 ], [ -162.4713, 55.052 ], [ -162.4135, 55.0366 ], [ -162.2147, 55.0326 ], [ -162.1892, 55.0603 ], [ -162.2235, 55.1022 ], [ -162.1396, 55.1134 ], [ -162.0599, 55.0737 ], [ -161.9608, 55.1068 ], [ -161.9737, 55.1654 ], [ -162.0296, 55.2395 ], [ -161.9599, 55.2386 ], [ -161.9034, 55.205 ], [ -161.8535, 55.2774 ], [ -161.6864, 55.4081 ], [ -161.7134, 55.498 ], [ -161.587, 55.6201 ], [ -161.4162, 55.6324 ], [ -161.2878, 55.5921 ], [ -161.3025, 55.5405 ], [ -161.3932, 55.5633 ], [ -161.4714, 55.4786 ], [ -161.5076, 55.3628 ], [ -161.346, 55.3858 ], [ -161.3185, 55.3583 ], [ -161.2342, 55.3559 ], [ -161.192, 55.3802 ], [ -160.9973, 55.4403 ], [ -160.9442, 55.5079 ], [ -160.8491, 55.524 ], [ -160.8367, 55.4732 ], [ -160.7814, 55.4518 ], [ -160.6669, 55.4598 ], [ -160.6527, 55.5487 ], [ -160.58, 55.5644 ], [ -160.5366, 55.475 ], [ -160.4627, 55.5067 ], [ -160.4356, 55.5736 ], [ -160.3925, 55.6028 ], [ -160.433, 55.64 ], [ -160.1313, 55.6639 ], [ -160.1369, 55.7239 ], [ -160.0184, 55.7183 ], [ -160.0487, 55.7721 ], [ -160.0103, 55.7971 ], [ -159.8474, 55.8025 ], [ -159.811, 55.8566 ], [ -159.7128, 55.8464 ], [ -159.6181, 55.813 ], [ -159.6731, 55.751 ], [ -159.6921, 55.6554 ], [ -159.6141, 55.6326 ], [ -159.5451, 55.6466 ], [ -159.5371, 55.7285 ], [ -159.4946, 55.7635 ], [ -159.4702, 55.829 ], [ -159.3361, 55.8781 ], [ -159.0762, 55.9231 ], [ -158.9158, 55.9264 ], [ -158.8609, 55.9873 ], [ -158.7353, 55.9962 ], [ -158.7006, 55.9676 ], [ -158.6469, 56.0895 ], [ -158.6046, 56.1267 ], [ -158.5511, 56.0217 ], [ -158.4188, 56.0183 ], [ -158.4037, 56.1076 ], [ -158.3434, 56.1556 ], [ -158.2161, 56.1925 ], [ -158.368, 56.2183 ], [ -158.2163, 56.2684 ], [ -158.2, 56.2928 ], [ -158.5042, 56.3537 ], [ -158.4029, 56.4552 ], [ -158.3287, 56.4843 ], [ -158.1274, 56.4608 ], [ -158.1431, 56.5208 ], [ -157.9823, 56.5024 ], [ -157.8636, 56.4726 ], [ -157.8185, 56.505 ], [ -157.8345, 56.5609 ], [ -157.9626, 56.5692 ], [ -158.1091, 56.5314 ], [ -158.1075, 56.5656 ], [ -157.9124, 56.6461 ], [ -157.8394, 56.6466 ], [ -157.7369, 56.6764 ], [ -157.6727, 56.6122 ], [ -157.5353, 56.6141 ], [ -157.4595, 56.6284 ], [ -157.4809, 56.6715 ], [ -157.5507, 56.6811 ], [ -157.5307, 56.7538 ], [ -157.4335, 56.768 ], [ -157.4185, 56.7999 ], [ -157.4723, 56.8334 ], [ -157.3852, 56.8634 ], [ -157.2017, 56.7676 ], [ -157.0735, 56.8383 ], [ -157.0574, 56.8761 ], [ -156.8861, 56.9648 ], [ -156.8423, 56.905 ], [ -156.7973, 56.9117 ], [ -156.7814, 56.9719 ], [ -156.7037, 57.0326 ], [ -156.6671, 56.9981 ], [ -156.566, 56.985 ], [ -156.5768, 57.0435 ], [ -156.5164, 57.0508 ], [ -156.4416, 57.0947 ], [ -156.4648, 57.1248 ], [ -156.3685, 57.15 ], [ -156.3384, 57.1903 ], [ -156.4116, 57.2248 ], [ -156.3431, 57.251 ], [ -156.3219, 57.2934 ], [ -156.3631, 57.3219 ], [ -156.5551, 57.2824 ], [ -156.5397, 57.3201 ], [ -156.3394, 57.4177 ], [ -156.1343, 57.472 ], [ -156.0916, 57.4399 ], [ -156.0218, 57.4397 ], [ -156.0486, 57.5008 ], [ -156.044, 57.5645 ], [ -155.9152, 57.5354 ], [ -155.8481, 57.5678 ], [ -155.7328, 57.5498 ], [ -155.7016, 57.6417 ], [ -155.5945, 57.6612 ], [ -155.6264, 57.6936 ], [ -155.6182, 57.7878 ], [ -155.5571, 57.7892 ], [ -155.3785, 57.7108 ], [ -155.2917, 57.7358 ], [ -155.3358, 57.786 ], [ -155.3263, 57.8306 ], [ -155.097, 57.8654 ], [ -155.0618, 57.9043 ], [ -155.1224, 57.96 ], [ -155.0451, 57.9715 ], [ -155.0224, 58.0257 ], [ -154.8689, 58.0273 ], [ -154.8194, 58.0035 ], [ -154.7375, 58.013 ], [ -154.7219, 58.0505 ], [ -154.5686, 58.0258 ], [ -154.5346, 58.1069 ], [ -154.4492, 58.0932 ], [ -154.2163, 58.1428 ], [ -154.2727, 58.1655 ], [ -154.1427, 58.2147 ], [ -154.1282, 58.2665 ], [ -154.1747, 58.3588 ], [ -154.0453, 58.3565 ], [ -153.9853, 58.3909 ], [ -154.0719, 58.4406 ], [ -154.0565, 58.4893 ], [ -153.9348, 58.4945 ], [ -153.8972, 58.6061 ], [ -153.6775, 58.6116 ], [ -153.5914, 58.634 ], [ -153.5775, 58.6706 ], [ -153.4024, 58.7426 ], [ -153.3693, 58.8213 ], [ -153.318, 58.8869 ], [ -153.3984, 58.9661 ], [ -153.4799, 58.9953 ], [ -153.5472, 58.9838 ], [ -153.6247, 59.013 ], [ -153.7041, 59.0758 ], [ -153.8453, 59.053 ], [ -154.0634, 59.0722 ], [ -154.1377, 59.0195 ], [ -154.1952, 59.0695 ], [ -154.1667, 59.1006 ], [ -154.2148, 59.1516 ], [ -154.1411, 59.2166 ], [ -154.1135, 59.2997 ], [ -154.0191, 59.3293 ], [ -154.0877, 59.368 ], [ -153.8621, 59.4242 ], [ -153.7275, 59.4354 ], [ -153.6989, 59.4636 ], [ -153.771, 59.536 ], [ -153.5853, 59.5515 ], [ -153.5548, 59.6233 ], [ -153.4645, 59.6518 ], [ -153.4421, 59.7175 ], [ -153.3671, 59.6936 ], [ -153.4093, 59.6364 ], [ -153.3429, 59.6214 ], [ -153.2141, 59.6343 ], [ -153.0486, 59.6954 ], [ -152.9925, 59.8111 ], [ -153.0817, 59.834 ], [ -153.1443, 59.8076 ], [ -153.2285, 59.8534 ], [ -153.0024, 59.8868 ], [ -152.8608, 59.8751 ], [ -152.7064, 59.9153 ], [ -152.6793, 59.9681 ], [ -152.5991, 60.0162 ], [ -152.569, 60.0718 ], [ -152.6874, 60.1396 ], [ -152.7493, 60.2256 ], [ -152.6594, 60.2415 ], [ -152.6131, 60.2199 ], [ -152.3919, 60.3021 ], [ -152.3661, 60.3533 ], [ -152.2341, 60.3939 ], [ -152.3019, 60.4144 ], [ -152.3313, 60.4736 ], [ -152.3091, 60.5064 ], [ -152.195, 60.5697 ], [ -152.1014, 60.5918 ], [ -152.0417, 60.6627 ], [ -151.8485, 60.734 ], [ -151.7037, 60.7324 ], [ -151.8002, 60.8537 ], [ -151.6209, 60.9575 ], [ -151.4802, 61.0109 ], [ -151.3622, 61.0095 ], [ -151.3038, 61.033 ], [ -151.1665, 61.0464 ], [ -151.0248, 61.1784 ], [ -150.5996, 61.2778 ], [ -150.4843, 61.2473 ], [ -150.2048, 61.2596 ], [ -149.984, 61.2381 ], [ -149.9283, 61.2604 ], [ -149.9145, 61.3362 ], [ -149.8787, 61.3851 ], [ -149.8132, 61.3975 ], [ -149.7565, 61.4476 ], [ -149.616, 61.4942 ], [ -149.475, 61.5002 ], [ -149.4415, 61.4405 ], [ -149.7219, 61.3719 ], [ -149.7177, 61.3381 ], [ -149.8119, 61.3149 ], [ -149.9266, 61.2085 ], [ -150.0167, 61.2045 ], [ -150.0754, 61.1563 ], [ -149.8563, 61.0787 ], [ -149.7374, 61.0162 ], [ -149.6114, 60.9835 ], [ -149.5042, 60.9843 ], [ -149.3205, 60.9337 ], [ -149.1929, 60.9451 ], [ -149.1199, 60.8782 ], [ -149.2537, 60.8966 ], [ -149.4572, 60.9092 ], [ -149.5801, 60.9361 ], [ -149.6542, 60.9274 ], [ -149.7116, 60.9564 ], [ -149.8536, 60.9674 ], [ -149.9121, 60.9379 ], [ -150.0704, 60.9137 ], [ -150.262, 60.9479 ], [ -150.3416, 61.0242 ], [ -150.4018, 61.0363 ], [ -150.7058, 60.9378 ], [ -151.0626, 60.7874 ], [ -151.2529, 60.774 ], [ -151.2957, 60.7433 ], [ -151.4092, 60.7206 ], [ -151.3303, 60.5806 ], [ -151.2625, 60.5464 ], [ -151.2972, 60.3899 ], [ -151.3815, 60.3588 ], [ -151.3925, 60.2554 ], [ -151.4216, 60.213 ], [ -151.7022, 60.0328 ], [ -151.7576, 59.9177 ], [ -151.8694, 59.7692 ], [ -151.8291, 59.7201 ], [ -151.6865, 59.6609 ], [ -151.492, 59.6326 ], [ -151.4355, 59.6673 ], [ -151.3298, 59.6836 ], [ -151.0638, 59.7931 ], [ -150.983, 59.7835 ], [ -151.1165, 59.6961 ], [ -151.109, 59.6716 ], [ -151.2055, 59.6303 ], [ -151.1852, 59.592 ], [ -151.2473, 59.5641 ], [ -151.4236, 59.5446 ], [ -151.4856, 59.4755 ], [ -151.6451, 59.4858 ], [ -151.7521, 59.4475 ], [ -151.8865, 59.421 ], [ -151.8788, 59.3603 ], [ -151.9631, 59.345 ], [ -151.9917, 59.3102 ], [ -151.9787, 59.2538 ], [ -151.8878, 59.2506 ], [ -151.8743, 59.212 ], [ -151.7598, 59.2089 ], [ -151.7487, 59.1595 ], [ -151.5907, 59.1618 ], [ -151.5769, 59.2029 ], [ -151.4376, 59.254 ], [ -151.3207, 59.2124 ], [ -151.1633, 59.2027 ], [ -151.046, 59.2994 ], [ -151.0088, 59.231 ], [ -150.9421, 59.2332 ], [ -150.8877, 59.268 ], [ -150.913, 59.3011 ], [ -150.8365, 59.3559 ], [ -150.7698, 59.373 ], [ -150.7384, 59.4224 ], [ -150.6613, 59.4174 ], [ -150.5811, 59.4453 ], [ -150.5816, 59.493 ], [ -150.2561, 59.484 ], [ -150.2405, 59.5265 ], [ -150.18, 59.5351 ], [ -150.0593, 59.6626 ], [ -150.019, 59.6256 ], [ -149.9293, 59.6711 ], [ -149.8893, 59.7394 ], [ -149.7242, 59.6934 ], [ -149.818, 59.8328 ], [ -149.7192, 59.8834 ], [ -149.7438, 59.9461 ], [ -149.6929, 59.9513 ], [ -149.6434, 59.8985 ], [ -149.6705, 59.8421 ], [ -149.5921, 59.8452 ], [ -149.5685, 59.899 ], [ -149.3886, 59.9984 ], [ -149.439, 60.031 ], [ -149.4392, 60.1173 ], [ -149.3834, 60.1268 ], [ -149.3415, 60.0768 ], [ -149.3208, 59.9668 ], [ -149.2578, 59.8914 ], [ -149.2096, 59.9995 ], [ -149.0656, 60.058 ], [ -149.0415, 60.0308 ], [ -149.1222, 59.9648 ], [ -148.9968, 59.9514 ], [ -148.9583, 59.9707 ], [ -148.873, 59.9227 ], [ -148.7427, 59.9591 ], [ -148.6377, 59.916 ], [ -148.5535, 59.9556 ], [ -148.5342, 60.0222 ], [ -148.4299, 59.9485 ], [ -148.3753, 60.0666 ], [ -148.3947, 60.1067 ], [ -148.3497, 60.1399 ], [ -148.2461, 60.1179 ], [ -148.1351, 60.1645 ], [ -148.2757, 60.2493 ], [ -148.249, 60.2813 ], [ -148.0977, 60.3726 ], [ -147.958, 60.4213 ], [ -148.003, 60.4713 ], [ -147.9635, 60.5028 ], [ -148.0813, 60.5915 ], [ -148.1147, 60.5961 ], [ -148.2501, 60.5076 ], [ -148.3475, 60.4693 ], [ -148.3702, 60.5124 ], [ -148.2548, 60.5951 ], [ -148.2048, 60.6481 ], [ -148.3041, 60.7217 ], [ -148.5039, 60.7685 ], [ -148.609, 60.8244 ], [ -148.4345, 60.8304 ], [ -148.3895, 60.8056 ], [ -148.3096, 60.8378 ], [ -148.2803, 60.8963 ], [ -148.1989, 60.9716 ], [ -148.1644, 61.0427 ], [ -148.0486, 61.0192 ], [ -147.9747, 61.1104 ], [ -147.828, 61.1983 ], [ -147.7917, 61.1658 ], [ -147.9342, 61.0789 ], [ -147.9461, 61.0166 ], [ -148.107, 60.909 ], [ -148.1516, 60.8181 ], [ -148.134, 60.7913 ], [ -148.032, 60.7833 ], [ -147.7265, 60.883 ], [ -147.6435, 60.8438 ], [ -147.5867, 60.8795 ], [ -147.6214, 60.9672 ], [ -147.6046, 61.0292 ], [ -147.5373, 61.0517 ], [ -147.5422, 60.9649 ], [ -147.4733, 60.9577 ], [ -147.4389, 60.9167 ], [ -147.3617, 60.8842 ], [ -147.2539, 60.9494 ], [ -147.1795, 60.9325 ], [ -147.1156, 61.0003 ], [ -146.9715, 60.9968 ], [ -146.9731, 60.9348 ], [ -146.8822, 60.9635 ], [ -146.7657, 61.0426 ], [ -146.695, 61.0611 ], [ -146.6455, 61.1063 ], [ -146.3185, 61.1356 ], [ -146.2451, 61.0909 ], [ -146.329, 61.0786 ], [ -146.6202, 61.0808 ], [ -146.7233, 60.9739 ], [ -146.7347, 60.9298 ], [ -146.6973, 60.8732 ], [ -146.532, 60.8124 ], [ -146.3334, 60.8219 ], [ -146.3324, 60.7877 ], [ -146.605, 60.7586 ], [ -146.6927, 60.7262 ], [ -146.6233, 60.6804 ], [ -146.419, 60.6911 ], [ -146.3034, 60.7132 ], [ -146.0561, 60.7374 ], [ -146.2702, 60.6481 ], [ -146.1474, 60.6313 ], [ -145.9906, 60.6784 ], [ -146.0077, 60.6253 ], [ -145.8469, 60.6117 ], [ -145.6794, 60.6511 ], [ -145.7014, 60.5925 ], [ -145.7983, 60.5192 ], [ -145.9342, 60.4536 ], [ -145.8534, 60.4457 ], [ -145.7359, 60.4747 ], [ -145.6046, 60.4529 ], [ -145.4693, 60.4147 ], [ -145.1024, 60.4331 ], [ -145.0205, 60.5194 ], [ -144.8166, 60.5678 ], [ -144.7858, 60.5057 ], [ -144.7942, 60.4573 ], [ -144.8782, 60.3629 ], [ -144.886, 60.3046 ], [ -144.7492, 60.2858 ], [ -144.6458, 60.2462 ], [ -144.5963, 60.1817 ], [ -144.4919, 60.2041 ], [ -144.4466, 60.1636 ], [ -144.3781, 60.1889 ], [ -144.206, 60.1831 ], [ -144.2308, 60.1501 ], [ -144.0133, 60.047 ], [ -143.9892, 60.0088 ], [ -143.8933, 59.9958 ], [ -143.8933, 60.0242 ], [ -143.7184, 60.1493 ], [ -143.3685, 60.3981 ], [ -143.1935, 60.5218 ], [ -141.7906, 60.5219 ], [ -141.7906, 60.4352 ], [ -141.2135, 60.4353 ], [ -141.2134, 60.3917 ], [ -141.0019, 60.3917 ], [ -141.0019, 60.8353 ], [ -141.002, 61.2542 ], [ -141.0016, 61.904 ] ] ] ] } },
{ "type": "Feature", "properties": { "i": 3 }, "geometry": { "type": "MultiPolygon", "coordinates": [ [ [ [ -162.4273, 63.6371 ], [ -162.544, 63.6355 ], [ -162.6419, 63.6109 ], [ -162.6858, 63.5604 ], [ -162.562, 63.5371 ], [ -162.3496, 63.539 ], [ -162.3735, 63.621 ], [ -162.4273, 63.6371 ] ] ], [ [ [ -171.6662, 63.786 ], [ -171.743, 63.7836 ], [ -171.7423, 63.6655 ], [ -171.8318, 63.5824 ], [ -171.8494, 63.487 ], [ -171.8249, 63.4371 ], [ -171.7393, 63.3661 ], [ -171.5575, 63.3197 ], [ -171.4333, 63.3076 ], [ -171.3275, 63.3355 ], [ -171.2336, 63.3936 ], [ -171.1009, 63.4234 ], [ -170.8654, 63.4142 ], [ -170.5589, 63.355 ], [ -170.3648, 63.2856 ], [ -170.2571, 63.1782 ], [ -170.0665, 63.1725 ], [ -169.9633, 63.1419 ], [ -169.8299, 63.0786 ], [ -169.7724, 63.002 ], [ -169.6947, 62.9529 ], [ -169.5322, 62.9774 ], [ -169.577, 63.027 ], [ -169.535, 63.0744 ], [ -169.376, 63.1511 ], [ -169.1984, 63.176 ], [ -169.0427, 63.1765 ], [ -168.8587, 63.147 ], [ -168.725, 63.2284 ], [ -168.6929, 63.3023 ], [ -168.8772, 63.3306 ], [ -169.102, 63.338 ], [ -169.5205, 63.3659 ], [ -169.6565, 63.4299 ], [ -169.8571, 63.442 ], [ -170.027, 63.4807 ], [ -170.0767, 63.588 ], [ -170.282, 63.685 ], [ -170.4445, 63.692 ], [ -170.6522, 63.6604 ], [ -170.9072, 63.5721 ], [ -171.0445, 63.5804 ], [ -171.4517, 63.6444 ], [ -171.6237, 63.6846 ], [ -171.6662, 63.786 ] ] ], [ [ [ -141.0016, 61.904 ], [ -141.0014, 63.0223 ], [ -141.0013, 65.0001 ], [ -141.0025, 65.8394 ], [ -141.0027, 67.4712 ], [ -141.0027, 68.4984 ], [ -141.0006, 69.4999 ], [ -141.0006, 69.6472 ], [ -141.2035, 69.6841 ], [ -141.2545, 69.6371 ], [ -141.3728, 69.6338 ], [ -141.5365, 69.7271 ], [ -141.7792, 69.7927 ], [ -141.987, 69.8024 ], [ -142.0731, 69.8466 ], [ -142.2334, 69.8492 ], [ -142.3416, 69.8887 ], [ -142.3725, 69.93 ], [ -142.7685, 70.0463 ], [ -142.9595, 70.0539 ], [ -143.1599, 70.0992 ], [ -143.3238, 70.1049 ], [ -143.679, 70.0811 ], [ -143.885, 70.0825 ], [ -143.9874, 70.0609 ], [ -144.4885, 70.0175 ], [ -144.6187, 69.9693 ], [ -144.9439, 69.9642 ], [ -145.1751, 69.9917 ], [ -145.5302, 70.0575 ], [ -145.8594, 70.1661 ], [ -145.9262, 70.1439 ], [ -146.0863, 70.1417 ], [ -146.1715, 70.1658 ], [ -146.5227, 70.1889 ], [ -146.734, 70.1755 ], [ -146.8659, 70.1839 ], [ -146.9911, 70.1476 ], [ -147.1763, 70.1549 ], [ -147.2461, 70.1839 ], [ -147.5222, 70.2026 ], [ -147.6817, 70.2 ], [ -147.8066, 70.2479 ], [ -147.7975, 70.2822 ], [ -148.0084, 70.2886 ], [ -148.1117, 70.3433 ], [ -148.2087, 70.3434 ], [ -148.3632, 70.3026 ], [ -148.5001, 70.3165 ], [ -148.492, 70.3669 ], [ -148.7296, 70.4127 ], [ -148.8909, 70.3889 ], [ -149.0531, 70.4634 ], [ -149.1613, 70.4879 ], [ -149.5813, 70.4959 ], [ -149.7856, 70.4878 ], [ -149.8667, 70.5108 ], [ -150.1055, 70.4318 ], [ -150.2749, 70.4241 ], [ -150.4188, 70.496 ], [ -150.7885, 70.4924 ], [ -151.0622, 70.4155 ], [ -151.1714, 70.431 ], [ -151.2284, 70.3793 ], [ -151.4298, 70.4264 ], [ -151.5666, 70.4386 ], [ -151.8815, 70.4308 ], [ -151.918, 70.4726 ], [ -151.7743, 70.4853 ], [ -151.8167, 70.5457 ], [ -151.9758, 70.5632 ], [ -152.2191, 70.5391 ], [ -152.4217, 70.5684 ], [ -152.4721, 70.6836 ], [ -152.4227, 70.6891 ], [ -152.2902, 70.7815 ], [ -152.1859, 70.8015 ], [ -152.26, 70.8428 ], [ -152.5956, 70.8883 ], [ -152.7796, 70.883 ], [ -152.9007, 70.8974 ], [ -153.1344, 70.8965 ], [ -153.2534, 70.9208 ], [ -153.507, 70.8845 ], [ -153.7742, 70.8946 ], [ -153.8905, 70.8857 ], [ -153.9956, 70.8219 ], [ -154.1696, 70.7686 ], [ -154.3526, 70.8348 ], [ -154.5839, 70.8239 ], [ -154.6167, 70.9301 ], [ -154.5676, 70.9899 ], [ -154.6073, 71.0228 ], [ -154.7773, 71.0832 ], [ -154.9462, 71.0838 ], [ -155.0125, 71.0424 ], [ -155.1762, 71.102 ], [ -155.2738, 71.0647 ], [ -155.177, 71.0275 ], [ -155.3439, 71.0044 ], [ -155.507, 70.943 ], [ -155.485, 70.8564 ], [ -155.2839, 70.8451 ], [ -155.3177, 70.7875 ], [ -155.4913, 70.8321 ], [ -155.6348, 70.8198 ], [ -155.8751, 70.8289 ], [ -155.9675, 70.8839 ], [ -155.9896, 70.9634 ], [ -155.7233, 70.9827 ], [ -155.7055, 71.0202 ], [ -155.5106, 71.0812 ], [ -155.5669, 71.1651 ], [ -155.7432, 71.1947 ], [ -155.958, 71.1862 ], [ -156.1742, 71.2564 ], [ -156.342, 71.26 ], [ -156.5311, 71.2963 ], [ -156.6164, 71.3448 ], [ -156.8097, 71.2869 ], [ -157.0824, 71.1508 ], [ -157.2491, 71.0525 ], [ -157.5025, 70.9487 ], [ -157.7685, 70.8758 ], [ -158.0118, 70.8349 ], [ -158.3504, 70.8172 ], [ -158.6073, 70.7891 ], [ -158.9256, 70.7972 ], [ -158.9766, 70.767 ], [ -159.2756, 70.7595 ], [ -159.3873, 70.7734 ], [ -159.2339, 70.8417 ], [ -159.3149, 70.849 ], [ -159.6484, 70.7944 ], [ -160.1008, 70.6186 ], [ -160.2148, 70.5591 ], [ -160.4025, 70.4905 ], [ -160.6782, 70.4037 ], [ -160.7421, 70.3715 ], [ -161.3239, 70.2417 ], [ -161.6339, 70.2407 ], [ -161.7798, 70.2554 ], [ -161.923, 70.2916 ], [ -162.1592, 70.1531 ], [ -162.3125, 70.1093 ], [ -162.3319, 70.0402 ], [ -162.4628, 70.0422 ], [ -162.4715, 69.9831 ], [ -162.5938, 69.9141 ], [ -163.0126, 69.7575 ], [ -163.0308, 69.731 ], [ -162.917, 69.6925 ], [ -163.0328, 69.6693 ], [ -163.0121, 69.6151 ], [ -163.1097, 69.5864 ], [ -163.0356, 69.5592 ], [ -163.0363, 69.489 ], [ -163.0936, 69.3855 ], [ -163.2309, 69.2845 ], [ -163.2748, 69.2883 ], [ -163.5353, 69.1417 ], [ -163.7242, 69.0667 ], [ -163.9737, 68.985 ], [ -164.2532, 68.9309 ], [ -164.6158, 68.915 ], [ -164.8127, 68.8935 ], [ -165.3418, 68.8575 ], [ -165.5592, 68.8527 ], [ -166.212, 68.8798 ], [ -166.1901, 68.7905 ], [ -166.226, 68.5762 ], [ -166.3013, 68.5198 ], [ -166.3019, 68.4705 ], [ -166.3775, 68.4225 ], [ -166.7061, 68.3718 ], [ -166.6925, 68.3415 ], [ -166.5671, 68.3233 ], [ -166.2452, 68.2453 ], [ -165.9655, 68.1219 ], [ -165.7921, 68.0809 ], [ -165.4935, 68.0593 ], [ -165.2408, 67.9987 ], [ -165.1909, 67.9661 ], [ -164.8263, 67.8403 ], [ -164.5526, 67.7326 ], [ -164.1137, 67.6055 ], [ -163.995, 67.5255 ], [ -163.8788, 67.4161 ], [ -163.7586, 67.2564 ], [ -163.7413, 67.1291 ], [ -163.577, 67.0925 ], [ -163.0979, 67.0412 ], [ -162.9727, 67.0203 ], [ -162.8211, 67.0477 ], [ -162.6889, 67.0395 ], [ -162.4669, 66.9993 ], [ -162.2454, 66.9936 ], [ -162.1232, 67.0258 ], [ -161.8103, 67.0503 ], [ -161.5487, 66.9887 ], [ -161.4888, 66.9276 ], [ -161.5701, 66.8968 ], [ -161.6921, 66.945 ], [ -161.795, 66.8786 ], [ -161.7855, 66.8465 ], [ -161.8615, 66.7971 ], [ -161.8814, 66.7207 ], [ -161.6931, 66.6206 ], [ -161.5784, 66.5835 ], [ -161.4836, 66.5256 ], [ -161.3105, 66.5204 ], [ -161.2101, 66.5548 ], [ -161.1352, 66.6409 ], [ -160.8181, 66.6549 ], [ -160.699, 66.6002 ], [ -160.5403, 66.5772 ], [ -160.5038, 66.6116 ], [ -160.3473, 66.6222 ], [ -160.2151, 66.5212 ], [ -160.1965, 66.4821 ], [ -160.2362, 66.3904 ], [ -160.4795, 66.3741 ], [ -160.5438, 66.3595 ], [ -160.7886, 66.368 ], [ -160.9673, 66.4272 ], [ -161.0753, 66.4899 ], [ -161.2666, 66.5116 ], [ -161.3263, 66.4784 ], [ -161.574, 66.4386 ], [ -161.9158, 66.5514 ], [ -161.9688, 66.6027 ], [ -162.069, 66.6457 ], [ -162.0814, 66.6931 ], [ -162.0114, 66.7591 ], [ -162.0968, 66.7885 ], [ -162.2286, 66.8667 ], [ -162.2856, 66.9291 ], [ -162.5138, 66.9065 ], [ -162.6216, 66.8509 ], [ -162.5126, 66.7777 ], [ -162.5046, 66.738 ], [ -162.2896, 66.7218 ], [ -162.1754, 66.6878 ], [ -162.0979, 66.6099 ], [ -162.0028, 66.5795 ], [ -161.8642, 66.4882 ], [ -161.9081, 66.3448 ], [ -161.6944, 66.3962 ], [ -161.5256, 66.397 ], [ -161.3607, 66.3759 ], [ -161.1039, 66.3276 ], [ -160.9985, 66.2549 ], [ -160.994, 66.191 ], [ -161.3207, 66.2236 ], [ -161.347, 66.2601 ], [ -161.4845, 66.2625 ], [ -161.553, 66.2319 ], [ -161.6805, 66.1116 ], [ -161.8271, 65.9994 ], [ -162.0395, 66.0717 ], [ -162.1426, 66.0782 ], [ -162.2274, 66.0501 ], [ -162.3918, 66.0288 ], [ -162.4576, 66.0586 ], [ -162.6321, 66.0369 ], [ -162.7506, 66.0902 ], [ -162.9236, 66.0908 ], [ -163.0929, 66.063 ], [ -163.4958, 66.0854 ], [ -163.6358, 66.0579 ], [ -163.7296, 66.0616 ], [ -163.8473, 66.1222 ], [ -163.9259, 66.2163 ], [ -163.83, 66.272 ], [ -163.873, 66.3891 ], [ -163.7619, 66.4549 ], [ -163.7271, 66.5164 ], [ -163.7541, 66.5513 ], [ -163.9184, 66.5587 ], [ -163.9855, 66.5904 ], [ -164.4099, 66.5809 ], [ -164.6625, 66.5496 ], [ -165.1908, 66.4632 ], [ -165.8075, 66.3296 ], [ -166.2316, 66.213 ], [ -166.5078, 66.147 ], [ -167.1625, 65.9411 ], [ -167.326, 65.8817 ], [ -167.5067, 65.8302 ], [ -167.9574, 65.7339 ], [ -168.0897, 65.6927 ], [ -168.1298, 65.6284 ], [ -168.0752, 65.5764 ], [ -167.9096, 65.5509 ], [ -167.7239, 65.5026 ], [ -167.6198, 65.4574 ], [ -167.3985, 65.4003 ], [ -166.8483, 65.3744 ], [ -166.6113, 65.3515 ], [ -166.3991, 65.3057 ], [ -166.3035, 65.3115 ], [ -166.1512, 65.2877 ], [ -166.2008, 65.255 ], [ -166.377, 65.2588 ], [ -166.4753, 65.2243 ], [ -166.4642, 65.1771 ], [ -166.5954, 65.1184 ], [ -166.7259, 65.1093 ], [ -166.9314, 65.1432 ], [ -166.8604, 65.0909 ], [ -166.6965, 65.0359 ], [ -166.6908, 64.9854 ], [ -166.5305, 64.9371 ], [ -166.4156, 64.8719 ], [ -166.4123, 64.8241 ], [ -166.479, 64.797 ], [ -166.4838, 64.7334 ], [ -166.3924, 64.6382 ], [ -166.2369, 64.5836 ], [ -165.7669, 64.5379 ], [ -165.3358, 64.4877 ], [ -165.0019, 64.434 ], [ -164.7687, 64.5108 ], [ -164.6015, 64.5112 ], [ -164.5283, 64.5335 ], [ -164.3396, 64.5595 ], [ -164.0719, 64.5613 ], [ -163.9743, 64.5514 ], [ -163.8757, 64.573 ], [ -163.5978, 64.5634 ], [ -163.4514, 64.5349 ], [ -163.2529, 64.4695 ], [ -163.1699, 64.398 ], [ -163.1074, 64.4092 ], [ -163.1009, 64.4559 ], [ -163.0434, 64.4876 ], [ -163.3376, 64.5743 ], [ -163.2163, 64.6389 ], [ -163.0391, 64.5861 ], [ -162.8488, 64.4967 ], [ -162.8648, 64.4704 ], [ -162.8065, 64.4056 ], [ -162.8053, 64.3361 ], [ -162.6304, 64.3895 ], [ -162.59, 64.4831 ], [ -162.5399, 64.531 ], [ -162.2345, 64.6194 ], [ -162.2102, 64.6608 ], [ -162.0849, 64.6917 ], [ -161.9135, 64.7017 ], [ -161.8689, 64.7526 ], [ -161.6991, 64.7775 ], [ -161.5439, 64.7574 ], [ -161.4134, 64.7628 ], [ -161.293, 64.8533 ], [ -161.1496, 64.912 ], [ -161.0796, 64.8696 ], [ -160.8718, 64.8064 ], [ -160.7833, 64.7172 ], [ -160.802, 64.6104 ], [ -160.9928, 64.5413 ], [ -161.0241, 64.4998 ], [ -161.198, 64.4967 ], [ -161.3885, 64.5328 ], [ -161.469, 64.5066 ], [ -161.5048, 64.4231 ], [ -161.2199, 64.4106 ], [ -161.1639, 64.3379 ], [ -160.976, 64.2358 ], [ -160.9516, 64.0901 ], [ -160.8924, 63.986 ], [ -160.8107, 63.9047 ], [ -160.7656, 63.8326 ], [ -160.7655, 63.7736 ], [ -160.9351, 63.6368 ], [ -161.099, 63.5547 ], [ -161.1427, 63.5028 ], [ -161.3101, 63.4714 ], [ -161.5214, 63.4533 ], [ -161.7056, 63.4641 ], [ -161.813, 63.4395 ], [ -162.0255, 63.4476 ], [ -162.0131, 63.4845 ], [ -162.2549, 63.5418 ], [ -162.2711, 63.4877 ], [ -162.3515, 63.4552 ], [ -162.437, 63.3779 ], [ -162.6678, 63.2272 ], [ -162.821, 63.2056 ], [ -162.8438, 63.1554 ], [ -162.9632, 63.112 ], [ -163.0404, 63.0622 ], [ -163.3328, 63.0326 ], [ -163.4084, 63.0441 ], [ -163.5749, 63.0377 ], [ -163.4964, 63.0974 ], [ -163.8205, 63.1217 ], [ -163.7705, 63.2162 ], [ -163.885, 63.2224 ], [ -164.0365, 63.2612 ], [ -164.1343, 63.2608 ], [ -164.4138, 63.2148 ], [ -164.5453, 63.1533 ], [ -164.4864, 63.0853 ], [ -164.3657, 63.0634 ], [ -164.3284, 63.016 ], [ -164.4697, 63.032 ], [ -164.6682, 63.0276 ], [ -164.7882, 62.9416 ], [ -164.8444, 62.8085 ], [ -164.8504, 62.7247 ], [ -164.8159, 62.6497 ], [ -164.6943, 62.6115 ], [ -164.8375, 62.5778 ], [ -164.8409, 62.5337 ], [ -165.046, 62.5405 ], [ -165.2692, 62.4274 ], [ -165.3142, 62.3646 ], [ -165.362, 62.3465 ], [ -165.6755, 62.1356 ], [ -165.7435, 62.0623 ], [ -165.7567, 62.0064 ], [ -165.7034, 61.9216 ], [ -165.6, 61.8597 ], [ -165.8075, 61.8292 ], [ -165.9714, 61.8315 ], [ -166.092, 61.8008 ], [ -166.0086, 61.7348 ], [ -165.8221, 61.6707 ], [ -166.1349, 61.6331 ], [ -166.1826, 61.5885 ], [ -166.0767, 61.533 ], [ -165.964, 61.556 ], [ -165.8077, 61.5339 ], [ -165.7479, 61.4793 ], [ -165.8717, 61.4302 ], [ -165.8927, 61.3618 ], [ -165.859, 61.3189 ], [ -165.6759, 61.2931 ], [ -165.5987, 61.2508 ], [ -165.632, 61.2207 ], [ -165.5895, 61.1089 ], [ -165.5496, 61.0882 ], [ -165.3434, 61.0706 ], [ -165.3474, 61.1291 ], [ -165.2896, 61.1818 ], [ -165.1665, 61.1363 ], [ -165.1198, 61.0786 ], [ -165.0113, 61.052 ], [ -165.0203, 61.0112 ], [ -165.1339, 61.0113 ], [ -165.1949, 60.98 ], [ -165.1334, 60.9202 ], [ -165.0005, 60.9636 ], [ -164.9383, 60.9534 ], [ -164.7976, 60.9825 ], [ -164.6166, 60.979 ], [ -164.5299, 60.9408 ], [ -164.3901, 60.9723 ], [ -164.2397, 60.9871 ], [ -164.1547, 61.0226 ], [ -164.1463, 61.0747 ], [ -164.2118, 61.0823 ], [ -164.2019, 61.1516 ], [ -164.1215, 61.127 ], [ -164.0176, 61.1929 ], [ -163.9209, 61.2107 ], [ -163.9792, 61.2618 ], [ -164.0086, 61.3232 ], [ -163.9851, 61.372 ], [ -163.7851, 61.3671 ], [ -163.6554, 61.3358 ], [ -163.5241, 61.3551 ], [ -163.5314, 61.4015 ], [ -163.4289, 61.4623 ], [ -163.1714, 61.4491 ], [ -163.062, 61.4799 ], [ -162.8472, 61.4987 ], [ -162.7175, 61.5369 ], [ -162.5058, 61.5564 ], [ -162.4762, 61.504 ], [ -162.3283, 61.5184 ], [ -162.0134, 61.4771 ], [ -161.8853, 61.4828 ], [ -161.6971, 61.5301 ], [ -161.5992, 61.5333 ], [ -161.4496, 61.5688 ], [ -161.1268, 61.5995 ], [ -160.954, 61.6857 ], [ -160.7752, 61.7385 ], [ -160.5977, 61.7602 ], [ -160.3501, 61.8191 ], [ -160.2026, 61.8103 ], [ -160.1877, 61.8352 ], [ -160.3977, 61.8512 ], [ -160.4695, 61.8693 ], [ -160.5347, 61.9459 ], [ -159.265, 61.946 ], [ -159.265, 62.0326 ], [ -158.5314, 62.0326 ], [ -158.5314, 62.1193 ], [ -158.023, 62.1193 ], [ -157.0639, 62.1193 ], [ -157.0639, 62.0326 ], [ -156.0172, 62.0327 ], [ -155.5063, 62.0327 ], [ -153.7619, 62.0327 ], [ -153.7619, 62.1193 ], [ -153.395, 62.1193 ], [ -153.395, 62.206 ], [ -153.0701, 62.206 ], [ -153.0701, 62.2926 ], [ -153.0017, 62.2926 ], [ -153.0019, 62.7258 ], [ -151.8938, 62.7259 ], [ -151.8765, 62.7981 ], [ -150.482, 63.1183 ], [ -149.4923, 63.3332 ], [ -148.0256, 63.3332 ], [ -148.0256, 63.4776 ], [ -147.0, 63.4776 ], [ -146.4943, 63.4776 ], [ -146.4943, 63.169 ], [ -146.3293, 63.1906 ], [ -146.1408, 63.184 ], [ -146.1115, 63.2178 ], [ -145.1544, 63.2178 ], [ -145.1544, 63.1311 ], [ -144.5802, 63.1312 ], [ -144.5802, 63.1169 ], [ -143.1323, 63.117 ], [ -143.1235, 63.0414 ], [ -143.0384, 62.9694 ], [ -143.0322, 62.9318 ], [ -143.1644, 62.8346 ], [ -143.0578, 62.7705 ], [ -143.1305, 62.6618 ], [ -143.105, 62.6149 ], [ -142.8486, 62.6005 ], [ -142.7312, 62.7083 ], [ -142.6237, 62.6838 ], [ -142.3136, 62.6838 ], [ -142.3136, 62.5972 ], [ -142.1261, 62.5972 ], [ -142.1258, 62.5106 ], [ -141.9774, 62.5106 ], [ -141.9773, 62.164 ], [ -142.015, 62.1176 ], [ -141.8318, 62.1172 ], [ -141.8318, 61.9041 ], [ -141.0016, 61.904 ] ] ] ] } },
{ "type": "Feature", "properties": { "i": 4 }, "geometry": { "type": "MultiPolygon", "coordinates": [ [ [ [ -132.7316, 54.9404 ], [ -132.8067, 54.9193 ], [ -132.8093, 54.8797 ], [ -132.7066, 54.8164 ], [ -132.6327, 54.8889 ], [ -132.7316, 54.9404 ] ] ], [ [ [ -131.25, 55.0026 ], [ -131.3139, 54.9674 ], [ -131.4017, 54.9755 ], [ -131.4803, 54.9562 ], [ -131.4819, 54.9072 ], [ -131.3408, 54.8603 ], [ -131.2168, 54.8974 ], [ -131.2571, 54.9717 ], [ -131.25, 55.0026 ] ] ], [ [ [ -132.8381, 55.2016 ], [ -132.8971, 55.1545 ], [ -132.883, 55.1097 ], [ -132.8312, 55.0845 ], [ -132.873, 55.0245 ], [ -132.7674, 54.9987 ], [ -132.6836, 55.0474 ], [ -132.7356, 55.1342 ], [ -132.8381, 55.2016 ] ] ], [ [ [ -133.1219, 55.2626 ], [ -133.2229, 55.2419 ], [ -133.1908, 55.195 ], [ -133.237, 55.1803 ], [ -133.2115, 55.1066 ], [ -133.2388, 55.0822 ], [ -133.1738, 55.0233 ], [ -133.1575, 54.9447 ], [ -133.0214, 54.8706 ], [ -132.9749, 54.8024 ], [ -132.8971, 54.7742 ], [ -132.8408, 54.6886 ], [ -132.6737, 54.6764 ], [ -132.7496, 54.758 ], [ -132.722, 54.7756 ], [ -132.7736, 54.836 ], [ -132.8562, 54.896 ], [ -132.9562, 54.9404 ], [ -132.9543, 55.0161 ], [ -133.0261, 55.0336 ], [ -133.0096, 55.1238 ], [ -133.0515, 55.1335 ], [ -133.1219, 55.2626 ] ] ], [ [ [ -131.5703, 55.2855 ], [ -131.6069, 55.2387 ], [ -131.5823, 55.1782 ], [ -131.532, 55.1475 ], [ -131.6119, 55.1018 ], [ -131.6303, 55.0406 ], [ -131.5316, 55.0379 ], [ -131.4807, 55.0105 ], [ -131.3802, 55.0151 ], [ -131.352, 55.1214 ], [ -131.3881, 55.202 ], [ -131.465, 55.224 ], [ -131.5703, 55.2855 ] ] ], [ [ [ -133.35, 55.3451 ], [ -133.4625, 55.3186 ], [ -133.4549, 55.2171 ], [ -133.3422, 55.2058 ], [ -133.254, 55.222 ], [ -133.2306, 55.2697 ], [ -133.299, 55.2912 ], [ -133.35, 55.3451 ] ] ], [ [ [ -131.8407, 55.4228 ], [ -131.8691, 55.3178 ], [ -131.8282, 55.1892 ], [ -131.7441, 55.1509 ], [ -131.6883, 55.2248 ], [ -131.6884, 55.2818 ], [ -131.6172, 55.2932 ], [ -131.7091, 55.3579 ], [ -131.8407, 55.4228 ] ] ], [ [ [ -133.5892, 55.4324 ], [ -133.6231, 55.3648 ], [ -133.67, 55.3281 ], [ -133.6696, 55.2775 ], [ -133.6106, 55.2538 ], [ -133.5702, 55.3344 ], [ -133.4654, 55.3747 ], [ -133.4636, 55.4119 ], [ -133.5892, 55.4324 ] ] ], [ [ [ -133.5218, 55.5298 ], [ -133.5449, 55.4866 ], [ -133.6184, 55.4577 ], [ -133.5299, 55.4286 ], [ -133.4397, 55.4462 ], [ -133.4376, 55.4922 ], [ -133.5218, 55.5298 ] ] ], [ [ [ -133.7249, 55.5591 ], [ -133.7173, 55.5245 ], [ -133.7856, 55.4843 ], [ -133.6687, 55.4384 ], [ -133.5842, 55.538 ], [ -133.7249, 55.5591 ] ] ], [ [ [ -133.411, 55.5692 ], [ -133.4506, 55.5195 ], [ -133.3516, 55.4652 ], [ -133.289, 55.5022 ], [ -133.2896, 55.5394 ], [ -133.3403, 55.5689 ], [ -133.411, 55.5692 ] ] ], [ [ [ -133.5802, 55.8373 ], [ -133.6514, 55.8251 ], [ -133.7041, 55.7799 ], [ -133.6592, 55.7392 ], [ -133.5286, 55.6922 ], [ -133.4885, 55.7346 ], [ -133.3492, 55.7553 ], [ -133.3758, 55.785 ], [ -133.4889, 55.7905 ], [ -133.5802, 55.8373 ] ] ], [ [ [ -133.3019, 55.9125 ], [ -133.3519, 55.8776 ], [ -133.326, 55.817 ], [ -133.2613, 55.7735 ], [ -133.2169, 55.8215 ], [ -133.2234, 55.8643 ], [ -133.3019, 55.9125 ] ] ], [ [ [ -134.2686, 55.9301 ], [ -134.3228, 55.9094 ], [ -134.3426, 55.8431 ], [ -134.2774, 55.8358 ], [ -134.1667, 55.8926 ], [ -134.2686, 55.9301 ] ] ], [ [ [ -133.8738, 55.9386 ], [ -133.9496, 55.8976 ], [ -133.908, 55.846 ], [ -133.8405, 55.8898 ], [ -133.8738, 55.9386 ] ] ], [ [ [ -131.2641, 55.9725 ], [ -131.4129, 55.9326 ], [ -131.458, 55.936 ], [ -131.5935, 55.8935 ], [ -131.5415, 55.8333 ], [ -131.7113, 55.8347 ], [ -131.6302, 55.7837 ], [ -131.7185, 55.7488 ], [ -131.6997, 55.6969 ], [ -131.7231, 55.6348 ], [ -131.6273, 55.6008 ], [ -131.7159, 55.5171 ], [ -131.8306, 55.4489 ], [ -131.699, 55.3555 ], [ -131.5498, 55.2938 ], [ -131.4664, 55.3743 ], [ -131.3885, 55.3395 ], [ -131.4804, 55.3022 ], [ -131.454, 55.2754 ], [ -131.3555, 55.2597 ], [ -131.2858, 55.2858 ], [ -131.2534, 55.3304 ], [ -131.2881, 55.3774 ], [ -131.2004, 55.389 ], [ -131.2406, 55.2868 ], [ -131.3164, 55.2489 ], [ -131.2605, 55.2061 ], [ -131.1542, 55.1998 ], [ -131.1515, 55.2286 ], [ -131.0649, 55.2605 ], [ -131.0229, 55.354 ], [ -130.9708, 55.3918 ], [ -130.9951, 55.4735 ], [ -130.9847, 55.5622 ], [ -130.9404, 55.6185 ], [ -130.9731, 55.7055 ], [ -131.0534, 55.7739 ], [ -131.0741, 55.8301 ], [ -131.2641, 55.9725 ] ] ], [ [ [ -131.4278, 55.996 ], [ -131.473, 55.9856 ], [ -131.5941, 55.9337 ], [ -131.5052, 55.9215 ], [ -131.4066, 55.9615 ], [ -131.4278, 55.996 ] ] ], [ [ [ -133.4235, 56.1627 ], [ -133.5031, 56.123 ], [ -133.6153, 56.14 ], [ -133.8149, 55.9416 ], [ -133.698, 55.9103 ], [ -133.6337, 55.967 ], [ -133.5577, 55.9748 ], [ -133.4011, 56.0193 ], [ -133.2886, 56.0186 ], [ -133.3217, 56.0937 ], [ -133.2873, 56.1481 ], [ -133.3448, 56.1494 ], [ -133.4235, 56.1627 ] ] ], [ [ [ -132.4314, 56.3514 ], [ -132.5732, 56.2968 ], [ -132.6001, 56.2386 ], [ -132.6869, 56.2391 ], [ -132.7159, 56.2153 ], [ -132.7206, 56.1432 ], [ -132.6666, 56.06 ], [ -132.5922, 56.0837 ], [ -132.4952, 56.0639 ], [ -132.4507, 56.0162 ], [ -132.4276, 55.9477 ], [ -132.3597, 55.9176 ], [ -132.2367, 55.9275 ], [ -132.1996, 55.9874 ], [ -132.2116, 56.0371 ], [ -132.1076, 56.1121 ], [ -132.1964, 56.1697 ], [ -132.3225, 56.19 ], [ -132.3714, 56.2275 ], [ -132.3786, 56.3088 ], [ -132.4314, 56.3514 ] ] ], [ [ [ -133.6109, 56.3565 ], [ -133.6569, 56.328 ], [ -133.6291, 56.2496 ], [ -133.6498, 56.198 ], [ -133.5295, 56.1884 ], [ -133.4763, 56.1723 ], [ -133.3709, 56.1567 ], [ -133.2808, 56.158 ], [ -133.2927, 56.0829 ], [ -133.2663, 56.0523 ], [ -133.271, 55.9456 ], [ -133.2492, 55.8939 ], [ -133.1649, 55.8298 ], [ -133.2584, 55.7458 ], [ -133.3903, 55.7287 ], [ -133.3866, 55.6207 ], [ -133.2761, 55.5769 ], [ -133.1731, 55.5913 ], [ -133.078, 55.6222 ], [ -133.0881, 55.5554 ], [ -133.1558, 55.4767 ], [ -133.0237, 55.3812 ], [ -133.2271, 55.3826 ], [ -133.2797, 55.3378 ], [ -133.236, 55.2847 ], [ -133.0163, 55.2698 ], [ -133.0387, 55.2085 ], [ -132.8229, 55.2428 ], [ -132.801, 55.1817 ], [ -132.5598, 55.1077 ], [ -132.5901, 55.0383 ], [ -132.549, 55.0188 ], [ -132.6043, 54.9614 ], [ -132.5019, 54.8989 ], [ -132.3878, 54.9151 ], [ -132.3112, 54.8505 ], [ -132.3124, 54.7219 ], [ -132.2669, 54.7277 ], [ -132.1359, 54.6896 ], [ -132.0255, 54.6976 ], [ -132.0002, 54.7659 ], [ -131.963, 54.7837 ], [ -131.9827, 54.9994 ], [ -132.0873, 55.0685 ], [ -132.0023, 55.1048 ], [ -132.037, 55.1461 ], [ -131.9764, 55.1885 ], [ -131.9925, 55.2581 ], [ -132.0366, 55.2777 ], [ -132.0884, 55.2065 ], [ -132.1617, 55.2189 ], [ -132.2674, 55.2081 ], [ -132.2577, 55.2572 ], [ -132.1417, 55.2381 ], [ -132.0996, 55.2634 ], [ -132.1526, 55.346 ], [ -132.2311, 55.3811 ], [ -132.2635, 55.4175 ], [ -132.3521, 55.4134 ], [ -132.3265, 55.4764 ], [ -132.3965, 55.4757 ], [ -132.4124, 55.5163 ], [ -132.5603, 55.5021 ], [ -132.5284, 55.5554 ], [ -132.4821, 55.5657 ], [ -132.1446, 55.4601 ], [ -132.182, 55.5056 ], [ -132.3009, 55.5573 ], [ -132.3756, 55.6622 ], [ -132.4567, 55.6904 ], [ -132.491, 55.7567 ], [ -132.4767, 55.7909 ], [ -132.6159, 55.9088 ], [ -132.807, 56.0119 ], [ -132.921, 56.0342 ], [ -132.9316, 56.0603 ], [ -133.095, 56.0495 ], [ -133.0358, 56.1896 ], [ -133.0745, 56.2469 ], [ -133.1539, 56.3122 ], [ -133.3577, 56.3411 ], [ -133.4454, 56.3316 ], [ -133.6109, 56.3565 ] ] ], [ [ [ -132.4904, 56.4397 ], [ -132.5618, 56.3928 ], [ -132.5008, 56.3524 ], [ -132.4171, 56.4147 ], [ -132.4904, 56.4397 ] ] ], [ [ [ -132.744, 56.4575 ], [ -132.8279, 56.4417 ], [ -132.9251, 56.4581 ], [ -133.007, 56.4155 ], [ -133.0661, 56.3308 ], [ -132.9604, 56.2962 ], [ -132.8727, 56.2324 ], [ -132.6581, 56.2767 ], [ -132.6843, 56.3491 ], [ -132.6223, 56.3895 ], [ -132.6634, 56.438 ], [ -132.744, 56.4575 ] ] ], [ [ [ -132.3851, 56.4884 ], [ -132.3431, 56.4123 ], [ -132.3399, 56.342 ], [ -132.3629, 56.2805 ], [ -132.2758, 56.2075 ], [ -132.0252, 56.135 ], [ -132.0161, 56.183 ], [ -131.9211, 56.2043 ], [ -132.029, 56.3517 ], [ -132.0949, 56.371 ], [ -132.1604, 56.3462 ], [ -132.238, 56.3964 ], [ -132.2534, 56.4495 ], [ -132.3851, 56.4884 ] ] ], [ [ [ -132.9879, 56.5907 ], [ -133.0746, 56.5798 ], [ -133.0433, 56.5205 ], [ -132.9881, 56.5106 ], [ -132.9879, 56.5907 ] ] ], [ [ [ -132.9215, 56.8125 ], [ -132.9809, 56.804 ], [ -132.9771, 56.7828 ], [ -132.9315, 56.7245 ], [ -132.9249, 56.6358 ], [ -132.9721, 56.6067 ], [ -132.9504, 56.5095 ], [ -132.7966, 56.4964 ], [ -132.5434, 56.5834 ], [ -132.6318, 56.6448 ], [ -132.6328, 56.6686 ], [ -132.7421, 56.7143 ], [ -132.8284, 56.7952 ], [ -132.9215, 56.8125 ] ] ], [ [ [ -134.2596, 56.9374 ], [ -134.4202, 56.8433 ], [ -134.4001, 56.7286 ], [ -134.3418, 56.6663 ], [ -134.2562, 56.6679 ], [ -134.2673, 56.5612 ], [ -134.0794, 56.4738 ], [ -134.0345, 56.4187 ], [ -134.2356, 56.4108 ], [ -134.2315, 56.3659 ], [ -134.2934, 56.3528 ], [ -134.2948, 56.3111 ], [ -134.2375, 56.1737 ], [ -134.2597, 56.1323 ], [ -134.2099, 56.1048 ], [ -134.2322, 56.0693 ], [ -134.1543, 56.0471 ], [ -134.1133, 56.1061 ], [ -134.1961, 56.1699 ], [ -134.0111, 56.1713 ], [ -134.0432, 56.1166 ], [ -133.9562, 56.099 ], [ -133.937, 56.2132 ], [ -133.8817, 56.2212 ], [ -133.9206, 56.2778 ], [ -133.9968, 56.3051 ], [ -133.9502, 56.3445 ], [ -133.8918, 56.2897 ], [ -133.8328, 56.3249 ], [ -133.9171, 56.3755 ], [ -133.8455, 56.4391 ], [ -133.8742, 56.521 ], [ -133.8165, 56.6082 ], [ -133.7763, 56.5584 ], [ -133.7042, 56.6074 ], [ -133.7604, 56.6959 ], [ -133.7282, 56.7715 ], [ -133.8791, 56.8112 ], [ -133.8626, 56.7486 ], [ -133.9202, 56.7507 ], [ -133.9661, 56.8232 ], [ -134.0263, 56.8793 ], [ -134.2596, 56.9374 ] ] ], [ [ [ -133.8879, 57.0975 ], [ -134.0118, 57.0715 ], [ -134.0414, 57.0232 ], [ -133.9816, 56.9984 ], [ -133.8204, 56.898 ], [ -133.8713, 56.8595 ], [ -133.7713, 56.8067 ], [ -133.721, 56.8221 ], [ -133.6805, 56.7337 ], [ -133.7102, 56.6522 ], [ -133.6495, 56.5907 ], [ -133.6735, 56.5388 ], [ -133.6585, 56.445 ], [ -133.5079, 56.4378 ], [ -133.3744, 56.4962 ], [ -133.2036, 56.4478 ], [ -133.1257, 56.4862 ], [ -133.0947, 56.5406 ], [ -133.1144, 56.6216 ], [ -133.2487, 56.6343 ], [ -133.2911, 56.6723 ], [ -133.2422, 56.7013 ], [ -133.3437, 56.7655 ], [ -133.2653, 56.817 ], [ -133.1879, 56.7089 ], [ -133.1074, 56.6693 ], [ -133.0259, 56.6045 ], [ -132.9584, 56.6274 ], [ -132.9356, 56.6665 ], [ -132.9878, 56.7968 ], [ -133.0043, 56.8098 ], [ -132.9687, 56.8191 ], [ -132.94, 56.8389 ], [ -132.9961, 56.9398 ], [ -133.1067, 57.0016 ], [ -133.35, 57.0037 ], [ -133.534, 57.0349 ], [ -133.5986, 57.058 ], [ -133.6988, 57.0631 ], [ -133.8879, 57.0975 ] ] ], [ [ [ -135.5276, 57.2252 ], [ -135.5521, 57.1625 ], [ -135.4538, 57.1786 ], [ -135.5276, 57.2252 ] ] ], [ [ [ -135.4689, 57.2503 ], [ -135.5139, 57.2301 ], [ -135.4542, 57.1848 ], [ -135.3981, 57.2193 ], [ -135.4689, 57.2503 ] ] ], [ [ [ -135.7632, 57.3435 ], [ -135.8573, 57.2685 ], [ -135.8177, 57.2041 ], [ -135.755, 57.1701 ], [ -135.7598, 57.1158 ], [ -135.8424, 57.0854 ], [ -135.8582, 56.9978 ], [ -135.7152, 57.0044 ], [ -135.6033, 57.048 ], [ -135.5998, 57.1463 ], [ -135.6263, 57.2317 ], [ -135.6892, 57.2794 ], [ -135.705, 57.3283 ], [ -135.7632, 57.3435 ] ] ], [ [ [ -134.947, 57.4255 ], [ -134.9591, 57.38 ], [ -134.859, 57.3152 ], [ -134.804, 57.3406 ], [ -134.8408, 57.3916 ], [ -134.947, 57.4255 ] ] ], [ [ [ -135.4157, 57.5569 ], [ -135.5485, 57.5045 ], [ -135.5292, 57.4587 ], [ -135.6928, 57.3538 ], [ -135.6075, 57.3017 ], [ -135.5601, 57.2413 ], [ -135.476, 57.2583 ], [ -135.3713, 57.2318 ], [ -135.3756, 57.1472 ], [ -135.4015, 57.1009 ], [ -135.3388, 57.0478 ], [ -135.2522, 57.0326 ], [ -135.2865, 56.9926 ], [ -135.3716, 56.9786 ], [ -135.3774, 56.8195 ], [ -135.293, 56.7768 ], [ -135.1885, 56.8275 ], [ -135.1262, 56.6005 ], [ -135.0017, 56.6339 ], [ -134.9975, 56.5773 ], [ -135.058, 56.5682 ], [ -135.0585, 56.5275 ], [ -134.9351, 56.4036 ], [ -134.8992, 56.3429 ], [ -134.8091, 56.3241 ], [ -134.8184, 56.2792 ], [ -134.7738, 56.2193 ], [ -134.6529, 56.2019 ], [ -134.6791, 56.2726 ], [ -134.6334, 56.3165 ], [ -134.6498, 56.4289 ], [ -134.6397, 56.4775 ], [ -134.6704, 56.5315 ], [ -134.6297, 56.5503 ], [ -134.6165, 56.6364 ], [ -134.6743, 56.825 ], [ -134.7084, 56.8367 ], [ -134.6974, 56.9003 ], [ -134.8041, 57.1608 ], [ -134.8501, 57.2073 ], [ -134.842, 57.2484 ], [ -134.9483, 57.2734 ], [ -134.9473, 57.3566 ], [ -135.0321, 57.4081 ], [ -135.1569, 57.4447 ], [ -135.1895, 57.4799 ], [ -135.2704, 57.4672 ], [ -135.3235, 57.538 ], [ -135.4157, 57.5569 ] ] ], [ [ [ -136.2, 57.7168 ], [ -136.2431, 57.6712 ], [ -136.1788, 57.6513 ], [ -136.1397, 57.6977 ], [ -136.2, 57.7168 ] ] ], [ [ [ -136.4993, 58.1058 ], [ -136.5557, 58.0685 ], [ -136.5321, 57.9873 ], [ -136.573, 57.9188 ], [ -136.4679, 57.8929 ], [ -136.3763, 57.9383 ], [ -136.3873, 57.9529 ], [ -136.3612, 58.0294 ], [ -136.4993, 58.1058 ] ] ], [ [ [ -135.797, 58.2878 ], [ -135.9057, 58.247 ], [ -135.9901, 58.1914 ], [ -136.1392, 58.2246 ], [ -136.1977, 58.1844 ], [ -136.2968, 58.2226 ], [ -136.3689, 58.1496 ], [ -136.4436, 58.1242 ], [ -136.4241, 58.0794 ], [ -136.3536, 58.0505 ], [ -136.376, 57.966 ], [ -136.3639, 57.9228 ], [ -136.4214, 57.854 ], [ -136.1203, 57.6919 ], [ -136.1613, 57.6584 ], [ -136.0495, 57.6347 ], [ -136.0728, 57.6008 ], [ -136.0245, 57.5577 ], [ -136.0179, 57.503 ], [ -135.9249, 57.4548 ], [ -135.8421, 57.3902 ], [ -135.7101, 57.3701 ], [ -135.6219, 57.4109 ], [ -135.548, 57.4797 ], [ -135.5809, 57.5178 ], [ -135.5713, 57.5962 ], [ -135.7466, 57.6607 ], [ -135.729, 57.7203 ], [ -135.6207, 57.7002 ], [ -135.5663, 57.6711 ], [ -135.1784, 57.521 ], [ -135.0886, 57.4659 ], [ -134.8939, 57.4606 ], [ -134.8282, 57.5046 ], [ -134.8509, 57.5794 ], [ -134.9229, 57.6793 ], [ -134.9315, 57.7581 ], [ -135.017, 57.7456 ], [ -135.1116, 57.7588 ], [ -135.2055, 57.7268 ], [ -135.3024, 57.7409 ], [ -135.444, 57.8297 ], [ -135.6673, 57.9142 ], [ -135.7695, 57.9288 ], [ -135.7736, 57.9537 ], [ -135.4009, 57.8542 ], [ -135.3136, 57.8063 ], [ -135.2314, 57.7815 ], [ -135.0186, 57.7799 ], [ -134.9565, 57.8164 ], [ -135.0737, 57.8781 ], [ -134.9258, 57.9204 ], [ -134.913, 57.9757 ], [ -134.9534, 58.0413 ], [ -135.075, 58.0596 ], [ -135.1161, 58.0924 ], [ -135.2929, 58.0972 ], [ -135.3967, 58.1433 ], [ -135.5475, 58.0529 ], [ -135.5962, 57.9896 ], [ -135.6681, 58.0243 ], [ -135.5179, 58.1258 ], [ -135.5066, 58.175 ], [ -135.6447, 58.2325 ], [ -135.7403, 58.2454 ], [ -135.797, 58.2878 ] ] ], [ [ [ -134.5353, 58.3446 ], [ -134.588, 58.3416 ], [ -134.6836, 58.2974 ], [ -134.6277, 58.2488 ], [ -134.5174, 58.2182 ], [ -134.4842, 58.2302 ], [ -134.3389, 58.1977 ], [ -134.269, 58.2082 ], [ -134.5353, 58.3446 ] ] ], [ [ [ -135.6306, 58.3853 ], [ -135.7316, 58.3685 ], [ -135.6801, 58.3316 ], [ -135.5787, 58.3265 ], [ -135.6306, 58.3853 ] ] ], [ [ [ -134.9459, 58.4064 ], [ -134.9713, 58.37 ], [ -134.9439, 58.2722 ], [ -134.8843, 58.1839 ], [ -134.7713, 58.0846 ], [ -134.8112, 58.0565 ], [ -134.7667, 57.999 ], [ -134.7451, 57.8995 ], [ -134.7052, 57.8301 ], [ -134.7305, 57.7571 ], [ -134.6773, 57.6209 ], [ -134.6219, 57.5717 ], [ -134.5331, 57.4054 ], [ -134.5807, 57.3448 ], [ -134.565, 57.3046 ], [ -134.6543, 57.2156 ], [ -134.6101, 57.152 ], [ -134.6381, 57.1361 ], [ -134.6093, 57.0438 ], [ -134.5151, 57.0264 ], [ -134.2793, 57.1418 ], [ -134.2868, 57.1869 ], [ -134.1928, 57.1842 ], [ -134.1522, 57.2115 ], [ -134.1459, 57.2636 ], [ -134.0944, 57.2789 ], [ -134.0594, 57.3339 ], [ -133.962, 57.3066 ], [ -133.8628, 57.3668 ], [ -133.9033, 57.434 ], [ -133.9909, 57.4616 ], [ -133.8864, 57.5061 ], [ -133.947, 57.5675 ], [ -133.9349, 57.607 ], [ -134.1222, 57.7361 ], [ -134.3088, 57.9513 ], [ -134.2547, 58.0631 ], [ -134.1621, 57.9586 ], [ -134.1041, 57.8519 ], [ -134.0321, 57.8163 ], [ -133.9746, 57.7024 ], [ -133.8933, 57.6852 ], [ -133.9012, 57.8073 ], [ -134.0048, 57.8932 ], [ -133.994, 57.9153 ], [ -134.0974, 57.9821 ], [ -134.0887, 57.9985 ], [ -134.2021, 58.1142 ], [ -134.2082, 58.1666 ], [ -134.3311, 58.1412 ], [ -134.4179, 58.1689 ], [ -134.5359, 58.1815 ], [ -134.6863, 58.1579 ], [ -134.7102, 58.2241 ], [ -134.8039, 58.3216 ], [ -134.882, 58.3538 ], [ -134.9459, 58.4064 ] ] ], [ [ [ -141.0019, 60.3917 ], [ -141.2134, 60.3917 ], [ -141.2135, 60.4353 ], [ -141.7906, 60.4352 ], [ -141.7906, 60.5219 ], [ -143.1935, 60.5218 ], [ -143.3685, 60.3981 ], [ -143.7184, 60.1493 ], [ -143.8933, 60.0242 ], [ -143.8933, 59.9958 ], [ -143.6799, 60.0306 ], [ -143.5106, 60.0459 ], [ -143.0687, 60.0686 ], [ -142.8113, 60.0953 ], [ -142.5375, 60.084 ], [ -142.4223, 60.0644 ], [ -141.9988, 60.0226 ], [ -141.8435, 59.9914 ], [ -141.7475, 59.9531 ], [ -141.6815, 59.9497 ], [ -141.4442, 59.9997 ], [ -141.3756, 60.0272 ], [ -141.4473, 60.0707 ], [ -141.4549, 60.1343 ], [ -141.3771, 60.1285 ], [ -141.2877, 60.0759 ], [ -141.2587, 59.9959 ], [ -141.2922, 59.9317 ], [ -141.4307, 59.9024 ], [ -141.4239, 59.8674 ], [ -141.1759, 59.8196 ], [ -140.8995, 59.7359 ], [ -140.6366, 59.7114 ], [ -140.2856, 59.6987 ], [ -140.1411, 59.748 ], [ -139.934, 59.8051 ], [ -139.8268, 59.8248 ], [ -139.7053, 59.9348 ], [ -139.6019, 59.9599 ], [ -139.5549, 60.039 ], [ -139.4245, 60.0059 ], [ -139.2636, 59.8726 ], [ -139.2822, 59.7794 ], [ -139.3456, 59.8236 ], [ -139.3139, 59.8505 ], [ -139.4463, 59.9854 ], [ -139.4981, 59.9928 ], [ -139.5359, 59.9352 ], [ -139.6213, 59.9067 ], [ -139.5766, 59.7841 ], [ -139.471, 59.705 ], [ -139.583, 59.6444 ], [ -139.6673, 59.5683 ], [ -139.8625, 59.5443 ], [ -139.3344, 59.3536 ], [ -138.8727, 59.2341 ], [ -138.6367, 59.1306 ], [ -138.2896, 59.0571 ], [ -138.184, 59.0226 ], [ -137.9326, 58.8685 ], [ -137.9283, 58.783 ], [ -137.7895, 58.7227 ], [ -137.6835, 58.6622 ], [ -137.6474, 58.6061 ], [ -137.5885, 58.596 ], [ -137.329, 58.4874 ], [ -137.1545, 58.4216 ], [ -137.0918, 58.3823 ], [ -137.015, 58.411 ], [ -136.8909, 58.384 ], [ -136.8388, 58.3093 ], [ -136.7164, 58.2792 ], [ -136.7238, 58.2467 ], [ -136.666, 58.2113 ], [ -136.5947, 58.2172 ], [ -136.5679, 58.318 ], [ -136.3688, 58.3038 ], [ -136.1962, 58.3409 ], [ -136.1077, 58.344 ], [ -136.0382, 58.3824 ], [ -136.1045, 58.4979 ], [ -136.258, 58.6357 ], [ -136.3916, 58.718 ], [ -136.5767, 58.7795 ], [ -136.5612, 58.832 ], [ -136.6612, 58.8426 ], [ -136.745, 58.8771 ], [ -136.827, 58.8733 ], [ -136.9319, 58.9178 ], [ -136.8741, 58.9625 ], [ -136.7967, 58.9481 ], [ -136.6305, 58.8897 ], [ -136.5321, 58.9214 ], [ -136.4865, 58.837 ], [ -136.3964, 58.8177 ], [ -136.2549, 58.754 ], [ -136.1743, 58.7581 ], [ -136.1069, 58.8644 ], [ -136.1392, 58.905 ], [ -136.0604, 58.929 ], [ -136.0504, 58.8526 ], [ -136.0874, 58.8116 ], [ -135.9788, 58.7192 ], [ -135.8908, 58.5693 ], [ -135.8457, 58.5444 ], [ -135.8988, 58.4479 ], [ -135.908, 58.3787 ], [ -135.7066, 58.3968 ], [ -135.6163, 58.4257 ], [ -135.3972, 58.3264 ], [ -135.2957, 58.2363 ], [ -135.1645, 58.2091 ], [ -135.0938, 58.2423 ], [ -135.1102, 58.3098 ], [ -135.0623, 58.3245 ], [ -135.1042, 58.4454 ], [ -135.1683, 58.5498 ], [ -135.2397, 58.6202 ], [ -135.1447, 58.6208 ], [ -135.2273, 58.7171 ], [ -135.2464, 58.7741 ], [ -135.373, 58.9226 ], [ -135.4013, 58.9747 ], [ -135.3844, 59.1027 ], [ -135.4363, 59.1113 ], [ -135.485, 59.2335 ], [ -135.4019, 59.3153 ], [ -135.3652, 59.448 ], [ -135.3282, 59.4427 ], [ -135.3726, 59.2686 ], [ -135.2326, 59.1252 ], [ -135.176, 58.9983 ], [ -135.1523, 58.8559 ], [ -135.0472, 58.7515 ], [ -135.0001, 58.8114 ], [ -134.9374, 58.7864 ], [ -134.9462, 58.7074 ], [ -134.9891, 58.6752 ], [ -134.782, 58.4789 ], [ -134.7294, 58.3742 ], [ -134.642, 58.3763 ], [ -134.5736, 58.3458 ], [ -134.5159, 58.3559 ], [ -134.219, 58.205 ], [ -134.1479, 58.2053 ], [ -134.1029, 58.2366 ], [ -134.1513, 58.2838 ], [ -133.9941, 58.365 ], [ -133.9919, 58.3003 ], [ -134.0814, 58.2792 ], [ -134.0708, 58.105 ], [ -133.9292, 57.9873 ], [ -133.8305, 57.9696 ], [ -133.8502, 57.9343 ], [ -133.6705, 57.7867 ], [ -133.6069, 57.8802 ], [ -133.5558, 57.7799 ], [ -133.4247, 57.7224 ], [ -133.3299, 57.6637 ], [ -133.2799, 57.6615 ], [ -133.1891, 57.6146 ], [ -133.5264, 57.6868 ], [ -133.5659, 57.7158 ], [ -133.6542, 57.7087 ], [ -133.6766, 57.6333 ], [ -133.6171, 57.5776 ], [ -133.5166, 57.5449 ], [ -133.5226, 57.4682 ], [ -133.4679, 57.4222 ], [ -133.4545, 57.3552 ], [ -133.357, 57.3328 ], [ -133.229, 57.3221 ], [ -133.2752, 57.2871 ], [ -133.4255, 57.2859 ], [ -133.4758, 57.2976 ], [ -133.5316, 57.258 ], [ -133.5307, 57.195 ], [ -133.4647, 57.1502 ], [ -133.3141, 57.1068 ], [ -133.2593, 57.1411 ], [ -133.132, 57.1398 ], [ -133.1844, 57.0916 ], [ -133.0778, 57.0826 ], [ -132.9832, 57.0459 ], [ -132.8742, 57.0305 ], [ -132.9491, 56.992 ], [ -132.8759, 56.9328 ], [ -132.8053, 56.9045 ], [ -132.7898, 56.8453 ], [ -132.6355, 56.7793 ], [ -132.4907, 56.7455 ], [ -132.5701, 56.6355 ], [ -132.4541, 56.6158 ], [ -132.3805, 56.6278 ], [ -132.3463, 56.5188 ], [ -132.2118, 56.4619 ], [ -132.1966, 56.4152 ], [ -132.111, 56.3659 ], [ -132.0804, 56.3778 ], [ -132.0064, 56.3538 ], [ -131.8868, 56.1828 ], [ -131.9726, 56.1733 ], [ -131.9822, 56.0757 ], [ -131.9567, 55.9969 ], [ -132.071, 55.9254 ], [ -132.0401, 55.8853 ], [ -132.1842, 55.7835 ], [ -132.2242, 55.702 ], [ -132.1857, 55.5874 ], [ -131.9857, 55.4987 ], [ -131.9363, 55.5362 ], [ -131.9651, 55.6164 ], [ -131.8619, 55.6294 ], [ -131.7626, 55.8138 ], [ -131.8264, 55.8781 ], [ -131.7577, 55.8784 ], [ -131.68, 55.9178 ], [ -131.4449, 55.9978 ], [ -131.4258, 55.998 ], [ -131.3741, 55.9689 ], [ -131.2293, 56.0054 ], [ -131.1871, 55.9544 ], [ -131.0923, 55.895 ], [ -130.908, 55.7169 ], [ -130.8721, 55.5039 ], [ -130.8993, 55.4616 ], [ -130.8725, 55.3139 ], [ -130.9259, 55.3009 ], [ -130.9939, 55.2458 ], [ -131.0938, 55.1925 ], [ -131.0758, 55.1289 ], [ -130.9947, 55.0851 ], [ -131.0076, 55.0003 ], [ -130.9333, 54.9724 ], [ -130.9475, 54.8287 ], [ -130.9053, 54.7864 ], [ -130.836, 54.7678 ], [ -130.7334, 54.83 ], [ -130.6533, 54.7777 ], [ -130.6336, 54.8229 ], [ -130.5238, 54.8678 ], [ -130.4964, 54.8333 ], [ -130.3721, 54.9061 ], [ -130.2656, 54.9955 ], [ -130.1958, 55.1051 ], [ -130.0982, 55.2151 ], [ -129.9941, 55.2917 ], [ -130.0302, 55.3234 ], [ -130.055, 55.4439 ], [ -130.0982, 55.4821 ], [ -130.1518, 55.5982 ], [ -130.1257, 55.6803 ], [ -130.1576, 55.708 ], [ -130.1731, 55.7775 ], [ -130.0931, 55.8271 ], [ -130.0176, 55.9119 ], [ -130.0035, 56.0081 ], [ -130.1038, 56.1228 ], [ -130.2462, 56.0964 ], [ -130.426, 56.1416 ], [ -130.4679, 56.243 ], [ -130.6233, 56.2669 ], [ -130.782, 56.3668 ], [ -131.0873, 56.406 ], [ -131.1734, 56.4495 ], [ -131.472, 56.5527 ], [ -131.581, 56.6122 ], [ -131.8353, 56.5992 ], [ -131.8607, 56.703 ], [ -131.901, 56.7537 ], [ -131.8728, 56.806 ], [ -132.1235, 56.8736 ], [ -132.0452, 57.045 ], [ -132.3689, 57.0915 ], [ -132.2479, 57.2112 ], [ -132.3698, 57.3497 ], [ -132.5536, 57.4965 ], [ -132.6608, 57.6167 ], [ -132.751, 57.696 ], [ -132.8693, 57.8397 ], [ -133.0701, 58.0003 ], [ -133.1723, 58.1536 ], [ -133.3454, 58.2763 ], [ -133.4615, 58.3877 ], [ -133.3773, 58.4305 ], [ -133.5578, 58.5231 ], [ -133.7071, 58.6123 ], [ -133.8405, 58.7294 ], [ -134.258, 58.861 ], [ -134.3364, 58.9234 ], [ -134.3134, 58.9622 ], [ -134.4071, 58.9792 ], [ -134.3819, 59.0388 ], [ -134.4834, 59.1316 ], [ -134.5656, 59.1311 ], [ -134.6791, 59.1923 ], [ -134.7007, 59.249 ], [ -134.9599, 59.2809 ], [ -135.0305, 59.3463 ], [ -134.9897, 59.3871 ], [ -135.101, 59.4275 ], [ -135.0275, 59.4747 ], [ -135.0289, 59.5637 ], [ -135.1178, 59.6231 ], [ -135.1575, 59.6257 ], [ -135.2527, 59.6983 ], [ -135.4792, 59.798 ], [ -135.9526, 59.6622 ], [ -136.1929, 59.64 ], [ -136.3539, 59.5998 ], [ -136.2398, 59.5594 ], [ -136.2385, 59.5243 ], [ -136.305, 59.4645 ], [ -136.3682, 59.449 ], [ -136.4771, 59.4658 ], [ -136.4692, 59.2841 ], [ -136.5844, 59.1658 ], [ -136.8287, 59.16 ], [ -136.9696, 59.1012 ], [ -137.2828, 59.0 ], [ -137.4517, 58.9083 ], [ -137.5261, 58.9064 ], [ -137.5, 58.9854 ], [ -137.5421, 59.1064 ], [ -137.6073, 59.2438 ], [ -138.6262, 59.7686 ], [ -138.6686, 59.8096 ], [ -138.7073, 59.9063 ], [ -139.0536, 59.9948 ], [ -139.1988, 60.0883 ], [ -139.0721, 60.3194 ], [ -139.0748, 60.3525 ], [ -139.6929, 60.3352 ], [ -139.981, 60.182 ], [ -140.4582, 60.3081 ], [ -140.5204, 60.2198 ], [ -140.7688, 60.2602 ], [ -141.0018, 60.3059 ], [ -141.0019, 60.3917 ] ] ] ] } },
{ "type": "Feature", "properties": { "i": 66 }, "geometry": { "type": "MultiPolygon", "coordinates": [ [ [ [ -91.2322, 29.3738 ], [ -91.27, 29.3572 ], [ -91.2913, 29.3118 ], [ -91.3382, 29.3027 ], [ -91.2798, 29.2483 ], [ -91.2162, 29.2252 ], [ -91.1365, 29.2182 ], [ -91.1361, 29.2511 ], [ -91.2144, 29.3197 ], [ -91.2322, 29.3738 ] ] ], [ [ [ -91.235, 29.5511 ], [ -91.267, 29.5417 ], [ -91.2737, 29.4794 ], [ -91.2212, 29.4364 ], [ -91.2002, 29.3732 ], [ -91.1277, 29.3321 ], [ -91.1297, 29.2218 ], [ -91.0584, 29.1872 ], [ -91.002, 29.2169 ], [ -90.9703, 29.1885 ], [ -90.9146, 29.2014 ], [ -90.9871, 29.2888 ], [ -90.9844, 29.3249 ], [ -90.9395, 29.3302 ], [ -90.9335, 29.2626 ], [ -90.8381, 29.2516 ], [ -90.8356, 29.2166 ], [ -90.8861, 29.1822 ], [ -90.8073, 29.1637 ], [ -90.7511, 29.1195 ], [ -90.7072, 29.1988 ], [ -90.66, 29.2044 ], [ -90.6581, 29.2494 ], [ -90.6202, 29.2993 ], [ -90.5621, 29.3091 ], [ -90.4896, 29.3734 ], [ -90.3215, 29.2756 ], [ -90.2588, 29.2611 ], [ -90.2366, 29.2256 ], [ -90.2584, 29.1754 ], [ -90.2236, 29.0851 ], [ -90.1087, 29.1466 ], [ -90.1601, 29.1899 ], [ -90.1031, 29.2417 ], [ -90.138, 29.3068 ], [ -90.1263, 29.3413 ], [ -90.0772, 29.3702 ], [ -90.057, 29.4197 ], [ -90.0821, 29.4467 ], [ -90.1564, 29.4598 ], [ -90.1973, 29.4282 ], [ -90.2515, 29.4614 ], [ -90.2081, 29.565 ], [ -90.168, 29.5697 ], [ -90.1844, 29.6204 ], [ -90.1765, 29.6826 ], [ -90.2817, 29.6471 ], [ -90.3474, 29.6814 ], [ -90.3524, 29.7122 ], [ -90.2383, 29.787 ], [ -90.271, 29.8513 ], [ -90.2347, 29.8681 ], [ -90.1607, 29.8145 ], [ -90.1476, 29.739 ], [ -90.2002, 29.7049 ], [ -90.1184, 29.6616 ], [ -90.1169, 29.5929 ], [ -90.1345, 29.5529 ], [ -89.9775, 29.4633 ], [ -89.8809, 29.4667 ], [ -89.8139, 29.4541 ], [ -89.8107, 29.4071 ], [ -89.7582, 29.417 ], [ -89.7163, 29.389 ], [ -89.6368, 29.3985 ], [ -89.4855, 29.3191 ], [ -89.4438, 29.339 ], [ -89.3986, 29.3129 ], [ -89.3787, 29.2666 ], [ -89.4391, 29.2557 ], [ -89.4757, 29.2208 ], [ -89.4559, 29.1911 ], [ -89.3046, 29.1774 ], [ -89.2775, 29.1371 ], [ -89.327, 29.0481 ], [ -89.352, 29.0419 ], [ -89.3917, 28.9831 ], [ -89.4058, 28.9309 ], [ -89.2461, 29.0863 ], [ -89.2055, 29.0669 ], [ -89.1403, 29.1163 ], [ -89.1091, 29.1836 ], [ -89.1932, 29.1848 ], [ -89.1892, 29.2271 ], [ -89.1439, 29.2721 ], [ -89.1985, 29.3395 ], [ -89.2416, 29.3011 ], [ -89.254, 29.2619 ], [ -89.3198, 29.2807 ], [ -89.2602, 29.3181 ], [ -89.2804, 29.3562 ], [ -89.3821, 29.3351 ], [ -89.4164, 29.3737 ], [ -89.4704, 29.4004 ], [ -89.5167, 29.3822 ], [ -89.5979, 29.49 ], [ -89.6499, 29.5031 ], [ -89.73, 29.607 ], [ -89.6519, 29.6249 ], [ -89.6736, 29.6623 ], [ -89.5187, 29.6512 ], [ -89.6468, 29.7122 ], [ -89.6533, 29.7492 ], [ -89.4857, 29.7245 ], [ -89.4528, 29.7838 ], [ -89.3966, 29.7891 ], [ -89.4104, 29.8292 ], [ -89.3522, 29.8632 ], [ -89.3799, 29.9435 ], [ -89.4584, 30.002 ], [ -89.4335, 30.0289 ], [ -89.4811, 30.0788 ], [ -89.5125, 30.0258 ], [ -89.5812, 29.9941 ], [ -89.5718, 29.9652 ], [ -89.5996, 29.8811 ], [ -89.6512, 29.8632 ], [ -89.7076, 29.876 ], [ -89.7493, 29.9458 ], [ -89.8386, 29.9436 ], [ -89.8567, 30.0023 ], [ -89.8166, 30.0447 ], [ -89.7638, 30.0433 ], [ -89.6838, 30.0761 ], [ -89.6404, 30.1409 ], [ -89.6858, 30.1728 ], [ -89.7453, 30.1536 ], [ -89.7912, 30.1061 ], [ -89.8467, 30.1102 ], [ -89.8807, 30.1477 ], [ -89.9266, 30.0915 ], [ -90.0025, 30.0416 ], [ -90.1283, 30.0201 ], [ -90.1803, 30.0225 ], [ -90.2546, 30.0472 ], [ -90.3687, 30.0566 ], [ -90.4164, 30.0933 ], [ -90.4308, 30.1697 ], [ -90.4066, 30.2153 ], [ -90.3409, 30.2535 ], [ -90.2626, 30.3487 ], [ -90.2121, 30.3849 ], [ -90.0853, 30.3623 ], [ -89.9982, 30.3087 ], [ -89.9878, 30.2657 ], [ -89.8652, 30.25 ], [ -89.754, 30.1785 ], [ -89.6875, 30.1787 ], [ -89.6526, 30.1619 ], [ -89.5432, 30.1825 ], [ -89.4598, 30.1865 ], [ -89.4229, 30.2493 ], [ -89.3286, 30.3031 ], [ -89.3539, 30.3681 ], [ -89.3163, 30.3755 ], [ -89.2742, 30.3455 ], [ -89.2859, 30.3033 ], [ -89.0635, 30.3737 ], [ -88.9712, 30.3909 ], [ -88.8575, 30.3936 ], [ -88.8057, 30.3821 ], [ -88.732, 30.3443 ], [ -88.6115, 30.3731 ], [ -88.5782, 30.3469 ], [ -88.4799, 30.3185 ], [ -88.449, 30.3553 ], [ -88.4121, 30.3583 ], [ -88.4107, 30.3756 ], [ -88.409, 30.3859 ], [ -88.3997, 30.3912 ], [ -88.3987, 30.3939 ], [ -88.3965, 30.3975 ], [ -88.4004, 30.4726 ], [ -88.4015, 30.5003 ], [ -88.4036, 30.5353 ], [ -88.4038, 30.5443 ], [ -88.4047, 30.5593 ], [ -88.4063, 30.5937 ], [ -88.4066, 30.5973 ], [ -88.4074, 30.6187 ], [ -88.4074, 30.6287 ], [ -88.4096, 30.6687 ], [ -88.4099, 30.6809 ], [ -88.4123, 30.7305 ], [ -88.4129, 30.7357 ], [ -88.8845, 30.7357 ], [ -88.8845, 30.6767 ], [ -88.889, 30.6773 ], [ -88.9809, 30.6773 ], [ -88.9854, 30.6771 ], [ -89.2333, 30.6771 ], [ -89.24, 30.6761 ], [ -89.2401, 30.6541 ], [ -89.2413, 30.6477 ], [ -89.273, 30.6475 ], [ -89.3413, 30.6477 ], [ -89.3413, 30.7429 ], [ -89.3415, 30.7503 ], [ -89.3413, 30.7561 ], [ -89.3409, 30.8379 ], [ -89.3408, 30.9093 ], [ -89.3409, 30.9601 ], [ -89.3407, 30.9937 ], [ -89.3409, 31.0007 ], [ -89.3487, 31.0011 ], [ -89.3498, 31.0105 ], [ -89.4248, 31.0101 ], [ -89.4252, 30.9872 ], [ -89.4267, 30.9827 ], [ -89.4387, 30.9829 ], [ -89.476, 30.9829 ], [ -89.5021, 31.0138 ], [ -89.5525, 31.0019 ], [ -89.713, 31.0025 ], [ -89.7336, 31.0045 ], [ -89.7577, 31.0019 ], [ -89.8357, 31.0021 ], [ -89.836, 31.0304 ], [ -89.8359, 31.0749 ], [ -89.8683, 31.075 ], [ -89.8751, 31.0748 ], [ -89.9209, 31.0747 ], [ -89.9289, 31.0892 ], [ -89.9295, 31.094 ], [ -89.9295, 31.1112 ], [ -89.9384, 31.1326 ], [ -90.0058, 31.1328 ], [ -90.0062, 31.1471 ], [ -90.0061, 31.171 ], [ -90.0063, 31.1756 ], [ -90.031, 31.1757 ], [ -90.0319, 31.1815 ], [ -90.0319, 31.2339 ], [ -90.0346, 31.2339 ], [ -90.0403, 31.235 ], [ -90.0403, 31.2498 ], [ -90.0405, 31.256 ], [ -90.0403, 31.2926 ], [ -90.0404, 31.3361 ], [ -90.1086, 31.3509 ], [ -90.125, 31.3507 ], [ -90.1845, 31.3506 ], [ -90.2096, 31.3504 ], [ -90.223, 31.3504 ], [ -90.2299, 31.3506 ], [ -90.2501, 31.3503 ], [ -90.4426, 31.3495 ], [ -90.677, 31.3492 ], [ -90.7151, 31.3497 ], [ -90.7501, 31.3497 ], [ -90.9758, 31.3487 ], [ -90.9833, 31.3485 ], [ -90.9858, 31.347 ], [ -90.9871, 31.343 ], [ -90.9871, 31.3385 ], [ -90.9886, 31.3365 ], [ -91.0027, 31.3375 ], [ -91.0045, 31.3398 ], [ -91.0069, 31.3461 ], [ -91.0197, 31.3464 ], [ -91.0247, 31.338 ], [ -91.0347, 31.3353 ], [ -91.0384, 31.3362 ], [ -91.0428, 31.3358 ], [ -91.0518, 31.3302 ], [ -91.118, 31.3203 ], [ -91.2321, 31.3727 ], [ -91.2362, 31.3715 ], [ -91.2387, 31.3696 ], [ -91.2396, 31.367 ], [ -91.2445, 31.3677 ], [ -91.2477, 31.3661 ], [ -91.2506, 31.3637 ], [ -91.2541, 31.365 ], [ -91.262, 31.3609 ], [ -91.2994, 31.362 ], [ -91.3109, 31.3546 ], [ -91.314, 31.3566 ], [ -91.3202, 31.3531 ], [ -91.3311, 31.3514 ], [ -91.3322, 31.3489 ], [ -91.3352, 31.3461 ], [ -91.3385, 31.3437 ], [ -91.3411, 31.3405 ], [ -91.3442, 31.3407 ], [ -91.3467, 31.3395 ], [ -91.35, 31.3386 ], [ -91.3528, 31.3398 ], [ -91.3553, 31.3439 ], [ -91.3785, 31.3365 ], [ -91.4233, 31.3162 ], [ -91.427, 31.3148 ], [ -91.4307, 31.3144 ], [ -91.4346, 31.3149 ], [ -91.4364, 31.3172 ], [ -91.4425, 31.3189 ], [ -91.4675, 31.3195 ], [ -91.4951, 31.2253 ], [ -91.5757, 31.2245 ], [ -91.5902, 31.1756 ], [ -91.5949, 31.1672 ], [ -91.5971, 31.1635 ], [ -91.5997, 31.1596 ], [ -91.6217, 31.1369 ], [ -91.6148, 31.1043 ], [ -91.5642, 31.0668 ], [ -91.5599, 31.0541 ], [ -91.5644, 31.039 ], [ -91.5665, 31.0359 ], [ -91.5694, 31.0323 ], [ -91.5717, 31.0298 ], [ -91.5784, 31.024 ], [ -91.5905, 31.0173 ], [ -91.6441, 31.0231 ], [ -91.6489, 31.0368 ], [ -91.655, 31.0416 ], [ -91.6606, 31.0442 ], [ -91.6967, 31.0392 ], [ -91.723, 31.0438 ], [ -91.7673, 31.0092 ], [ -91.7701, 31.007 ], [ -91.7726, 31.0047 ], [ -91.7745, 31.0014 ], [ -91.7759, 30.9944 ], [ -91.7776, 30.9899 ], [ -91.7801, 30.987 ], [ -91.7831, 30.9856 ], [ -91.7973, 30.9824 ], [ -91.8, 30.9808 ], [ -91.8026, 30.9788 ], [ -91.8053, 30.9751 ], [ -91.806, 30.9725 ], [ -91.8057, 30.9692 ], [ -91.8033, 30.9593 ], [ -91.8028, 30.9557 ], [ -91.8025, 30.9508 ], [ -91.8031, 30.9402 ], [ -91.8021, 30.9363 ], [ -91.8008, 30.9276 ], [ -91.8002, 30.9252 ], [ -91.8033, 30.8073 ], [ -91.8001, 30.8062 ], [ -91.7929, 30.8011 ], [ -91.7902, 30.7997 ], [ -91.7874, 30.7979 ], [ -91.7774, 30.7936 ], [ -91.7739, 30.7904 ], [ -91.7683, 30.7847 ], [ -91.7661, 30.7809 ], [ -91.7637, 30.7733 ], [ -91.7563, 30.7601 ], [ -91.7578, 30.7413 ], [ -91.7516, 30.7351 ], [ -91.7463, 30.7233 ], [ -91.7433, 30.7185 ], [ -91.7402, 30.7151 ], [ -91.7379, 30.7121 ], [ -91.7349, 30.7061 ], [ -91.7339, 30.7026 ], [ -91.7336, 30.6964 ], [ -91.736, 30.6851 ], [ -91.7327, 30.6681 ], [ -91.754, 30.6174 ], [ -91.7571, 30.5634 ], [ -91.7335, 30.5215 ], [ -91.6398, 30.442 ], [ -91.625, 30.3953 ], [ -91.6286, 30.3556 ], [ -91.6255, 30.3528 ], [ -91.6268, 30.3502 ], [ -91.6247, 30.3418 ], [ -91.6259, 30.3332 ], [ -91.6273, 30.3311 ], [ -91.6255, 30.3234 ], [ -91.6211, 30.3099 ], [ -91.6191, 30.3071 ], [ -91.6105, 30.2976 ], [ -91.604, 30.2894 ], [ -91.5904, 30.2774 ], [ -91.5879, 30.2723 ], [ -91.5888, 30.2691 ], [ -91.5908, 30.2668 ], [ -91.5911, 30.2637 ], [ -91.5903, 30.2602 ], [ -91.588, 30.2571 ], [ -91.5634, 30.2422 ], [ -91.5591, 30.2418 ], [ -91.5547, 30.2419 ], [ -91.545, 30.2399 ], [ -91.5094, 30.2405 ], [ -91.4917, 30.2366 ], [ -91.4786, 30.2314 ], [ -91.4753, 30.2293 ], [ -91.4765, 30.2255 ], [ -91.4795, 30.224 ], [ -91.4822, 30.2177 ], [ -91.4853, 30.2148 ], [ -91.4897, 30.2006 ], [ -91.472, 30.1862 ], [ -91.4615, 30.1312 ], [ -91.4621, 30.1285 ], [ -91.4643, 30.1238 ], [ -91.4717, 30.1151 ], [ -91.4719, 30.1125 ], [ -91.4708, 30.1102 ], [ -91.4641, 30.1031 ], [ -91.4612, 30.1025 ], [ -91.3894, 30.1023 ], [ -91.3807, 30.0969 ], [ -91.3713, 30.0803 ], [ -91.369, 30.0728 ], [ -91.369, 30.0683 ], [ -91.3706, 30.0657 ], [ -91.3719, 30.0622 ], [ -91.37, 30.0608 ], [ -91.3676, 30.0559 ], [ -91.3362, 30.059 ], [ -91.2692, 30.0593 ], [ -91.2644, 30.0546 ], [ -91.2635, 30.0505 ], [ -91.259, 30.0436 ], [ -91.2414, 30.0294 ], [ -91.2361, 30.001 ], [ -91.2441, 30.0002 ], [ -91.2545, 30.0013 ], [ -91.2587, 30.0006 ], [ -91.2597, 29.9912 ], [ -91.2599, 29.9874 ], [ -91.2574, 29.9804 ], [ -91.2549, 29.9719 ], [ -91.2545, 29.969 ], [ -91.2524, 29.9655 ], [ -91.2512, 29.9626 ], [ -91.2513, 29.9593 ], [ -91.2505, 29.9567 ], [ -91.2316, 29.9179 ], [ -91.2262, 29.9137 ], [ -91.224, 29.9116 ], [ -91.216, 29.9089 ], [ -91.2069, 29.8965 ], [ -91.1998, 29.8611 ], [ -91.1932, 29.8556 ], [ -91.19, 29.8514 ], [ -91.1878, 29.8492 ], [ -91.1837, 29.8465 ], [ -91.1789, 29.8453 ], [ -91.1637, 29.8424 ], [ -91.1581, 29.8409 ], [ -91.1548, 29.8394 ], [ -91.1527, 29.8379 ], [ -91.1502, 29.8368 ], [ -91.1322, 29.8371 ], [ -91.093, 29.8007 ], [ -91.0999, 29.7733 ], [ -91.0897, 29.7556 ], [ -91.1057, 29.7347 ], [ -91.0981, 29.6907 ], [ -91.0985, 29.6763 ], [ -91.099, 29.6699 ], [ -91.0992, 29.6651 ], [ -91.0999, 29.6579 ], [ -91.1059, 29.6437 ], [ -91.1535, 29.6025 ], [ -91.1548, 29.6003 ], [ -91.1556, 29.5981 ], [ -91.1568, 29.5959 ], [ -91.1604, 29.5935 ], [ -91.1614, 29.5931 ], [ -91.1637, 29.5927 ], [ -91.1673, 29.5937 ], [ -91.1729, 29.5975 ], [ -91.174, 29.5991 ], [ -91.1742, 29.5999 ], [ -91.1744, 29.6021 ], [ -91.174, 29.6039 ], [ -91.1739, 29.6055 ], [ -91.1742, 29.6075 ], [ -91.1746, 29.6083 ], [ -91.1753, 29.6089 ], [ -91.177, 29.6097 ], [ -91.1787, 29.6097 ], [ -91.1798, 29.6095 ], [ -91.1837, 29.6081 ], [ -91.1919, 29.6021 ], [ -91.1969, 29.6005 ], [ -91.2008, 29.5987 ], [ -91.2018, 29.5975 ], [ -91.211, 29.5909 ], [ -91.2125, 29.5895 ], [ -91.216, 29.5867 ], [ -91.2181, 29.5845 ], [ -91.219, 29.5839 ], [ -91.2201, 29.5821 ], [ -91.2241, 29.5779 ], [ -91.2252, 29.5763 ], [ -91.2257, 29.5715 ], [ -91.2229, 29.5631 ], [ -91.2244, 29.5607 ], [ -91.2257, 29.5597 ], [ -91.2271, 29.5579 ], [ -91.235, 29.5511 ] ], [ [ -90.43, 30.2341 ], [ -90.4827, 30.1753 ], [ -90.5735, 30.1725 ], [ -90.5775, 30.2746 ], [ -90.4778, 30.3446 ], [ -90.4167, 30.3113 ], [ -90.4041, 30.2751 ], [ -90.43, 30.2341 ] ] ] ] } },
{ "type": "Feature", "properties": { "i": 22 }, "geometry": { "type": "Polygon", "coordinates": [ [ [ -80.0646, 33.5057 ], [ -80.0724, 33.5071 ], [ -80.0735, 33.5072 ], [ -80.0755, 33.5066 ], [ -80.0777, 33.5067 ], [ -80.0787, 33.5069 ], [ -80.0799, 33.5069 ], [ -80.0814, 33.5065 ], [ -80.0822, 33.5057 ], [ -80.0839, 33.501 ], [ -80.0844, 33.5002 ], [ -80.0849, 33.4999 ], [ -80.0865, 33.4999 ], [ -80.0871, 33.5002 ], [ -80.0915, 33.5032 ], [ -80.0934, 33.5033 ], [ -80.0942, 33.5019 ], [ -80.0931, 33.4989 ], [ -80.0931, 33.498 ], [ -80.0938, 33.4965 ], [ -80.0948, 33.4958 ], [ -80.0959, 33.4954 ], [ -80.0967, 33.4958 ], [ -80.0956, 33.4978 ], [ -80.0955, 33.4993 ], [ -80.0959, 33.4996 ], [ -80.0968, 33.4998 ], [ -80.098, 33.4995 ], [ -80.1, 33.4974 ], [ -80.1019, 33.4969 ], [ -80.1027, 33.4967 ], [ -80.1044, 33.497 ], [ -80.1057, 33.4993 ], [ -80.1067, 33.4999 ], [ -80.1089, 33.4999 ], [ -80.1116, 33.499 ], [ -80.1131, 33.4988 ], [ -80.1192, 33.5003 ], [ -80.121, 33.5012 ], [ -80.1223, 33.502 ], [ -80.1233, 33.5024 ], [ -80.1242, 33.5025 ], [ -80.1255, 33.5024 ], [ -80.1269, 33.5015 ], [ -80.1276, 33.5002 ], [ -80.1268, 33.4976 ], [ -80.1261, 33.4964 ], [ -80.126, 33.4951 ], [ -80.1277, 33.4929 ], [ -80.1294, 33.4924 ], [ -80.1332, 33.4929 ], [ -80.1336, 33.4929 ], [ -80.1344, 33.4925 ], [ -80.1352, 33.4916 ], [ -80.1365, 33.4882 ], [ -80.1435, 33.4845 ], [ -80.1453, 33.4846 ], [ -80.1476, 33.4864 ], [ -80.1487, 33.4868 ], [ -80.1497, 33.4868 ], [ -80.1514, 33.4863 ], [ -80.1517, 33.4861 ], [ -80.1521, 33.4854 ], [ -80.1522, 33.4851 ], [ -80.1516, 33.4839 ], [ -80.1508, 33.483 ], [ -80.152, 33.4786 ], [ -80.1393, 33.4653 ], [ -80.1498, 33.4602 ], [ -80.1507, 33.4603 ], [ -80.1512, 33.4601 ], [ -80.1522, 33.4594 ], [ -80.1524, 33.459 ], [ -80.1524, 33.4582 ], [ -80.1519, 33.4569 ], [ -80.1499, 33.4561 ], [ -80.1488, 33.4553 ], [ -80.148, 33.4535 ], [ -80.1479, 33.4524 ], [ -80.1483, 33.4499 ], [ -80.154, 33.4479 ], [ -80.1585, 33.4487 ], [ -80.1607, 33.4487 ], [ -80.1615, 33.4489 ], [ -80.1587, 33.4551 ], [ -80.1593, 33.4583 ], [ -80.1647, 33.4594 ], [ -80.1652, 33.4553 ], [ -80.1658, 33.454 ], [ -80.1667, 33.4528 ], [ -80.1677, 33.4518 ], [ -80.1706, 33.4497 ], [ -80.1725, 33.4489 ], [ -80.1745, 33.4486 ], [ -80.176, 33.4487 ], [ -80.2066, 33.442 ], [ -80.2132, 33.4439 ], [ -80.2147, 33.4447 ], [ -80.217, 33.447 ], [ -80.219, 33.4477 ], [ -80.2208, 33.448 ], [ -80.2221, 33.4479 ], [ -80.2224, 33.4478 ], [ -80.2224, 33.4465 ], [ -80.2216, 33.4448 ], [ -80.2218, 33.4441 ], [ -80.2223, 33.4437 ], [ -80.2222, 33.4396 ], [ -80.2215, 33.4346 ], [ -80.2252, 33.4093 ], [ -80.2226, 33.3913 ], [ -80.2299, 33.3916 ], [ -80.2302, 33.3841 ], [ -80.2324, 33.3841 ], [ -80.2385, 33.3912 ], [ -80.2418, 33.3752 ], [ -80.2402, 33.3714 ], [ -80.2406, 33.3663 ], [ -80.2394, 33.3629 ], [ -80.2391, 33.3612 ], [ -80.2391, 33.36 ], [ -80.2397, 33.357 ], [ -80.2401, 33.3547 ], [ -80.2397, 33.3531 ], [ -80.2398, 33.3513 ], [ -80.2404, 33.3502 ], [ -80.2424, 33.3479 ], [ -80.2436, 33.3458 ], [ -80.2477, 33.3382 ], [ -80.2565, 33.2996 ], [ -80.2635, 33.2923 ], [ -80.2666, 33.2918 ], [ -80.2699, 33.2907 ], [ -80.2718, 33.2878 ], [ -80.2726, 33.2857 ], [ -80.2731, 33.2853 ], [ -80.2754, 33.2847 ], [ -80.2785, 33.2826 ], [ -80.2893, 33.2791 ], [ -80.2917, 33.2763 ], [ -80.2927, 33.2747 ], [ -80.2945, 33.2713 ], [ -80.3172, 33.2641 ], [ -80.3223, 33.2661 ], [ -80.3256, 33.2691 ], [ -80.3301, 33.2722 ], [ -80.3446, 33.2779 ], [ -80.347, 33.2781 ], [ -80.3508, 33.2778 ], [ -80.352, 33.2776 ], [ -80.3544, 33.2768 ], [ -80.3574, 33.2748 ], [ -80.3582, 33.2736 ], [ -80.3591, 33.272 ], [ -80.3613, 33.2631 ], [ -80.3619, 33.2574 ], [ -80.3656, 33.2589 ], [ -80.372, 33.2602 ], [ -80.3954, 33.2644 ], [ -80.4258, 33.2578 ], [ -80.4839, 33.2797 ], [ -80.4934, 33.2964 ], [ -80.4952, 33.325 ], [ -80.5028, 33.3345 ], [ -80.6607, 33.2501 ], [ -80.7743, 33.1895 ], [ -80.7903, 33.1801 ], [ -80.7931, 33.1797 ], [ -80.7956, 33.1771 ], [ -80.7983, 33.1768 ], [ -80.851, 33.1483 ], [ -80.8748, 33.1356 ], [ -80.8928, 33.1266 ], [ -80.8952, 33.1252 ], [ -80.8811, 33.0906 ], [ -80.896, 33.0617 ], [ -80.9064, 33.0624 ], [ -80.9074, 33.0657 ], [ -80.9097, 33.0679 ], [ -80.9118, 33.0695 ], [ -80.9144, 33.0708 ], [ -80.9161, 33.0727 ], [ -80.9173, 33.0759 ], [ -80.9176, 33.0791 ], [ -80.923, 33.0835 ], [ -80.9259, 33.0854 ], [ -80.9302, 33.0919 ], [ -80.9332, 33.0992 ], [ -80.9366, 33.1013 ], [ -80.9407, 33.1007 ], [ -81.0821, 33.0264 ], [ -81.1002, 33.0484 ], [ -81.1036, 33.049 ], [ -81.1075, 33.0489 ], [ -81.1156, 33.0501 ], [ -81.1267, 33.0552 ], [ -81.1294, 33.0602 ], [ -81.1433, 33.0716 ], [ -81.1468, 33.0783 ], [ -81.1936, 33.1194 ], [ -81.365, 33.1081 ], [ -81.5419, 33.1582 ], [ -81.6142, 33.0954 ], [ -81.6086, 33.0901 ], [ -81.6122, 33.0846 ], [ -81.6068, 33.0817 ], [ -81.6036, 33.0846 ], [ -81.6019, 33.0869 ], [ -81.5991, 33.084 ], [ -81.5966, 33.0792 ], [ -81.599, 33.0767 ], [ -81.6022, 33.0743 ], [ -81.5972, 33.0726 ], [ -81.5937, 33.07 ], [ -81.5844, 33.0699 ], [ -81.5806, 33.0622 ], [ -81.5745, 33.0608 ], [ -81.5724, 33.058 ], [ -81.5726, 33.0547 ], [ -81.5698, 33.0542 ], [ -81.5669, 33.0533 ], [ -81.5592, 33.0543 ], [ -81.5598, 33.0507 ], [ -81.5625, 33.0498 ], [ -81.5656, 33.049 ], [ -81.562, 33.0458 ], [ -81.5573, 33.0442 ], [ -81.5524, 33.0433 ], [ -81.5466, 33.0486 ], [ -81.5438, 33.0486 ], [ -81.5421, 33.046 ], [ -81.5657, 33.0316 ], [ -81.5975, 33.0125 ], [ -81.6083, 33.0063 ], [ -81.6327, 32.9917 ], [ -81.6682, 32.9701 ], [ -81.6804, 32.9625 ], [ -81.6862, 32.9591 ], [ -81.693, 32.9547 ], [ -81.7486, 32.9208 ], [ -81.7624, 32.9125 ], [ -81.7682, 32.9095 ], [ -81.7709, 32.9113 ], [ -81.7723, 32.9142 ], [ -81.773, 32.9169 ], [ -81.7751, 32.9209 ], [ -81.7835, 32.9278 ], [ -81.8093, 32.935 ], [ -81.8197, 32.946 ], [ -81.8278, 32.9426 ], [ -81.8333, 32.9444 ], [ -81.8361, 32.9443 ], [ -81.8394, 32.9453 ], [ -81.8567, 32.9529 ], [ -81.8758, 32.9484 ], [ -81.88, 32.947 ], [ -81.9562, 32.9238 ], [ -82.0078, 32.9206 ], [ -82.0811, 32.9168 ], [ -82.0974, 32.9044 ], [ -82.1156, 32.89 ], [ -82.121, 32.8859 ], [ -82.1237, 32.8836 ], [ -82.1479, 32.8196 ], [ -82.0827, 32.6632 ], [ -82.0052, 32.6094 ], [ -82.0022, 32.6056 ], [ -82.0254, 32.5582 ], [ -82.0303, 32.5391 ], [ -82.043, 32.5442 ], [ -82.0453, 32.5453 ], [ -82.079, 32.5597 ], [ -82.0849, 32.5571 ], [ -82.1485, 32.5206 ], [ -82.1811, 32.4741 ], [ -82.188, 32.4335 ], [ -82.2528, 32.3533 ], [ -82.2497, 32.3483 ], [ -82.2451, 32.3477 ], [ -82.2398, 32.3455 ], [ -82.2388, 32.3436 ], [ -82.2398, 32.3412 ], [ -82.2383, 32.3349 ], [ -82.2399, 32.3325 ], [ -82.2376, 32.3307 ], [ -82.2337, 32.3199 ], [ -82.2339, 32.3173 ], [ -82.2349, 32.3144 ], [ -82.2325, 32.31 ], [ -82.2315, 32.307 ], [ -82.2291, 32.3039 ], [ -82.2276, 32.2934 ], [ -82.2284, 32.2909 ], [ -82.2286, 32.2837 ], [ -82.2121, 32.2465 ], [ -82.2106, 32.2347 ], [ -82.2124, 32.2335 ], [ -82.2135, 32.2299 ], [ -82.209, 32.2219 ], [ -82.207, 32.2205 ], [ -82.2069, 32.2132 ], [ -82.1952, 32.202 ], [ -82.1948, 32.198 ], [ -82.1846, 32.1809 ], [ -82.1821, 32.1659 ], [ -82.183, 32.1604 ], [ -82.1858, 32.1574 ], [ -82.1868, 32.1522 ], [ -82.1883, 32.1503 ], [ -82.189, 32.147 ], [ -82.1918, 32.1441 ], [ -82.195, 32.1413 ], [ -82.1939, 32.1392 ], [ -82.1939, 32.1353 ], [ -82.2045, 32.0757 ], [ -82.2089, 32.0381 ], [ -82.2127, 32.0133 ], [ -82.2143, 32.0013 ], [ -82.2183, 31.97 ], [ -82.2204, 31.9507 ], [ -82.2251, 31.9134 ], [ -82.2219, 31.9131 ], [ -82.2173, 31.9096 ], [ -82.2057, 31.9098 ], [ -82.2032, 31.9078 ], [ -82.2002, 31.9062 ], [ -82.1953, 31.9067 ], [ -82.1915, 31.9058 ], [ -82.1603, 31.9039 ], [ -82.1349, 31.8914 ], [ -82.1212, 31.8866 ], [ -82.1154, 31.8897 ], [ -82.1167, 31.8977 ], [ -82.1155, 31.9006 ], [ -82.1134, 31.9011 ], [ -82.1114, 31.9001 ], [ -82.1104, 31.8962 ], [ -82.1117, 31.8924 ], [ -82.1083, 31.885 ], [ -82.1072, 31.8637 ], [ -82.0818, 31.8431 ], [ -82.0724, 31.8404 ], [ -82.065, 31.8375 ], [ -82.0438, 31.8216 ], [ -82.0233, 31.8164 ], [ -81.9991, 31.8011 ], [ -81.9987, 31.7947 ], [ -81.9967, 31.7929 ], [ -81.9841, 31.7856 ], [ -81.9763, 31.7827 ], [ -81.9729, 31.7843 ], [ -81.9713, 31.7871 ], [ -81.9692, 31.7893 ], [ -81.9638, 31.7894 ], [ -81.9573, 31.7898 ], [ -81.9521, 31.788 ], [ -81.9514, 31.7742 ], [ -81.9503, 31.77 ], [ -81.9355, 31.7622 ], [ -81.9297, 31.7601 ], [ -81.929, 31.7547 ], [ -81.9272, 31.7525 ], [ -81.9234, 31.7527 ], [ -81.9233, 31.7574 ], [ -81.9219, 31.76 ], [ -81.9188, 31.7593 ], [ -81.9106, 31.7528 ], [ -81.9063, 31.7254 ], [ -81.8236, 31.6518 ], [ -81.8196, 31.6516 ], [ -81.8143, 31.6526 ], [ -81.8121, 31.6547 ], [ -81.8127, 31.6586 ], [ -81.8161, 31.6611 ], [ -81.8177, 31.6636 ], [ -81.8148, 31.6646 ], [ -81.8112, 31.6629 ], [ -81.8065, 31.6556 ], [ -81.7711, 31.626 ], [ -81.7028, 31.5846 ], [ -81.625, 31.4531 ], [ -81.5359, 31.3676 ], [ -81.5307, 31.3662 ], [ -81.528, 31.3651 ], [ -81.5255, 31.3634 ], [ -81.5176, 31.3554 ], [ -81.5027, 31.3525 ], [ -81.4823, 31.3372 ], [ -81.435, 31.3125 ], [ -81.4334, 31.3122 ], [ -81.4293, 31.3119 ], [ -81.4268, 31.3114 ], [ -81.4231, 31.3098 ], [ -81.418, 31.3068 ], [ -81.413, 31.2971 ], [ -81.4131, 31.2919 ], [ -81.4105, 31.2898 ], [ -81.408, 31.2883 ], [ -81.4067, 31.2879 ], [ -81.4043, 31.2876 ], [ -81.4007, 31.2883 ], [ -81.3989, 31.3045 ], [ -81.379, 31.319 ], [ -81.3161, 31.3076 ], [ -81.2867, 31.3237 ], [ -81.2955, 31.375 ], [ -81.2518, 31.4183 ], [ -81.1784, 31.5173 ], [ -81.2586, 31.5293 ], [ -81.2675, 31.5478 ], [ -81.1621, 31.5697 ], [ -81.1391, 31.6171 ], [ -81.1296, 31.6946 ], [ -81.1088, 31.7359 ], [ -81.0432, 31.8018 ], [ -81.0907, 31.8595 ], [ -81.0417, 31.8768 ], [ -80.9923, 31.8577 ], [ -80.9083, 31.944 ], [ -80.8477, 31.9879 ], [ -80.8983, 32.0565 ], [ -80.841, 32.1186 ], [ -80.8216, 32.1078 ], [ -80.7276, 32.154 ], [ -80.6675, 32.2172 ], [ -80.678, 32.2375 ], [ -80.7648, 32.2836 ], [ -80.7035, 32.314 ], [ -80.6446, 32.2946 ], [ -80.6247, 32.257 ], [ -80.4691, 32.314 ], [ -80.4258, 32.4028 ], [ -80.4824, 32.446 ], [ -80.4436, 32.5059 ], [ -80.3913, 32.4776 ], [ -80.3297, 32.4795 ], [ -80.2556, 32.5319 ], [ -80.1248, 32.5886 ], [ -80.0373, 32.6103 ], [ -79.9157, 32.6649 ], [ -79.8695, 32.7324 ], [ -79.9252, 32.7527 ], [ -79.9019, 32.8188 ], [ -79.8537, 32.7539 ], [ -79.7264, 32.806 ], [ -79.7003, 32.8503 ], [ -79.5869, 32.9043 ], [ -79.6187, 32.9435 ], [ -79.5797, 33.0068 ], [ -79.527, 33.0385 ], [ -79.4692, 33.0123 ], [ -79.3719, 33.0117 ], [ -79.3735, 33.0654 ], [ -79.2759, 33.1185 ], [ -79.3498, 33.1539 ], [ -79.4826, 33.2459 ], [ -79.494, 33.236 ], [ -79.5354, 33.2496 ], [ -79.5465, 33.2555 ], [ -79.5472, 33.2595 ], [ -79.5498, 33.265 ], [ -79.5622, 33.2725 ], [ -79.5779, 33.2748 ], [ -79.5955, 33.2793 ], [ -79.631, 33.2929 ], [ -79.6643, 33.2983 ], [ -79.7096, 33.3212 ], [ -79.7112, 33.3213 ], [ -79.7128, 33.3209 ], [ -79.7192, 33.3186 ], [ -79.7219, 33.3193 ], [ -79.7245, 33.3217 ], [ -79.7268, 33.3221 ], [ -79.74, 33.3216 ], [ -79.794, 33.3777 ], [ -79.8368, 33.3911 ], [ -79.9091, 33.4551 ], [ -79.9102, 33.4557 ], [ -79.9117, 33.4579 ], [ -79.9147, 33.4635 ], [ -79.9204, 33.4656 ], [ -79.9242, 33.4685 ], [ -79.9279, 33.4704 ], [ -79.9303, 33.4722 ], [ -79.9317, 33.4741 ], [ -79.9326, 33.4756 ], [ -79.9348, 33.4777 ], [ -79.9361, 33.4778 ], [ -79.9375, 33.4767 ], [ -79.9389, 33.4759 ], [ -79.9398, 33.4758 ], [ -79.9408, 33.4762 ], [ -79.9411, 33.4767 ], [ -79.9413, 33.4777 ], [ -79.9415, 33.4808 ], [ -79.9518, 33.4868 ], [ -79.9641, 33.4982 ], [ -79.9648, 33.4987 ], [ -79.971, 33.5007 ], [ -79.972, 33.5009 ], [ -79.9729, 33.5009 ], [ -79.9735, 33.5006 ], [ -79.976, 33.4979 ], [ -79.9775, 33.4979 ], [ -79.9813, 33.4996 ], [ -79.9865, 33.4984 ], [ -79.9898, 33.4983 ], [ -79.9906, 33.4988 ], [ -79.9913, 33.5002 ], [ -79.991, 33.501 ], [ -79.991, 33.5023 ], [ -79.9915, 33.5033 ], [ -79.9923, 33.5044 ], [ -79.9956, 33.5065 ], [ -79.997, 33.5069 ], [ -79.9978, 33.5069 ], [ -79.9988, 33.5067 ], [ -79.9998, 33.5062 ], [ -80.0004, 33.5056 ], [ -80.0006, 33.5042 ], [ -79.9973, 33.5002 ], [ -79.9972, 33.4992 ], [ -79.9973, 33.4983 ], [ -79.9998, 33.4955 ], [ -80.0018, 33.4948 ], [ -80.0027, 33.4949 ], [ -80.0045, 33.4957 ], [ -80.0054, 33.5025 ], [ -80.0121, 33.5052 ], [ -80.0294, 33.5015 ], [ -80.0366, 33.5068 ], [ -80.04, 33.5017 ], [ -80.0408, 33.501 ], [ -80.0417, 33.5009 ], [ -80.0425, 33.5009 ], [ -80.0487, 33.5064 ], [ -80.0509, 33.5063 ], [ -80.0534, 33.5057 ], [ -80.0552, 33.5056 ], [ -80.0646, 33.5057 ] ] ] } }
]
}
