{
"type": "FeatureCollection",
"name": "states",
"features": [
{ "type": "Feature", "properties": { }, "geometry": { "type": "LineString", "coordinates": [ [ -88.395, 30.3694 ], [ -88.4125, 30.7356 ], [ -88.4256, 30.9983 ], [ -88.432, 31.1143 ], [ -88.4496, 31.4358 ], [ -88.4644, 31.698 ], [ -88.4732, 31.8939 ], [ -88.4313, 32.2277 ], [ -88.4215, 32.3087 ], [ -88.3889, 32.5781 ], [ -88.3479, 32.9291 ], [ -88.3404, 32.9912 ], [ -88.3044, 33.2883 ], [ -88.2746, 33.534 ], [ -88.2489, 33.745 ], [ -88.2072, 34.0583 ], [ -88.2038, 34.0866 ], [ -88.1736, 34.3211 ], [ -88.1563, 34.4632 ], [ -88.14, 34.5817 ], [ -88.0979, 34.8922 ], [ -88.1546, 34.9224 ], [ -88.2001, 34.9956 ] ] } },
{ "type": "Feature", "properties": { }, "geometry": { "type": "LineString", "coordinates": [ [ -88.2001, 34.9956 ], [ -88.203, 35.008 ], [ -87.9849, 35.0059 ], [ -87.6062, 35.0036 ], [ -87.2241, 34.9993 ], [ -87.2108, 34.999 ], [ -86.8363, 34.9918 ], [ -86.7836, 34.9919 ], [ -86.3188, 34.9911 ], [ -86.3113, 34.9911 ], [ -85.8639, 34.9884 ], [ -85.6052, 34.9847 ] ] } },
{ "type": "Feature", "properties": { }, "geometry": { "type": "LineString", "coordinates": [ [ -85.6052, 34.9847 ], [ -85.5831, 34.8604 ], [ -85.5341, 34.6239 ], [ -85.5273, 34.5887 ], [ -85.5137, 34.5242 ], [ -85.4621, 34.2864 ], [ -85.4219, 34.0808 ], [ -85.3988, 33.9641 ], [ -85.3865, 33.9017 ], [ -85.3382, 33.6531 ], [ -85.3044, 33.4829 ], [ -85.2939, 33.4281 ], [ -85.2365, 33.1296 ], [ -85.2324, 33.1081 ], [ -85.1841, 32.8705 ], [ -85.1543, 32.8475 ], [ -85.1679, 32.8116 ], [ -85.1222, 32.7734 ], [ -85.1348, 32.7468 ], [ -85.1053, 32.6448 ], [ -85.0806, 32.6081 ], [ -85.0675, 32.5795 ], [ -85.0008, 32.5102 ], [ -84.9935, 32.4507 ], [ -84.9718, 32.4428 ], [ -84.972, 32.3777 ], [ -85.0046, 32.3452 ], [ -85.0019, 32.322 ], [ -84.9338, 32.2983 ], [ -84.9015, 32.2574 ], [ -84.923, 32.2309 ], [ -84.9721, 32.2183 ], [ -85.0621, 32.1325 ], [ -85.0455, 32.0869 ], [ -85.056, 32.0631 ], [ -85.0681, 31.9919 ], [ -85.1401, 31.8588 ], [ -85.141, 31.7805 ], [ -85.127, 31.7623 ], [ -85.1255, 31.695 ], [ -85.0575, 31.6186 ], [ -85.0455, 31.5171 ], [ -85.0716, 31.4684 ], [ -85.0659, 31.4306 ], [ -85.0824, 31.3845 ], [ -85.0877, 31.3087 ], [ -85.1133, 31.2643 ], [ -85.0968, 31.2257 ], [ -85.1002, 31.1655 ], [ -85.0766, 31.1569 ], [ -85.0356, 31.1082 ], [ -85.0285, 31.0755 ], [ -85.0025, 31.0007 ] ] } },
{ "type": "Feature", "properties": { }, "geometry": { "type": "LineString", "coordinates": [ [ -85.0025, 31.0007 ], [ -85.2436, 31.0009 ], [ -85.4883, 30.9971 ], [ -85.498, 30.9969 ], [ -86.035, 30.9933 ], [ -86.1872, 30.994 ], [ -86.3886, 30.9942 ], [ -86.6883, 30.9946 ], [ -86.7857, 30.997 ], [ -87.1636, 30.999 ], [ -87.5989, 30.9975 ], [ -87.5892, 30.9645 ], [ -87.6349, 30.8659 ], [ -87.6005, 30.8206 ], [ -87.5521, 30.7863 ], [ -87.5326, 30.7435 ], [ -87.407, 30.6752 ], [ -87.3936, 30.6309 ], [ -87.4186, 30.5618 ], [ -87.4466, 30.5271 ], [ -87.4356, 30.4805 ], [ -87.3712, 30.4305 ], [ -87.4296, 30.4065 ], [ -87.4649, 30.3333 ], [ -87.5047, 30.324 ], [ -87.5183, 30.2804 ] ] } },
{ "type": "Feature", "properties": { }, "geometry": { "type": "LineString", "coordinates": [ [ -94.043, 33.0192 ], [ -94.043, 33.2712 ], [ -94.0434, 33.5516 ], [ -94.0826, 33.5755 ], [ -94.1485, 33.5657 ], [ -94.1623, 33.5889 ], [ -94.2984, 33.5762 ], [ -94.3895, 33.5468 ], [ -94.43, 33.5911 ], [ -94.4485, 33.6345 ], [ -94.4859, 33.6379 ] ] } },
{ "type": "Feature", "properties": { }, "geometry": { "type": "LineString", "coordinates": [ [ -94.4859, 33.6379 ], [ -94.4773, 33.9409 ], [ -94.4703, 34.1902 ], [ -94.4611, 34.5075 ], [ -94.4546, 34.7289 ], [ -94.4479, 34.9341 ], [ -94.4316, 35.3695 ], [ -94.4356, 35.3861 ], [ -94.4308, 35.3935 ], [ -94.4726, 35.6386 ], [ -94.4929, 35.7592 ], [ -94.5522, 36.1021 ], [ -94.5628, 36.1619 ], [ -94.6179, 36.4994 ] ] } },
{ "type": "Feature", "properties": { }, "geometry": { "type": "LineString", "coordinates": [ [ -94.6179, 36.4994 ], [ -94.0771, 36.4987 ], [ -93.8667, 36.4988 ], [ -93.5843, 36.4989 ], [ -93.3153, 36.4984 ], [ -93.2931, 36.4983 ], [ -92.854, 36.498 ], [ -92.7723, 36.4978 ], [ -92.5291, 36.4986 ], [ -92.1503, 36.4986 ], [ -92.1204, 36.4989 ], [ -91.6723, 36.4995 ], [ -91.45, 36.4976 ], [ -91.4069, 36.4971 ], [ -91.1265, 36.4977 ], [ -90.7842, 36.4985 ], [ -90.5762, 36.4984 ], [ -90.2177, 36.4978 ], [ -90.1544, 36.4968 ], [ -90.135, 36.4137 ], [ -90.0645, 36.3821 ], [ -90.0837, 36.2723 ], [ -90.1149, 36.2656 ], [ -90.1422, 36.2275 ], [ -90.1904, 36.2014 ], [ -90.2204, 36.1848 ], [ -90.2488, 36.1298 ], [ -90.2931, 36.1144 ], [ -90.3779, 35.9957 ], [ -90.2891, 35.9964 ], [ -89.9594, 35.999 ], [ -89.7331, 36.0008 ] ] } },
{ "type": "Feature", "properties": { }, "geometry": { "type": "LineString", "coordinates": [ [ -89.7331, 36.0008 ], [ -89.714, 35.9598 ], [ -89.6503, 35.9277 ], [ -89.6411, 35.9062 ], [ -89.6764, 35.8767 ], [ -89.7149, 35.9062 ], [ -89.7672, 35.8909 ], [ -89.7685, 35.8605 ], [ -89.6974, 35.8367 ], [ -89.7282, 35.8027 ], [ -89.7584, 35.8104 ], [ -89.7996, 35.7883 ], [ -89.8007, 35.7572 ], [ -89.839, 35.7421 ], [ -89.9062, 35.7589 ], [ -89.9583, 35.7266 ], [ -89.9567, 35.6943 ], [ -89.9061, 35.6511 ], [ -89.8566, 35.6344 ], [ -89.9511, 35.5975 ], [ -89.942, 35.5569 ], [ -89.9097, 35.538 ], [ -89.9587, 35.5238 ], [ -89.9894, 35.56 ], [ -90.0398, 35.5471 ], [ -90.0502, 35.5156 ], [ -90.0027, 35.4305 ], [ -90.0416, 35.3966 ], [ -90.0543, 35.3893 ], [ -90.0741, 35.434 ], [ -90.0678, 35.4662 ], [ -90.1077, 35.4769 ], [ -90.1401, 35.4367 ], [ -90.1689, 35.4219 ], [ -90.1435, 35.3876 ], [ -90.1116, 35.4096 ], [ -90.081, 35.3859 ], [ -90.11, 35.305 ], [ -90.1573, 35.3015 ], [ -90.1521, 35.256 ], [ -90.0943, 35.2488 ], [ -90.0762, 35.2215 ], [ -90.1014, 35.1711 ], [ -90.0687, 35.156 ], [ -90.0826, 35.1213 ], [ -90.1418, 35.133 ], [ -90.1768, 35.1121 ], [ -90.1812, 35.0539 ], [ -90.2073, 35.0258 ], [ -90.297, 35.0382 ], [ -90.3084, 34.9957 ] ] } },
{ "type": "Feature", "properties": { }, "geometry": { "type": "LineString", "coordinates": [ [ -90.3084, 34.9957 ], [ -90.2459, 34.9487 ], [ -90.2432, 34.9091 ], [ -90.3048, 34.8604 ], [ -90.3384, 34.8585 ], [ -90.4079, 34.8268 ], [ -90.4623, 34.8917 ], [ -90.4844, 34.8636 ], [ -90.4554, 34.8208 ], [ -90.4765, 34.7936 ], [ -90.4484, 34.7391 ], [ -90.475, 34.7239 ], [ -90.5242, 34.7314 ], [ -90.5324, 34.6962 ], [ -90.4742, 34.7053 ], [ -90.4688, 34.67 ], [ -90.5172, 34.6309 ], [ -90.5873, 34.6414 ], [ -90.5911, 34.6192 ], [ -90.5405, 34.5579 ], [ -90.5678, 34.524 ], [ -90.5931, 34.4773 ], [ -90.5777, 34.431 ], [ -90.6135, 34.3903 ], [ -90.7687, 34.3478 ], [ -90.7364, 34.3121 ], [ -90.7656, 34.2695 ], [ -90.8336, 34.2741 ], [ -90.8395, 34.2162 ], [ -90.9345, 34.2179 ], [ -90.8876, 34.1824 ], [ -90.8166, 34.183 ], [ -90.8076, 34.1618 ], [ -90.8604, 34.1392 ], [ -90.91, 34.1655 ], [ -90.9566, 34.1201 ], [ -90.9556, 34.1189 ], [ -90.9213, 34.0935 ], [ -90.8711, 34.0812 ], [ -90.8963, 34.0252 ], [ -90.9882, 34.0192 ], [ -90.9615, 33.9799 ], [ -91.0001, 33.9664 ], [ -91.0189, 34.0032 ], [ -91.0897, 33.9645 ], [ -91.0102, 33.9316 ], [ -91.0698, 33.8727 ], [ -91.0491, 33.816 ], [ -90.9917, 33.7926 ], [ -91.0013, 33.7686 ], [ -91.1341, 33.7829 ], [ -91.1488, 33.7314 ], [ -91.1174, 33.7053 ], [ -91.0605, 33.7151 ], [ -91.031, 33.6794 ], [ -91.0914, 33.6578 ], [ -91.1604, 33.7066 ], [ -91.2107, 33.7004 ], [ -91.2122, 33.657 ], [ -91.1374, 33.6269 ], [ -91.1369, 33.5902 ], [ -91.1715, 33.5683 ], [ -91.2338, 33.5613 ], [ -91.2187, 33.5294 ], [ -91.1854, 33.5075 ], [ -91.2352, 33.439 ], [ -91.1698, 33.452 ], [ -91.1392, 33.427 ], [ -91.209, 33.4036 ], [ -91.1419, 33.3801 ], [ -91.1416, 33.2995 ], [ -91.1281, 33.2685 ], [ -91.0861, 33.2737 ], [ -91.0504, 33.2512 ], [ -91.1003, 33.2194 ], [ -91.08, 33.1703 ], [ -91.0857, 33.1372 ], [ -91.1504, 33.1307 ], [ -91.1837, 33.1417 ], [ -91.2015, 33.1096 ], [ -91.1246, 33.0641 ], [ -91.1253, 33.0389 ], [ -91.1663, 33.0114 ], [ -91.1661, 33.0043 ] ] } },
{ "type": "Feature", "properties": { }, "geometry": { "type": "LineString", "coordinates": [ [ -91.1661, 33.0043 ], [ -91.265, 33.0051 ], [ -91.4358, 33.0061 ], [ -91.4604, 33.0059 ], [ -92.069, 33.0082 ], [ -92.7247, 33.0143 ], [ -92.9888, 33.0173 ], [ -93.2386, 33.018 ], [ -93.4906, 33.0184 ], [ -93.521, 33.0186 ], [ -93.8071, 33.0194 ], [ -93.8146, 33.0194 ], [ -94.043, 33.0192 ] ] } },
{ "type": "Feature", "properties": { }, "geometry": { "type": "LineString", "coordinates": [ [ -124.2116, 41.9985 ], [ -123.822, 41.9956 ], [ -123.6572, 41.9951 ], [ -123.5179, 42.0008 ], [ -123.347, 41.9993 ], [ -123.2311, 42.0039 ], [ -123.1457, 42.0088 ], [ -123.044, 42.0031 ], [ -122.7131, 42.0042 ], [ -122.3785, 42.0095 ], [ -122.2897, 42.0081 ], [ -121.9398, 42.0038 ], [ -121.4475, 41.9975 ], [ -120.8799, 41.9938 ], [ -120.3264, 41.9926 ], [ -119.9992, 41.9949 ] ] } },
{ "type": "Feature", "properties": { }, "geometry": { "type": "LineString", "coordinates": [ [ -119.9992, 41.9949 ], [ -119.9983, 41.6188 ], [ -119.9999, 41.184 ], [ -119.9994, 40.8731 ], [ -119.9959, 40.4999 ], [ -119.9976, 39.9565 ], [ -120.0013, 39.7224 ], [ -120.0039, 39.4451 ], [ -120.0063, 39.3165 ], [ -120.0045, 39.1656 ], [ -120.0034, 39.1127 ], [ -120.0025, 39.0675 ], [ -120.001, 38.9996 ], [ -119.9043, 38.9333 ], [ -119.5854, 38.7132 ], [ -119.3301, 38.5359 ], [ -119.1556, 38.4138 ], [ -118.6216, 38.0344 ], [ -118.4278, 37.8962 ], [ -117.8327, 37.4649 ], [ -117.5001, 37.2204 ], [ -117.166, 36.9712 ], [ -116.7103, 36.6275 ], [ -116.3759, 36.3726 ], [ -115.846, 35.9642 ], [ -115.648, 35.8096 ], [ -115.2713, 35.5127 ], [ -114.7879, 35.1273 ], [ -114.6335, 35.0019 ] ] } },
{ "type": "Feature", "properties": { }, "geometry": { "type": "LineString", "coordinates": [ [ -114.6335, 35.0019 ], [ -114.6307, 34.8664 ], [ -114.5868, 34.8357 ], [ -114.5527, 34.7669 ], [ -114.4737, 34.714 ], [ -114.451, 34.6649 ], [ -114.4364, 34.5968 ], [ -114.3808, 34.5297 ], [ -114.3867, 34.4579 ], [ -114.3426, 34.4514 ], [ -114.2643, 34.4013 ], [ -114.2261, 34.3659 ], [ -114.1769, 34.3493 ], [ -114.1383, 34.3032 ], [ -114.1312, 34.2627 ], [ -114.1665, 34.2496 ], [ -114.2541, 34.1738 ], [ -114.2873, 34.1705 ], [ -114.3246, 34.1368 ], [ -114.4159, 34.1076 ], [ -114.4354, 34.0797 ], [ -114.4383, 34.0226 ], [ -114.5346, 33.9254 ], [ -114.5043, 33.8769 ], [ -114.5306, 33.8554 ], [ -114.4965, 33.6969 ], [ -114.524, 33.6859 ], [ -114.5221, 33.6113 ], [ -114.5406, 33.5914 ], [ -114.5246, 33.5522 ], [ -114.5589, 33.5318 ], [ -114.6229, 33.4566 ], [ -114.6271, 33.4336 ], [ -114.7229, 33.3988 ], [ -114.7009, 33.337 ], [ -114.7312, 33.3024 ], [ -114.677, 33.2702 ], [ -114.6787, 33.1629 ], [ -114.7079, 33.0974 ], [ -114.6708, 33.038 ], [ -114.6396, 33.0453 ], [ -114.601, 33.0254 ], [ -114.5717, 33.0366 ], [ -114.5169, 33.0278 ], [ -114.4644, 32.9131 ], [ -114.469, 32.8452 ], [ -114.5317, 32.7912 ], [ -114.5269, 32.7571 ], [ -114.6184, 32.7282 ], [ -114.6888, 32.7377 ], [ -114.7196, 32.7188 ] ] } },
{ "type": "Feature", "properties": { }, "geometry": { "type": "LineString", "coordinates": [ [ -109.0452, 36.9991 ], [ -109.0458, 37.375 ], [ -109.0435, 37.4848 ], [ -109.0417, 37.8811 ], [ -109.0418, 38.153 ], [ -109.0601, 38.2755 ], [ -109.06, 38.5 ], [ -109.0595, 38.7199 ], [ -109.0542, 38.875 ], [ -109.0508, 39.3667 ], [ -109.0514, 39.4977 ], [ -109.051, 39.6605 ], [ -109.051, 40.2226 ], [ -109.0484, 40.6626 ], [ -109.0501, 41.0007 ] ] } },
{ "type": "Feature", "properties": { }, "geometry": { "type": "LineString", "coordinates": [ [ -109.0501, 41.0007 ], [ -108.8841, 41.0001 ], [ -108.2506, 41.0001 ], [ -107.9184, 41.002 ], [ -107.3178, 41.003 ], [ -106.8578, 41.0027 ], [ -106.4539, 41.0021 ], [ -106.3212, 40.9991 ], [ -106.1906, 40.9976 ], [ -105.7248, 40.9969 ], [ -105.2769, 40.9982 ], [ -104.9434, 40.9981 ], [ -104.676, 41.001 ], [ -104.0532, 41.0014 ] ] } },
{ "type": "Feature", "properties": { }, "geometry": { "type": "LineString", "coordinates": [ [ -104.0532, 41.0014 ], [ -103.5738, 41.0017 ], [ -103.3825, 41.0022 ], [ -102.6535, 41.0023 ], [ -102.621, 41.0026 ], [ -102.0517, 41.0024 ], [ -102.0513, 40.7496 ], [ -102.0514, 40.6975 ], [ -102.0515, 40.44 ], [ -102.0516, 40.3492 ], [ -102.0517, 40.0031 ] ] } },
{ "type": "Feature", "properties": { }, "geometry": { "type": "LineString", "coordinates": [ [ -102.0517, 40.0031 ], [ -102.0498, 39.5741 ], [ -102.0498, 39.5682 ], [ -102.0472, 39.1331 ], [ -102.0466, 39.047 ], [ -102.0452, 38.6976 ], [ -102.0453, 38.6152 ], [ -102.0446, 38.2687 ], [ -102.0445, 38.2624 ], [ -102.042, 37.7385 ], [ -102.0416, 37.6443 ], [ -102.0416, 37.3892 ], [ -102.0421, 36.993 ] ] } },
{ "type": "Feature", "properties": { }, "geometry": { "type": "LineString", "coordinates": [ [ -102.0421, 36.993 ], [ -102.6981, 36.9951 ], [ -102.8125, 36.9997 ], [ -103.0022, 37.0001 ] ] } },
{ "type": "Feature", "properties": { }, "geometry": { "type": "LineString", "coordinates": [ [ -103.0022, 37.0001 ], [ -103.0861, 37.0002 ], [ -103.4718, 36.999 ], [ -104.0079, 36.9962 ], [ -104.3388, 36.9935 ], [ -105.0006, 36.9933 ], [ -105.155, 36.9953 ], [ -105.2205, 36.9952 ], [ -105.7185, 36.9958 ], [ -106.0063, 36.9953 ], [ -106.4763, 36.9938 ], [ -106.8698, 36.9924 ], [ -106.8773, 37.0001 ], [ -107.4209, 37.0 ], [ -107.4817, 37.0 ], [ -108.0006, 37.0 ], [ -108.3793, 36.9995 ], [ -109.0452, 36.9991 ] ] } },
{ "type": "Feature", "properties": { }, "geometry": { "type": "LineString", "coordinates": [ [ -75.0489, 38.4513 ], [ -75.3413, 38.452 ], [ -75.6937, 38.4601 ], [ -75.7016, 38.5607 ], [ -75.7074, 38.6354 ], [ -75.7226, 38.8299 ], [ -75.7477, 39.1433 ], [ -75.756, 39.2461 ], [ -75.7601, 39.2968 ], [ -75.7667, 39.3775 ], [ -75.7887, 39.6582 ], [ -75.7886, 39.7222 ] ] } },
{ "type": "Feature", "properties": { }, "geometry": { "type": "LineString", "coordinates": [ [ -75.7886, 39.7222 ], [ -75.7012, 39.8026 ], [ -75.5948, 39.8373 ], [ -75.5931, 39.8375 ], [ -75.5799, 39.8385 ], [ -75.4988, 39.8333 ], [ -75.4234, 39.8066 ] ] } },
{ "type": "Feature", "properties": { }, "geometry": { "type": "LineString", "coordinates": [ [ -85.0025, 31.0007 ], [ -84.9836, 30.937 ], [ -84.9343, 30.8819 ], [ -84.9374, 30.8209 ], [ -84.918, 30.7781 ], [ -84.8647, 30.7115 ], [ -84.8635, 30.7115 ], [ -84.3807, 30.69 ], [ -84.2826, 30.6853 ], [ -84.0838, 30.6758 ], [ -84.0075, 30.6721 ], [ -83.7437, 30.6584 ], [ -83.6117, 30.6513 ], [ -83.3577, 30.6374 ], [ -83.3409, 30.6363 ], [ -83.3092, 30.6344 ], [ -83.1366, 30.624 ], [ -82.6895, 30.5977 ], [ -82.584, 30.5918 ], [ -82.4598, 30.5843 ], [ -82.4189, 30.5817 ], [ -82.2148, 30.5685 ], [ -82.2404, 30.5378 ], [ -82.2014, 30.4852 ], [ -82.2103, 30.4246 ], [ -82.1701, 30.3589 ], [ -82.1048, 30.3683 ], [ -82.05, 30.3624 ], [ -82.0372, 30.4345 ], [ -82.0178, 30.4751 ], [ -82.0121, 30.5938 ], [ -82.0495, 30.6555 ], [ -82.0368, 30.7544 ], [ -81.9734, 30.7788 ], [ -81.9639, 30.8181 ], [ -81.9048, 30.8283 ], [ -81.8815, 30.7999 ], [ -81.8074, 30.7901 ], [ -81.7199, 30.7446 ], [ -81.6515, 30.7407 ], [ -81.5607, 30.7117 ], [ -81.4895, 30.7261 ], [ -81.4441, 30.7097 ] ] } },
{ "type": "Feature", "properties": { }, "geometry": { "type": "LineString", "coordinates": [ [ -85.6052, 34.9847 ], [ -85.4741, 34.9831 ], [ -85.3639, 34.9834 ], [ -85.2651, 34.9851 ], [ -84.9799, 34.9876 ], [ -84.977, 34.9877 ], [ -84.8105, 34.9876 ], [ -84.7759, 34.9878 ], [ -84.6215, 34.9883 ], [ -84.3219, 34.9884 ] ] } },
{ "type": "Feature", "properties": { }, "geometry": { "type": "LineString", "coordinates": [ [ -84.3219, 34.9884 ], [ -84.1295, 34.9875 ], [ -84.0053, 34.9874 ], [ -83.9364, 34.9875 ], [ -83.62, 34.9866 ], [ -83.5494, 34.9925 ], [ -83.483, 34.9935 ], [ -83.1096, 35.0012 ] ] } },
{ "type": "Feature", "properties": { }, "geometry": { "type": "LineString", "coordinates": [ [ -83.1096, 35.0012 ], [ -83.1117, 34.9359 ], [ -83.1691, 34.9188 ], [ -83.2063, 34.8797 ], [ -83.2431, 34.8774 ], [ -83.2557, 34.8442 ], [ -83.3242, 34.7875 ], [ -83.3193, 34.7649 ], [ -83.3523, 34.7162 ], [ -83.3382, 34.6872 ], [ -83.2545, 34.6371 ], [ -83.2313, 34.6112 ], [ -83.1683, 34.591 ], [ -83.1033, 34.5367 ], [ -83.0514, 34.4939 ], [ -82.9922, 34.4792 ], [ -82.9016, 34.4868 ], [ -82.8653, 34.4603 ], [ -82.8348, 34.3663 ], [ -82.7947, 34.3406 ], [ -82.7738, 34.2887 ], [ -82.743, 34.2514 ], [ -82.742, 34.2117 ], [ -82.7175, 34.1505 ], [ -82.6752, 34.1298 ], [ -82.5945, 34.0139 ], [ -82.5645, 33.9557 ], [ -82.513, 33.937 ], [ -82.4929, 33.9098 ], [ -82.4292, 33.8658 ], [ -82.3462, 33.8338 ], [ -82.299, 33.7845 ], [ -82.2475, 33.7526 ], [ -82.2186, 33.6863 ], [ -82.1966, 33.6306 ], [ -82.1335, 33.5905 ], [ -82.1153, 33.5966 ], [ -82.0282, 33.5449 ], [ -82.0125, 33.5321 ], [ -81.9859, 33.4865 ], [ -81.9263, 33.4629 ], [ -81.9131, 33.4383 ], [ -81.9447, 33.364 ], [ -81.9188, 33.3334 ], [ -81.8692, 33.3138 ], [ -81.8462, 33.2843 ], [ -81.8517, 33.2477 ], [ -81.8079, 33.2137 ], [ -81.7571, 33.1981 ], [ -81.7631, 33.1594 ], [ -81.7046, 33.1165 ], [ -81.6423, 33.0932 ], [ -81.6141, 33.0952 ], [ -81.5619, 33.0458 ], [ -81.5417, 33.0457 ], [ -81.4919, 33.0067 ], [ -81.5027, 32.9387 ], [ -81.4759, 32.8776 ], [ -81.4216, 32.8352 ], [ -81.4301, 32.7818 ], [ -81.4051, 32.745 ], [ -81.4206, 32.6998 ], [ -81.3946, 32.6496 ], [ -81.4181, 32.6283 ], [ -81.3893, 32.5954 ], [ -81.3218, 32.5595 ], [ -81.2813, 32.5564 ], [ -81.2, 32.468 ], [ -81.2055, 32.4236 ], [ -81.1415, 32.3503 ], [ -81.1223, 32.3054 ], [ -81.1447, 32.2263 ], [ -81.1179, 32.1853 ], [ -81.1154, 32.1147 ], [ -81.0381, 32.0837 ], [ -81.0043, 32.1024 ], [ -80.9077, 32.0382 ] ] } },
{ "type": "Feature", "properties": { }, "geometry": { "type": "LineString", "coordinates": [ [ -114.0415, 41.9939 ], [ -114.2818, 41.9942 ], [ -114.5983, 41.9945 ], [ -114.8064, 42.0018 ], [ -115.0382, 41.996 ], [ -115.3139, 41.9961 ], [ -115.9416, 41.9965 ], [ -116.6268, 41.9978 ], [ -117.0182, 41.9993 ], [ -117.0262, 41.9999 ] ] } },
{ "type": "Feature", "properties": { }, "geometry": { "type": "LineString", "coordinates": [ [ -117.0262, 41.9999 ], [ -117.0267, 42.6249 ], [ -117.0267, 43.0251 ], [ -117.0266, 43.6808 ], [ -117.0329, 43.83 ], [ -116.9837, 43.8801 ], [ -116.9345, 44.0212 ], [ -116.9725, 44.0488 ], [ -116.9774, 44.0854 ], [ -116.9431, 44.0941 ], [ -116.8978, 44.1527 ], [ -116.9254, 44.1915 ], [ -116.9717, 44.1973 ], [ -116.9759, 44.2428 ], [ -117.0319, 44.2486 ], [ -117.0565, 44.2309 ], [ -117.1042, 44.2799 ], [ -117.1703, 44.2589 ], [ -117.2201, 44.3014 ], [ -117.1898, 44.3366 ], [ -117.2427, 44.3965 ], [ -117.2151, 44.4272 ], [ -117.2259, 44.4794 ], [ -117.1442, 44.5456 ], [ -117.0959, 44.6647 ], [ -117.0442, 44.7451 ], [ -116.9347, 44.7839 ], [ -116.8996, 44.8406 ], [ -116.8524, 44.8876 ], [ -116.8357, 44.9406 ], [ -116.8568, 44.9843 ], [ -116.8479, 45.0226 ], [ -116.7838, 45.0783 ], [ -116.7312, 45.1399 ], [ -116.6872, 45.2676 ], [ -116.6738, 45.3215 ], [ -116.5882, 45.4429 ], [ -116.5548, 45.4629 ], [ -116.5566, 45.5062 ], [ -116.483, 45.577 ], [ -116.4635, 45.6158 ], [ -116.5354, 45.6917 ], [ -116.5357, 45.7342 ], [ -116.593, 45.7785 ], [ -116.6653, 45.782 ], [ -116.6981, 45.8209 ], [ -116.7827, 45.8254 ], [ -116.7945, 45.8561 ], [ -116.8665, 45.917 ], [ -116.876, 45.9544 ], [ -116.916, 45.9954 ] ] } },
{ "type": "Feature", "properties": { }, "geometry": { "type": "LineString", "coordinates": [ [ -116.916, 45.9954 ], [ -116.9595, 46.0991 ], [ -116.9226, 46.1607 ], [ -116.963, 46.1997 ], [ -116.956, 46.226 ], [ -116.9846, 46.2927 ], [ -117.056, 46.3455 ], [ -117.0398, 46.4259 ], [ -117.0397, 46.5417 ], [ -117.0398, 47.1273 ], [ -117.04, 47.2593 ], [ -117.0401, 47.366 ], [ -117.0423, 47.9775 ], [ -117.0417, 48.0455 ], [ -117.0352, 48.3709 ], [ -117.0324, 48.8467 ], [ -117.0324, 48.9992 ] ] } },
{ "type": "Feature", "properties": { }, "geometry": { "type": "LineString", "coordinates": [ [ -116.0491, 49.0008 ], [ -116.0491, 48.502 ], [ -116.049, 48.2161 ], [ -116.0491, 47.9773 ], [ -115.9193, 47.8574 ], [ -115.8451, 47.8149 ], [ -115.825, 47.7524 ], [ -115.7228, 47.6947 ], [ -115.7365, 47.6547 ], [ -115.6944, 47.6238 ], [ -115.6884, 47.5956 ], [ -115.7543, 47.5526 ], [ -115.6863, 47.4849 ], [ -115.63, 47.4796 ], [ -115.6401, 47.4597 ], [ -115.7479, 47.4417 ], [ -115.5491, 47.3472 ], [ -115.5285, 47.2993 ], [ -115.3235, 47.2563 ], [ -115.2431, 47.1507 ], [ -115.1443, 47.102 ], [ -115.1311, 47.069 ], [ -115.0717, 47.0259 ], [ -115.0502, 46.9812 ], [ -115.0013, 46.9719 ], [ -114.9593, 46.9329 ], [ -114.9367, 46.8973 ], [ -114.9207, 46.8271 ], [ -114.8658, 46.8145 ], [ -114.8296, 46.783 ], [ -114.7652, 46.7583 ], [ -114.7881, 46.7121 ], [ -114.7526, 46.6972 ], [ -114.6749, 46.7368 ], [ -114.6246, 46.7118 ], [ -114.6358, 46.6595 ], [ -114.5945, 46.6338 ], [ -114.547, 46.6447 ], [ -114.4671, 46.6318 ], [ -114.4244, 46.6606 ], [ -114.3327, 46.6606 ], [ -114.3225, 46.6113 ], [ -114.3438, 46.5897 ], [ -114.3519, 46.5077 ], [ -114.3999, 46.5022 ], [ -114.3723, 46.4428 ], [ -114.4222, 46.3873 ], [ -114.4143, 46.3355 ], [ -114.4519, 46.2407 ], [ -114.4459, 46.1739 ], [ -114.5156, 46.1661 ], [ -114.5205, 46.1249 ], [ -114.4605, 46.0978 ], [ -114.4935, 46.0524 ], [ -114.4741, 45.9922 ], [ -114.4118, 45.9779 ], [ -114.4314, 45.936 ], [ -114.3886, 45.8822 ], [ -114.5093, 45.8455 ], [ -114.5665, 45.7733 ], [ -114.5042, 45.7217 ], [ -114.4996, 45.6696 ], [ -114.5635, 45.6323 ], [ -114.5385, 45.6078 ], [ -114.565, 45.5578 ], [ -114.5276, 45.5708 ], [ -114.4306, 45.5295 ], [ -114.3661, 45.491 ], [ -114.3442, 45.4597 ], [ -114.279, 45.4801 ], [ -114.2471, 45.5252 ], [ -114.1362, 45.557 ], [ -114.0823, 45.5968 ], [ -114.067, 45.628 ], [ -114.0153, 45.6634 ], [ -113.994, 45.7032 ], [ -113.9382, 45.6954 ], [ -113.9195, 45.6579 ], [ -113.8074, 45.6028 ], [ -113.7971, 45.5821 ], [ -113.8341, 45.5205 ], [ -113.7727, 45.5143 ], [ -113.76, 45.4807 ], [ -113.7836, 45.4557 ], [ -113.7742, 45.4065 ], [ -113.7344, 45.3924 ], [ -113.7381, 45.3284 ], [ -113.6808, 45.2793 ], [ -113.6925, 45.2634 ], [ -113.5919, 45.1842 ], [ -113.5766, 45.1315 ], [ -113.5226, 45.0927 ], [ -113.452, 45.0592 ], [ -113.4439, 44.9602 ], [ -113.4984, 44.9417 ], [ -113.4551, 44.8654 ], [ -113.4216, 44.8376 ], [ -113.3561, 44.8198 ], [ -113.34, 44.7848 ], [ -113.2465, 44.8227 ], [ -113.1795, 44.7872 ], [ -113.1016, 44.7294 ], [ -113.0678, 44.6788 ], [ -113.0571, 44.6186 ], [ -113.0875, 44.5995 ], [ -113.0378, 44.5651 ], [ -113.0051, 44.4537 ], [ -112.9027, 44.3991 ], [ -112.8452, 44.358 ], [ -112.8138, 44.3762 ], [ -112.8394, 44.4238 ], [ -112.7798, 44.4846 ], [ -112.7191, 44.5043 ], [ -112.6636, 44.4862 ], [ -112.602, 44.4907 ], [ -112.3863, 44.4478 ], [ -112.3566, 44.4931 ], [ -112.3542, 44.5356 ], [ -112.286, 44.5686 ], [ -112.2293, 44.5641 ], [ -112.1839, 44.5331 ], [ -112.1371, 44.5398 ], [ -112.1016, 44.5208 ], [ -112.0327, 44.5466 ], [ -111.9775, 44.5358 ], [ -111.9489, 44.5563 ], [ -111.8704, 44.5635 ], [ -111.8215, 44.5089 ], [ -111.7042, 44.5596 ], [ -111.6173, 44.5503 ], [ -111.5865, 44.5627 ], [ -111.5236, 44.5479 ], [ -111.5252, 44.6052 ], [ -111.4723, 44.6669 ], [ -111.4749, 44.7086 ], [ -111.3978, 44.7241 ], [ -111.3771, 44.7512 ], [ -111.296, 44.7021 ], [ -111.2201, 44.6221 ], [ -111.2275, 44.5772 ], [ -111.181, 44.5692 ], [ -111.1307, 44.5001 ], [ -111.0524, 44.4784 ] ] } },
{ "type": "Feature", "properties": { }, "geometry": { "type": "LineString", "coordinates": [ [ -111.0524, 44.4784 ], [ -111.049, 44.4741 ], [ -111.0491, 44.0201 ], [ -111.0471, 43.9835 ], [ -111.0452, 43.5011 ], [ -111.0446, 43.3157 ], [ -111.0441, 43.0194 ], [ -111.0436, 42.7226 ], [ -111.0467, 42.5139 ], [ -111.0467, 42.0017 ] ] } },
{ "type": "Feature", "properties": { }, "geometry": { "type": "LineString", "coordinates": [ [ -111.0467, 42.0017 ], [ -111.5078, 41.9995 ], [ -112.1094, 41.9977 ], [ -112.1592, 41.9984 ], [ -112.186, 42.0012 ], [ -113.0, 41.9982 ], [ -113.5261, 41.9927 ], [ -113.9016, 41.9886 ], [ -114.0415, 41.9939 ] ] } },
{ "type": "Feature", "properties": { }, "geometry": { "type": "LineString", "coordinates": [ [ -87.5242, 41.7083 ], [ -87.5257, 41.4703 ], [ -87.5267, 41.2981 ], [ -87.5266, 41.1661 ], [ -87.5263, 41.0103 ], [ -87.526, 40.7369 ], [ -87.5264, 40.4912 ], [ -87.5266, 40.4769 ], [ -87.5315, 40.1481 ], [ -87.5332, 39.883 ], [ -87.5322, 39.6073 ], [ -87.5317, 39.4771 ], [ -87.5316, 39.3481 ], [ -87.5891, 39.3338 ], [ -87.6059, 39.3111 ], [ -87.6041, 39.2595 ], [ -87.5746, 39.2184 ], [ -87.6294, 39.1575 ], [ -87.6528, 39.1068 ], [ -87.6184, 39.1043 ], [ -87.5726, 39.0573 ], [ -87.5765, 38.9867 ], [ -87.5133, 38.956 ], [ -87.5225, 38.9024 ], [ -87.5321, 38.8525 ], [ -87.5273, 38.8181 ], [ -87.4959, 38.7854 ], [ -87.5053, 38.735 ], [ -87.5312, 38.684 ], [ -87.5972, 38.6653 ], [ -87.6515, 38.5682 ], [ -87.6724, 38.5074 ], [ -87.714, 38.4799 ], [ -87.7437, 38.4144 ], [ -87.832, 38.327 ], [ -87.8435, 38.2782 ], [ -87.8878, 38.2853 ], [ -87.9503, 38.2768 ], [ -87.9877, 38.2569 ], [ -87.9837, 38.2304 ], [ -87.9699, 38.1918 ], [ -87.9106, 38.1666 ], [ -87.9455, 38.1266 ], [ -88.0167, 38.0973 ], [ -87.9672, 38.0671 ], [ -88.0341, 38.032 ], [ -88.0126, 37.9771 ], [ -88.0368, 37.9568 ], [ -88.0134, 37.8949 ], [ -88.0929, 37.8917 ], [ -88.0594, 37.8487 ], [ -88.0333, 37.8419 ], [ -88.028, 37.7992 ] ] } },
{ "type": "Feature", "properties": { }, "geometry": { "type": "LineString", "coordinates": [ [ -88.028, 37.7992 ], [ -88.0638, 37.7386 ], [ -88.125, 37.7071 ], [ -88.1582, 37.6645 ], [ -88.1343, 37.5746 ], [ -88.069, 37.5253 ], [ -88.0613, 37.5053 ], [ -88.0818, 37.473 ], [ -88.2817, 37.4526 ], [ -88.3585, 37.4048 ], [ -88.4153, 37.4235 ], [ -88.4766, 37.3869 ], [ -88.4869, 37.3396 ], [ -88.5159, 37.284 ], [ -88.5093, 37.2621 ], [ -88.4478, 37.2035 ], [ -88.4244, 37.1524 ], [ -88.4606, 37.0743 ], [ -88.4905, 37.0682 ], [ -88.5665, 37.0758 ], [ -88.6114, 37.1127 ], [ -88.6878, 37.1394 ], [ -88.7321, 37.144 ], [ -88.8057, 37.1886 ], [ -88.9279, 37.2262 ], [ -88.9344, 37.2251 ], [ -88.9747, 37.2297 ], [ -89.03, 37.2111 ], [ -89.0762, 37.1751 ], [ -89.1036, 37.1321 ], [ -89.1719, 37.0682 ], [ -89.1664, 37.0033 ], [ -89.1327, 36.9822 ] ] } },
{ "type": "Feature", "properties": { }, "geometry": { "type": "LineString", "coordinates": [ [ -89.1327, 36.9822 ], [ -89.1921, 36.98 ], [ -89.1985, 37.0117 ], [ -89.2599, 37.0641 ], [ -89.3014, 37.045 ], [ -89.3133, 37.0096 ], [ -89.3783, 37.0396 ], [ -89.3756, 37.0859 ], [ -89.4145, 37.1251 ], [ -89.4619, 37.1995 ], [ -89.4607, 37.2506 ], [ -89.4887, 37.2515 ], [ -89.5183, 37.2855 ], [ -89.4865, 37.3345 ], [ -89.436, 37.3444 ], [ -89.4225, 37.3971 ], [ -89.5164, 37.5356 ], [ -89.5217, 37.5662 ], [ -89.5215, 37.5722 ], [ -89.4784, 37.5989 ], [ -89.5177, 37.6412 ], [ -89.512, 37.6855 ], [ -89.5833, 37.7133 ], [ -89.6173, 37.7497 ], [ -89.668, 37.7595 ], [ -89.6744, 37.803 ], [ -89.7399, 37.8469 ], [ -89.7961, 37.8595 ], [ -89.8448, 37.9056 ], [ -89.9018, 37.8698 ], [ -89.9382, 37.8751 ], [ -89.9742, 37.9192 ], [ -89.9408, 37.971 ], [ -90.0053, 37.968 ], [ -90.0594, 38.0155 ], [ -90.0938, 38.0178 ], [ -90.1308, 38.0623 ], [ -90.2053, 38.0867 ], [ -90.2527, 38.1278 ], [ -90.2908, 38.1705 ], [ -90.3539, 38.2139 ], [ -90.3727, 38.2862 ], [ -90.3682, 38.3403 ], [ -90.3413, 38.3882 ], [ -90.2928, 38.4287 ], [ -90.2638, 38.5205 ], [ -90.2578, 38.532 ], [ -90.1918, 38.599 ], [ -90.1812, 38.6601 ], [ -90.2092, 38.7028 ], [ -90.2052, 38.7322 ], [ -90.1667, 38.7723 ], [ -90.1177, 38.8057 ], [ -90.1133, 38.8493 ], [ -90.2757, 38.9234 ], [ -90.3095, 38.9241 ], [ -90.3831, 38.9555 ], [ -90.4508, 38.9678 ], [ -90.544, 38.8751 ], [ -90.5834, 38.869 ], [ -90.6251, 38.8887 ], [ -90.6634, 38.9342 ], [ -90.6782, 38.9919 ], [ -90.7125, 39.0571 ], [ -90.6827, 39.0883 ], [ -90.7091, 39.1551 ], [ -90.7218, 39.2241 ], [ -90.727, 39.2512 ], [ -90.7935, 39.3095 ], [ -90.921, 39.3837 ], [ -90.9368, 39.3995 ], [ -90.9938, 39.423 ], [ -91.0594, 39.4689 ], [ -91.1003, 39.5387 ], [ -91.1483, 39.5458 ], [ -91.178, 39.5982 ], [ -91.2412, 39.6301 ], [ -91.3067, 39.6849 ], [ -91.37, 39.7325 ], [ -91.3651, 39.7587 ], [ -91.378, 39.8113 ], [ -91.4295, 39.8378 ], [ -91.4478, 39.878 ], [ -91.4209, 39.9149 ], [ -91.4355, 39.9453 ], [ -91.4949, 40.0365 ], [ -91.5103, 40.128 ], [ -91.505, 40.1999 ], [ -91.4973, 40.2488 ], [ -91.4621, 40.3424 ], [ -91.4194, 40.3783 ] ] } },
{ "type": "Feature", "properties": { }, "geometry": { "type": "LineString", "coordinates": [ [ -91.4194, 40.3783 ], [ -91.3757, 40.3919 ], [ -91.3691, 40.5125 ], [ -91.4062, 40.5427 ], [ -91.3487, 40.6097 ], [ -91.2479, 40.6384 ], [ -91.1854, 40.6381 ], [ -91.1239, 40.6692 ], [ -91.1124, 40.6963 ], [ -91.1157, 40.7252 ], [ -91.0917, 40.7797 ], [ -91.0968, 40.8116 ], [ -90.9985, 40.9081 ], [ -90.9629, 40.925 ], [ -90.9423, 41.0347 ], [ -90.949, 41.0702 ], [ -90.9494, 41.0727 ], [ -90.9466, 41.0966 ], [ -90.9897, 41.1557 ], [ -91.0415, 41.1661 ], [ -91.1136, 41.2414 ], [ -91.072, 41.3334 ], [ -91.0478, 41.4109 ], [ -90.9752, 41.434 ], [ -90.93, 41.4214 ], [ -90.8576, 41.4528 ], [ -90.7863, 41.4529 ], [ -90.6558, 41.4621 ], [ -90.5952, 41.511 ], [ -90.5409, 41.5261 ], [ -90.4614, 41.5235 ], [ -90.4128, 41.5653 ], [ -90.3432, 41.5878 ], [ -90.3435, 41.647 ], [ -90.3147, 41.6948 ], [ -90.3164, 41.7289 ], [ -90.2424, 41.783 ], [ -90.188, 41.8032 ], [ -90.1518, 41.9289 ], [ -90.1621, 41.9613 ], [ -90.1406, 41.996 ], [ -90.1542, 42.0331 ], [ -90.1629, 42.1167 ], [ -90.2095, 42.1527 ], [ -90.3173, 42.1936 ], [ -90.3911, 42.2255 ], [ -90.4309, 42.2782 ], [ -90.4159, 42.3227 ], [ -90.4738, 42.3815 ], [ -90.555, 42.4161 ], [ -90.5707, 42.4417 ], [ -90.654, 42.4785 ], [ -90.6428, 42.5085 ] ] } },
{ "type": "Feature", "properties": { }, "geometry": { "type": "LineString", "coordinates": [ [ -90.6428, 42.5085 ], [ -90.4264, 42.5071 ], [ -90.0737, 42.5083 ], [ -89.9265, 42.5058 ], [ -89.8376, 42.5055 ], [ -89.4014, 42.5004 ], [ -89.3658, 42.5003 ], [ -88.9404, 42.495 ], [ -88.7766, 42.492 ], [ -88.7074, 42.4936 ], [ -88.3047, 42.4948 ], [ -88.1994, 42.496 ], [ -87.8021, 42.4926 ] ] } },
{ "type": "Feature", "properties": { }, "geometry": { "type": "LineString", "coordinates": [ [ -86.8248, 41.7602 ], [ -86.5242, 41.7595 ], [ -86.2261, 41.76 ], [ -86.0626, 41.7605 ], [ -85.7913, 41.7591 ], [ -85.6598, 41.7591 ], [ -85.2922, 41.76 ], [ -85.1968, 41.7597 ], [ -84.8251, 41.76 ], [ -84.806, 41.6961 ] ] } },
{ "type": "Feature", "properties": { }, "geometry": { "type": "LineString", "coordinates": [ [ -84.806, 41.6961 ], [ -84.8047, 41.5301 ], [ -84.8041, 41.4261 ], [ -84.8036, 41.2709 ], [ -84.8035, 41.2526 ], [ -84.8033, 40.9894 ], [ -84.8029, 40.9226 ], [ -84.8023, 40.7281 ], [ -84.8025, 40.5722 ], [ -84.8039, 40.3528 ], [ -84.8037, 40.3101 ], [ -84.8109, 40.0051 ], [ -84.8124, 39.9169 ], [ -84.8144, 39.7266 ], [ -84.8149, 39.5677 ], [ -84.8154, 39.522 ], [ -84.8195, 39.3052 ], [ -84.8202, 39.1055 ] ] } },
{ "type": "Feature", "properties": { }, "geometry": { "type": "LineString", "coordinates": [ [ -84.8202, 39.1055 ], [ -84.8967, 39.0533 ], [ -84.8774, 39.0316 ], [ -84.8371, 38.9881 ], [ -84.8352, 38.958 ], [ -84.8708, 38.9292 ], [ -84.8712, 38.9017 ], [ -84.8002, 38.8911 ], [ -84.7948, 38.8572 ], [ -84.8234, 38.8392 ], [ -84.8116, 38.7928 ], [ -84.8873, 38.7948 ], [ -84.933, 38.7775 ], [ -84.9919, 38.7785 ], [ -85.0234, 38.7621 ], [ -85.1367, 38.7002 ], [ -85.2015, 38.6911 ], [ -85.2685, 38.7402 ], [ -85.3331, 38.7362 ], [ -85.4363, 38.7285 ], [ -85.4555, 38.6821 ], [ -85.4387, 38.6593 ], [ -85.4286, 38.5864 ], [ -85.4157, 38.5467 ], [ -85.4332, 38.5247 ], [ -85.4669, 38.5108 ], [ -85.4989, 38.4682 ], [ -85.586, 38.4501 ], [ -85.6183, 38.4264 ], [ -85.6379, 38.3802 ], [ -85.6554, 38.3238 ], [ -85.6836, 38.2955 ], [ -85.7409, 38.2679 ], [ -85.7911, 38.2878 ], [ -85.8362, 38.2653 ], [ -85.8391, 38.2397 ], [ -85.8995, 38.1804 ], [ -85.9053, 38.0889 ], [ -85.9257, 38.0218 ], [ -85.9471, 38.0051 ], [ -85.999, 38.0 ], [ -86.05, 37.9605 ], [ -86.0794, 38.0006 ], [ -86.1283, 38.0162 ], [ -86.1766, 38.0102 ], [ -86.2672, 38.0568 ], [ -86.2871, 38.1579 ], [ -86.3297, 38.1817 ], [ -86.3406, 38.1277 ], [ -86.3753, 38.1306 ], [ -86.4051, 38.1058 ], [ -86.461, 38.1212 ], [ -86.434, 38.0868 ], [ -86.4522, 38.0505 ], [ -86.4908, 38.0457 ], [ -86.525, 38.0279 ], [ -86.5252, 37.9682 ], [ -86.507, 37.9364 ], [ -86.5342, 37.917 ], [ -86.5886, 37.9212 ], [ -86.5981, 37.8674 ], [ -86.6553, 37.8425 ], [ -86.6448, 37.8948 ], [ -86.686, 37.9131 ], [ -86.7185, 37.8931 ], [ -86.751, 37.9129 ], [ -86.7955, 37.9895 ], [ -86.8135, 37.9982 ], [ -86.856, 37.9873 ], [ -86.9258, 37.9351 ], [ -86.9788, 37.9302 ], [ -87.0452, 37.8943 ], [ -87.0697, 37.8015 ], [ -87.1296, 37.7866 ], [ -87.1647, 37.8414 ], [ -87.2203, 37.8491 ], [ -87.269, 37.878 ], [ -87.3029, 37.8977 ], [ -87.3854, 37.9377 ], [ -87.4512, 37.9411 ], [ -87.5115, 37.9064 ], [ -87.5721, 37.9466 ], [ -87.6279, 37.9223 ], [ -87.5871, 37.8849 ], [ -87.6154, 37.832 ], [ -87.6724, 37.8291 ], [ -87.6668, 37.8799 ], [ -87.7007, 37.8978 ], [ -87.8298, 37.8764 ], [ -87.8725, 37.921 ], [ -87.9271, 37.9017 ], [ -87.9362, 37.8679 ], [ -87.9068, 37.8076 ], [ -87.9445, 37.7753 ], [ -88.028, 37.7992 ] ] } },
{ "type": "Feature", "properties": { }, "geometry": { "type": "LineString", "coordinates": [ [ -91.4194, 40.3783 ], [ -91.4803, 40.3818 ], [ -91.5246, 40.4108 ], [ -91.5286, 40.459 ], [ -91.5638, 40.461 ], [ -91.6169, 40.5048 ], [ -91.6252, 40.5435 ], [ -91.6817, 40.553 ], [ -91.7168, 40.5985 ], [ -91.7291, 40.6136 ], [ -91.9431, 40.6058 ], [ -92.1798, 40.6005 ], [ -92.3508, 40.5973 ], [ -92.6379, 40.5909 ], [ -92.7146, 40.5896 ], [ -93.0973, 40.584 ], [ -93.3744, 40.5803 ], [ -93.5569, 40.5802 ], [ -93.7743, 40.5776 ], [ -94.0155, 40.5739 ], [ -94.2322, 40.5719 ], [ -94.4712, 40.5708 ], [ -94.632, 40.5712 ], [ -94.9149, 40.5751 ], [ -95.2023, 40.5785 ], [ -95.3739, 40.5805 ], [ -95.7656, 40.5852 ] ] } },
{ "type": "Feature", "properties": { }, "geometry": { "type": "LineString", "coordinates": [ [ -95.7656, 40.5852 ], [ -95.7513, 40.6091 ], [ -95.7895, 40.6594 ], [ -95.8428, 40.6775 ], [ -95.8832, 40.7176 ], [ -95.8836, 40.7478 ], [ -95.8342, 40.7838 ], [ -95.8478, 40.8643 ], [ -95.8135, 40.9017 ], [ -95.8403, 40.9399 ], [ -95.8283, 40.9724 ], [ -95.8635, 40.9973 ], [ -95.8795, 41.0533 ], [ -95.8626, 41.0884 ], [ -95.8809, 41.1603 ], [ -95.9233, 41.1912 ], [ -95.9114, 41.238 ], [ -95.9287, 41.2814 ], [ -95.8824, 41.2814 ], [ -95.8887, 41.3191 ], [ -95.9568, 41.3492 ], [ -95.9375, 41.3931 ], [ -95.9329, 41.4638 ], [ -96.0047, 41.4723 ], [ -95.9962, 41.507 ], [ -96.0537, 41.5089 ], [ -96.092, 41.5339 ], [ -96.0834, 41.5833 ], [ -96.1141, 41.624 ], [ -96.095, 41.6474 ], [ -96.1217, 41.683 ], [ -96.0797, 41.718 ], [ -96.0697, 41.8035 ], [ -96.1076, 41.8207 ], [ -96.139, 41.8663 ], [ -96.1295, 41.9717 ], [ -96.1842, 41.9767 ], [ -96.2384, 42.0411 ], [ -96.2729, 42.0473 ], [ -96.2673, 42.1103 ], [ -96.3478, 42.1668 ], [ -96.3567, 42.2151 ], [ -96.3237, 42.2299 ], [ -96.3564, 42.2765 ], [ -96.37, 42.3109 ], [ -96.408, 42.3374 ], [ -96.4118, 42.4109 ], [ -96.3807, 42.4464 ], [ -96.3961, 42.4841 ], [ -96.4455, 42.4906 ] ] } },
{ "type": "Feature", "properties": { }, "geometry": { "type": "LineString", "coordinates": [ [ -96.4455, 42.4906 ], [ -96.4754, 42.4896 ], [ -96.477, 42.5561 ], [ -96.4988, 42.561 ], [ -96.5163, 42.6304 ], [ -96.5379, 42.6554 ], [ -96.6265, 42.7103 ], [ -96.6351, 42.7632 ], [ -96.55, 42.8407 ], [ -96.5374, 42.9088 ], [ -96.5003, 42.9594 ], [ -96.4917, 43.0097 ], [ -96.5103, 43.0499 ], [ -96.4542, 43.0834 ], [ -96.4393, 43.1139 ], [ -96.4665, 43.1503 ], [ -96.4853, 43.2242 ], [ -96.5549, 43.2268 ], [ -96.555, 43.26 ], [ -96.5807, 43.289 ], [ -96.5256, 43.3125 ], [ -96.524, 43.3948 ], [ -96.5943, 43.4342 ], [ -96.5825, 43.4671 ], [ -96.5989, 43.5004 ], [ -96.4533, 43.5004 ] ] } },
{ "type": "Feature", "properties": { }, "geometry": { "type": "LineString", "coordinates": [ [ -96.4533, 43.5004 ], [ -96.0532, 43.5001 ], [ -95.8609, 43.5001 ], [ -95.4544, 43.5005 ], [ -95.3878, 43.5002 ], [ -94.9146, 43.5009 ], [ -94.8546, 43.501 ], [ -94.4429, 43.5004 ], [ -94.248, 43.5001 ], [ -93.9708, 43.4999 ], [ -93.6485, 43.4997 ], [ -93.4974, 43.4996 ], [ -93.0492, 43.4997 ], [ -93.0243, 43.4997 ], [ -92.5531, 43.5002 ], [ -92.4489, 43.5004 ], [ -92.0798, 43.5007 ], [ -91.7302, 43.5007 ], [ -91.6108, 43.5006 ], [ -91.2177, 43.5005 ] ] } },
{ "type": "Feature", "properties": { }, "geometry": { "type": "LineString", "coordinates": [ [ -91.2177, 43.5005 ], [ -91.2322, 43.46 ], [ -91.2056, 43.4229 ], [ -91.2018, 43.3491 ], [ -91.1291, 43.3264 ], [ -91.0579, 43.254 ], [ -91.1191, 43.2004 ], [ -91.1779, 43.1289 ], [ -91.1772, 43.0802 ], [ -91.1568, 42.9882 ], [ -91.1462, 42.9099 ], [ -91.1006, 42.8831 ], [ -91.0513, 42.737 ], [ -90.9524, 42.6868 ], [ -90.8969, 42.6753 ], [ -90.7202, 42.6408 ], [ -90.644, 42.5399 ], [ -90.6428, 42.5085 ] ] } },
{ "type": "Feature", "properties": { }, "geometry": { "type": "LineString", "coordinates": [ [ -109.0452, 36.9991 ], [ -109.0454, 36.5299 ], [ -109.046, 36.0027 ], [ -109.0468, 35.3636 ], [ -109.0459, 34.9598 ], [ -109.0462, 34.5793 ], [ -109.047, 34.0001 ], [ -109.0469, 33.7774 ], [ -109.0472, 33.2089 ], [ -109.0471, 32.7778 ], [ -109.0476, 32.4264 ], [ -109.0483, 32.0891 ], [ -109.0491, 31.6366 ], [ -109.05, 31.3325 ] ] } },
{ "type": "Feature", "properties": { }, "geometry": { "type": "LineString", "coordinates": [ [ -114.6335, 35.0019 ], [ -114.6369, 35.0284 ], [ -114.6047, 35.0748 ], [ -114.6468, 35.1019 ], [ -114.5783, 35.1288 ], [ -114.5695, 35.1623 ], [ -114.5952, 35.3242 ], [ -114.6268, 35.4096 ], [ -114.6528, 35.4308 ], [ -114.6787, 35.4988 ], [ -114.6572, 35.5323 ], [ -114.6534, 35.6108 ], [ -114.689, 35.6503 ], [ -114.6827, 35.6886 ], [ -114.7054, 35.7118 ], [ -114.6989, 35.7902 ], [ -114.7065, 35.849 ], [ -114.6632, 35.8737 ], [ -114.7003, 35.9018 ], [ -114.7406, 35.9757 ], [ -114.7229, 36.0272 ], [ -114.7548, 36.0847 ], [ -114.7362, 36.1044 ], [ -114.6827, 36.1091 ], [ -114.6305, 36.1422 ], [ -114.5081, 36.1497 ], [ -114.4437, 36.1256 ], [ -114.4153, 36.1451 ], [ -114.3702, 36.1426 ], [ -114.2334, 36.0128 ], [ -114.1514, 36.0231 ], [ -114.0682, 36.1777 ], [ -114.0439, 36.1934 ], [ -114.0432, 36.3794 ], [ -114.0506, 36.8431 ], [ -114.0506, 37.0004 ] ] } },
{ "type": "Feature", "properties": { }, "geometry": { "type": "LineString", "coordinates": [ [ -114.0506, 37.0004 ], [ -113.6243, 37.0001 ], [ -112.8992, 37.0003 ], [ -112.5386, 37.0007 ], [ -111.8654, 37.0013 ], [ -111.413, 37.0015 ], [ -111.1337, 37.0008 ], [ -110.7507, 37.0032 ], [ -110.5007, 37.0043 ], [ -110.4702, 36.998 ], [ -110.0007, 36.998 ], [ -109.6257, 36.9983 ], [ -109.0452, 36.9991 ] ] } },
{ "type": "Feature", "properties": { }, "geometry": { "type": "LineString", "coordinates": [ [ -102.0517, 40.0031 ], [ -101.411, 40.0024 ], [ -101.324, 40.0027 ], [ -100.7588, 40.0023 ], [ -100.7388, 40.0022 ], [ -100.1936, 40.0016 ], [ -100.1778, 40.0016 ], [ -99.6283, 40.0019 ], [ -99.6253, 40.0019 ], [ -99.1791, 40.002 ], [ -99.067, 40.0022 ], [ -98.7264, 40.0022 ], [ -98.5045, 40.0023 ], [ -98.274, 40.0025 ], [ -97.9318, 40.0021 ], [ -97.8215, 40.002 ], [ -97.3692, 40.0021 ], [ -96.9164, 40.0015 ], [ -96.8058, 40.0014 ], [ -96.4637, 40.001 ], [ -96.2392, 40.0007 ], [ -96.0107, 40.0006 ], [ -95.7881, 40.0005 ], [ -95.3399, 40.0 ], [ -95.3083, 40.0 ] ] } },
{ "type": "Feature", "properties": { }, "geometry": { "type": "LineString", "coordinates": [ [ -95.3083, 40.0 ], [ -95.2057, 39.9083 ], [ -95.1438, 39.9019 ], [ -95.1406, 39.8817 ], [ -95.0815, 39.8617 ], [ -95.0378, 39.8655 ], [ -94.9934, 39.8978 ], [ -94.9279, 39.8861 ], [ -94.9426, 39.8566 ], [ -94.8766, 39.8209 ], [ -94.9168, 39.7609 ], [ -94.9553, 39.7457 ], [ -94.969, 39.693 ], [ -95.0276, 39.6655 ], [ -95.0534, 39.6153 ], [ -95.0569, 39.5806 ], [ -95.1075, 39.5738 ], [ -95.1029, 39.5333 ], [ -95.0498, 39.4944 ], [ -95.0334, 39.4609 ], [ -94.9688, 39.4191 ], [ -94.9231, 39.3845 ], [ -94.9, 39.3002 ], [ -94.8463, 39.2685 ], [ -94.8238, 39.2099 ], [ -94.7755, 39.2006 ], [ -94.7365, 39.1692 ], [ -94.6872, 39.1835 ], [ -94.6398, 39.1537 ], [ -94.6017, 39.1596 ], [ -94.6074, 39.1134 ], [ -94.6075, 39.0441 ], [ -94.608, 38.8472 ], [ -94.6095, 38.7381 ], [ -94.6129, 38.4776 ], [ -94.6133, 38.3887 ], [ -94.6141, 38.0601 ], [ -94.614, 38.0371 ], [ -94.6177, 37.6731 ], [ -94.6176, 37.6536 ], [ -94.6175, 37.3642 ], [ -94.6176, 37.3384 ], [ -94.6179, 37.0568 ], [ -94.618, 36.9989 ] ] } },
{ "type": "Feature", "properties": { }, "geometry": { "type": "LineString", "coordinates": [ [ -94.618, 36.9989 ], [ -95.0076, 36.9995 ], [ -95.0735, 36.9995 ], [ -95.4077, 36.9992 ], [ -95.5224, 36.9993 ], [ -95.7868, 36.9993 ], [ -95.9643, 36.9991 ], [ -96.0008, 36.9989 ], [ -96.5256, 36.9987 ], [ -96.7498, 36.999 ], [ -97.1477, 36.9991 ], [ -97.4623, 36.9987 ], [ -97.8023, 36.9987 ], [ -98.112, 36.9981 ], [ -98.3471, 36.998 ], [ -98.5447, 36.999 ], [ -99.0003, 36.9995 ], [ -99.4562, 36.9995 ], [ -99.5411, 36.9996 ], [ -100.0026, 37.0017 ], [ -100.0895, 37.0021 ], [ -100.6333, 36.9999 ], [ -100.9455, 36.9982 ], [ -101.0665, 36.9979 ], [ -101.5553, 36.9954 ], [ -102.0282, 36.9931 ], [ -102.0421, 36.993 ] ] } },
{ "type": "Feature", "properties": { }, "geometry": { "type": "MultiLineString", "coordinates": [ [ [ -83.6754, 36.6008 ], [ -83.6907, 36.5826 ], [ -83.9308, 36.5877 ], [ -83.9876, 36.5896 ], [ -84.2272, 36.5922 ], [ -84.2613, 36.592 ], [ -84.5431, 36.5963 ], [ -84.7785, 36.6032 ], [ -84.7854, 36.6034 ], [ -84.9749, 36.6156 ], [ -85.2763, 36.6265 ], [ -85.2959, 36.6258 ], [ -85.4364, 36.6185 ], [ -85.4884, 36.615 ], [ -85.7886, 36.6218 ], [ -85.9729, 36.6285 ], [ -86.2055, 36.6398 ], [ -86.4114, 36.6506 ], [ -86.5078, 36.6524 ], [ -86.5639, 36.6336 ], [ -86.5899, 36.6525 ], [ -86.7633, 36.6489 ], [ -87.0608, 36.6432 ], [ -87.115, 36.6424 ], [ -87.336, 36.6415 ], [ -87.6412, 36.638 ], [ -87.6942, 36.6371 ], [ -87.8532, 36.6332 ], [ -87.8496, 36.6637 ], [ -88.0705, 36.6781 ], [ -88.0325, 36.5407 ], [ -88.0533, 36.4971 ], [ -88.4891, 36.5011 ], [ -88.5163, 36.5014 ], [ -88.8168, 36.5028 ], [ -88.8273, 36.5029 ], [ -88.8349, 36.5029 ], [ -89.1175, 36.5036 ], [ -89.3003, 36.5071 ], [ -89.3461, 36.5032 ], [ -89.4173, 36.499 ] ], [ [ -89.4854, 36.4975 ], [ -89.5392, 36.4979 ] ] ] } },
{ "type": "Feature", "properties": { }, "geometry": { "type": "MultiLineString", "coordinates": [ [ [ -89.4173, 36.499 ], [ -89.3655, 36.6251 ], [ -89.3276, 36.6322 ], [ -89.2583, 36.5649 ], [ -89.2273, 36.5694 ], [ -89.1747, 36.6505 ], [ -89.1591, 36.6664 ], [ -89.1995, 36.716 ], [ -89.1669, 36.7596 ], [ -89.1235, 36.7853 ], [ -89.1774, 36.8073 ], [ -89.1734, 36.8398 ], [ -89.138, 36.8473 ], [ -89.1008, 36.944 ], [ -89.1327, 36.9822 ] ], [ [ -89.5392, 36.4979 ], [ -89.5712, 36.5473 ], [ -89.5526, 36.5772 ], [ -89.4848, 36.5718 ], [ -89.4659, 36.5299 ], [ -89.4854, 36.4975 ] ] ] } },
{ "type": "Feature", "properties": { }, "geometry": { "type": "LineString", "coordinates": [ [ -84.8202, 39.1055 ], [ -84.7544, 39.1467 ], [ -84.7185, 39.1371 ], [ -84.6897, 39.1042 ], [ -84.6235, 39.0744 ], [ -84.5508, 39.0994 ], [ -84.5061, 39.0951 ], [ -84.4705, 39.1215 ], [ -84.4328, 39.0943 ], [ -84.4298, 39.0583 ], [ -84.3199, 39.0221 ], [ -84.2882, 38.9558 ], [ -84.2319, 38.8748 ], [ -84.2304, 38.8274 ], [ -84.2129, 38.8057 ], [ -84.0527, 38.7714 ], [ -83.9788, 38.7871 ], [ -83.9039, 38.7682 ], [ -83.859, 38.7568 ], [ -83.8406, 38.7219 ], [ -83.7836, 38.6956 ], [ -83.7722, 38.6582 ], [ -83.7053, 38.6398 ], [ -83.6451, 38.6365 ], [ -83.6269, 38.6794 ], [ -83.521, 38.703 ], [ -83.4681, 38.6755 ], [ -83.3667, 38.6585 ], [ -83.2942, 38.5966 ], [ -83.2671, 38.6182 ], [ -83.1538, 38.6188 ], [ -83.1027, 38.6773 ], [ -83.0531, 38.6958 ], [ -83.0309, 38.7256 ], [ -82.9794, 38.726 ], [ -82.8942, 38.7566 ], [ -82.8699, 38.7282 ], [ -82.8472, 38.5952 ], [ -82.816, 38.5707 ], [ -82.7248, 38.5576 ], [ -82.6655, 38.5057 ], [ -82.6138, 38.4745 ], [ -82.5935, 38.4218 ] ] } },
{ "type": "Feature", "properties": { }, "geometry": { "type": "LineString", "coordinates": [ [ -82.5935, 38.4218 ], [ -82.598, 38.3449 ], [ -82.5765, 38.3281 ], [ -82.5747, 38.2639 ], [ -82.6046, 38.2473 ], [ -82.6113, 38.1715 ], [ -82.6373, 38.1391 ], [ -82.5513, 38.0708 ], [ -82.5144, 37.9992 ], [ -82.4655, 37.9847 ], [ -82.4977, 37.9455 ], [ -82.4881, 37.9196 ], [ -82.4226, 37.8867 ], [ -82.4148, 37.8555 ], [ -82.3984, 37.8216 ], [ -82.3152, 37.7655 ], [ -82.333, 37.741 ], [ -82.272, 37.6638 ], [ -82.1817, 37.6271 ], [ -82.1567, 37.5928 ], [ -82.0644, 37.5369 ], [ -81.968, 37.538 ] ] } },
{ "type": "Feature", "properties": { }, "geometry": { "type": "LineString", "coordinates": [ [ -81.968, 37.538 ], [ -82.3069, 37.3017 ], [ -82.3509, 37.2671 ], [ -82.4492, 37.2439 ], [ -82.5539, 37.2028 ], [ -82.5654, 37.1961 ], [ -82.6335, 37.1543 ], [ -82.7221, 37.1202 ], [ -82.7223, 37.0579 ], [ -82.7821, 37.0082 ], [ -82.8227, 37.0041 ], [ -82.8692, 36.9742 ], [ -82.8561, 36.9525 ], [ -82.8782, 36.8928 ], [ -82.9703, 36.8577 ], [ -83.0726, 36.8546 ], [ -83.1332, 36.7832 ], [ -83.1364, 36.7431 ], [ -83.1946, 36.7395 ], [ -83.461, 36.6649 ], [ -83.5319, 36.665 ], [ -83.6145, 36.634 ], [ -83.6754, 36.6008 ] ] } },
{ "type": "Feature", "properties": { }, "geometry": { "type": "LineString", "coordinates": [ [ -93.838, 29.6906 ], [ -93.8985, 29.7716 ], [ -93.9227, 29.8188 ], [ -93.8543, 29.865 ], [ -93.8166, 29.9207 ], [ -93.7869, 29.9906 ], [ -93.7214, 30.0525 ], [ -93.7238, 30.0941 ], [ -93.6963, 30.1516 ], [ -93.719, 30.2087 ], [ -93.7052, 30.2439 ], [ -93.7046, 30.2899 ], [ -93.7439, 30.304 ], [ -93.763, 30.3441 ], [ -93.7417, 30.403 ], [ -93.6993, 30.4374 ], [ -93.7168, 30.4819 ], [ -93.7073, 30.5114 ], [ -93.7338, 30.5314 ], [ -93.7136, 30.5874 ], [ -93.6787, 30.5941 ], [ -93.6831, 30.6408 ], [ -93.6204, 30.6942 ], [ -93.6083, 30.7478 ], [ -93.5531, 30.8331 ], [ -93.5588, 30.8688 ], [ -93.5309, 30.9245 ], [ -93.5318, 30.9582 ], [ -93.5693, 30.9762 ], [ -93.5391, 31.0083 ], [ -93.5189, 31.0619 ], [ -93.5522, 31.0789 ], [ -93.5397, 31.1144 ], [ -93.5525, 31.1856 ], [ -93.6003, 31.1762 ], [ -93.6183, 31.2331 ], [ -93.6879, 31.3098 ], [ -93.6688, 31.3396 ], [ -93.6706, 31.3888 ], [ -93.7047, 31.4189 ], [ -93.6927, 31.4406 ], [ -93.7495, 31.4687 ], [ -93.7276, 31.4889 ], [ -93.7428, 31.5269 ], [ -93.7808, 31.5254 ], [ -93.8349, 31.5862 ], [ -93.816, 31.6323 ], [ -93.8265, 31.6669 ], [ -93.7945, 31.7021 ], [ -93.8361, 31.7485 ], [ -93.8234, 31.7751 ], [ -93.8748, 31.8217 ], [ -93.8796, 31.8436 ], [ -93.9292, 31.9118 ], [ -93.9535, 31.9106 ], [ -94.0154, 31.9802 ], [ -94.0427, 31.9993 ], [ -94.0426, 32.1961 ], [ -94.0429, 32.3923 ], [ -94.0431, 32.693 ], [ -94.0429, 32.8811 ], [ -94.043, 33.0192 ] ] } },
{ "type": "Feature", "properties": { }, "geometry": { "type": "LineString", "coordinates": [ [ -91.1661, 33.0043 ], [ -91.2018, 32.9612 ], [ -91.2128, 32.9221 ], [ -91.16, 32.8999 ], [ -91.1313, 32.93 ], [ -91.1355, 32.9797 ], [ -91.0868, 32.9763 ], [ -91.0648, 32.9265 ], [ -91.0706, 32.8887 ], [ -91.145, 32.8429 ], [ -91.1617, 32.8125 ], [ -91.1653, 32.7513 ], [ -91.0608, 32.7275 ], [ -91.0639, 32.7029 ], [ -91.1183, 32.6741 ], [ -91.1527, 32.6408 ], [ -91.1462, 32.6041 ], [ -91.1186, 32.5851 ], [ -91.0498, 32.6072 ], [ -91.0435, 32.5763 ], [ -91.0702, 32.5625 ], [ -91.0937, 32.5491 ], [ -91.1167, 32.5001 ], [ -91.0953, 32.4587 ], [ -91.0296, 32.4335 ], [ -90.9939, 32.4509 ], [ -90.9665, 32.4339 ], [ -91.0045, 32.3681 ], [ -90.9867, 32.3518 ], [ -90.9124, 32.3395 ], [ -90.9162, 32.3036 ], [ -90.9478, 32.2835 ], [ -90.9762, 32.2965 ], [ -90.9838, 32.2106 ], [ -91.0343, 32.2415 ], [ -91.124, 32.2111 ], [ -91.1642, 32.1969 ], [ -91.1628, 32.1327 ], [ -91.0532, 32.1242 ], [ -91.0308, 32.1206 ], [ -91.0307, 32.1143 ], [ -91.08, 32.0792 ], [ -91.0987, 32.0484 ], [ -91.0759, 32.0168 ], [ -91.1174, 31.9871 ], [ -91.1644, 31.9826 ], [ -91.1883, 31.961 ], [ -91.201, 31.9092 ], [ -91.2481, 31.8698 ], [ -91.2456, 31.8332 ], [ -91.2894, 31.8287 ], [ -91.2934, 31.8602 ], [ -91.3457, 31.8429 ], [ -91.3655, 31.7616 ], [ -91.3179, 31.7498 ], [ -91.3802, 31.7332 ], [ -91.3971, 31.7114 ], [ -91.3957, 31.6442 ], [ -91.4211, 31.6116 ], [ -91.4638, 31.6204 ], [ -91.4977, 31.6454 ], [ -91.5166, 31.6118 ], [ -91.4852, 31.5862 ], [ -91.4227, 31.5971 ], [ -91.4079, 31.5694 ], [ -91.45, 31.5397 ], [ -91.5158, 31.5309 ], [ -91.5134, 31.4444 ], [ -91.4721, 31.3959 ], [ -91.516, 31.3703 ], [ -91.5485, 31.4327 ], [ -91.5783, 31.3991 ], [ -91.549, 31.3473 ], [ -91.51, 31.3168 ], [ -91.5186, 31.2753 ], [ -91.5745, 31.2613 ], [ -91.6377, 31.2677 ], [ -91.6444, 31.2344 ], [ -91.5895, 31.1911 ], [ -91.626, 31.1169 ], [ -91.5676, 31.0702 ], [ -91.5644, 31.039 ], [ -91.6369, 30.9994 ], [ -91.1761, 30.9991 ], [ -91.0602, 30.999 ], [ -90.8258, 30.9994 ], [ -90.5672, 30.9997 ], [ -90.5476, 30.9997 ], [ -90.3473, 31.0004 ], [ -90.2596, 31.0007 ], [ -89.8359, 31.0021 ], [ -89.7281, 31.0023 ], [ -89.7736, 30.8969 ], [ -89.784, 30.8274 ], [ -89.8324, 30.7645 ], [ -89.8281, 30.725 ], [ -89.8418, 30.6656 ], [ -89.8223, 30.6046 ], [ -89.7681, 30.515 ], [ -89.6898, 30.4593 ], [ -89.6837, 30.4059 ], [ -89.6572, 30.3565 ], [ -89.6297, 30.3393 ], [ -89.6474, 30.2913 ], [ -89.6171, 30.2275 ], [ -89.5702, 30.1803 ], [ -89.5281, 30.189 ] ] } },
{ "type": "Feature", "properties": { }, "geometry": { "type": "LineString", "coordinates": [ [ -70.7038, 43.0598 ], [ -70.82, 43.1226 ], [ -70.8338, 43.1469 ], [ -70.8179, 43.2379 ], [ -70.8817, 43.2725 ], [ -70.9164, 43.3203 ], [ -70.9672, 43.3438 ], [ -70.9868, 43.4143 ], [ -70.9612, 43.4383 ], [ -70.9622, 43.541 ], [ -70.9727, 43.5703 ], [ -70.989, 43.7922 ], [ -71.0103, 44.2849 ], [ -71.031, 44.6555 ], [ -71.0839, 45.3055 ] ] } },
{ "type": "Feature", "properties": { }, "geometry": { "type": "MultiLineString", "coordinates": [ [ [ -75.2425, 38.027 ], [ -75.6243, 37.9942 ], [ -75.6482, 37.9668 ] ], [ [ -77.1302, 38.635 ], [ -77.1325, 38.6738 ], [ -77.0863, 38.706 ], [ -77.0415, 38.7259 ], [ -77.0404, 38.7854 ], [ -77.039, 38.7916 ] ], [ [ -77.1198, 38.9344 ], [ -77.1466, 38.9642 ], [ -77.2446, 38.9825 ], [ -77.2446, 39.0201 ], [ -77.3283, 39.0578 ], [ -77.4626, 39.0762 ], [ -77.5273, 39.1462 ], [ -77.4589, 39.2203 ], [ -77.4868, 39.2476 ], [ -77.5432, 39.2669 ], [ -77.5666, 39.3061 ], [ -77.6159, 39.3027 ], [ -77.6771, 39.3241 ], [ -77.7195, 39.3213 ] ] ] } },
{ "type": "Feature", "properties": { }, "geometry": { "type": "LineString", "coordinates": [ [ -77.039, 38.7916 ], [ -76.9094, 38.8928 ], [ -77.0026, 38.9655 ], [ -77.041, 38.9951 ], [ -77.1198, 38.9344 ] ] } },
{ "type": "Feature", "properties": { }, "geometry": { "type": "LineString", "coordinates": [ [ -77.7195, 39.3213 ], [ -77.7558, 39.3339 ], [ -77.7531, 39.4233 ], [ -77.7861, 39.4472 ], [ -77.7956, 39.4896 ], [ -77.8255, 39.4943 ], [ -77.8661, 39.5177 ], [ -77.8785, 39.5635 ], [ -77.8422, 39.5643 ], [ -77.838, 39.6061 ], [ -77.8851, 39.6158 ], [ -77.9391, 39.5871 ], [ -78.0113, 39.6041 ], [ -78.0224, 39.6196 ], [ -78.0775, 39.6689 ], [ -78.1714, 39.6956 ], [ -78.2541, 39.6401 ], [ -78.2668, 39.6188 ], [ -78.3339, 39.6365 ], [ -78.4205, 39.624 ], [ -78.4544, 39.5743 ], [ -78.4173, 39.5496 ], [ -78.4686, 39.5168 ], [ -78.5659, 39.5194 ], [ -78.623, 39.5395 ], [ -78.6574, 39.5351 ], [ -78.7675, 39.5875 ], [ -78.826, 39.5888 ], [ -78.8747, 39.5226 ], [ -78.9336, 39.4862 ], [ -78.9568, 39.4403 ], [ -79.0675, 39.4794 ], [ -79.2143, 39.3635 ], [ -79.2718, 39.3283 ], [ -79.3788, 39.2718 ], [ -79.4244, 39.2282 ], [ -79.4869, 39.206 ], [ -79.4824, 39.5317 ], [ -79.4767, 39.7211 ] ] } },
{ "type": "Feature", "properties": { }, "geometry": { "type": "LineString", "coordinates": [ [ -79.4767, 39.7211 ], [ -79.3925, 39.7214 ], [ -78.9284, 39.7228 ], [ -78.8084, 39.7229 ], [ -78.3806, 39.7225 ], [ -78.3428, 39.7225 ], [ -78.0991, 39.7223 ], [ -77.4691, 39.72 ], [ -77.4591, 39.72 ], [ -77.217, 39.72 ], [ -76.9993, 39.7198 ], [ -76.7871, 39.7208 ], [ -76.5694, 39.7212 ], [ -76.2398, 39.7213 ], [ -76.2333, 39.7213 ], [ -76.1356, 39.7216 ], [ -75.7886, 39.7222 ] ] } },
{ "type": "Feature", "properties": { }, "geometry": { "type": "MultiLineString", "coordinates": [ [ [ -71.1206, 41.4974 ], [ -71.1329, 41.6601 ], [ -71.1956, 41.6751 ] ], [ [ -71.2248, 41.7105 ], [ -71.2614, 41.7523 ], [ -71.3179, 41.7762 ], [ -71.3472, 41.8231 ], [ -71.3387, 41.8984 ], [ -71.3817, 41.8932 ], [ -71.3815, 41.9851 ], [ -71.3814, 42.0188 ], [ -71.4983, 42.0172 ], [ -71.7992, 42.0081 ] ] ] } },
{ "type": "Feature", "properties": { }, "geometry": { "type": "LineString", "coordinates": [ [ -71.7992, 42.0081 ], [ -71.8007, 42.0236 ], [ -72.1357, 42.0302 ], [ -72.2051, 42.0311 ], [ -72.6959, 42.0368 ], [ -72.7517, 42.0302 ], [ -72.7667, 42.003 ], [ -72.8167, 41.9976 ], [ -72.8135, 42.0365 ], [ -72.8636, 42.0377 ], [ -73.0533, 42.0399 ], [ -73.4328, 42.0506 ], [ -73.4873, 42.0496 ] ] } },
{ "type": "Feature", "properties": { }, "geometry": { "type": "LineString", "coordinates": [ [ -73.4873, 42.0496 ], [ -73.4969, 42.0497 ], [ -73.5081, 42.0863 ], [ -73.3525, 42.51 ], [ -73.265, 42.7459 ] ] } },
{ "type": "Feature", "properties": { }, "geometry": { "type": "LineString", "coordinates": [ [ -73.265, 42.7459 ], [ -73.023, 42.7411 ], [ -72.9301, 42.7392 ], [ -72.4585, 42.7269 ] ] } },
{ "type": "Feature", "properties": { }, "geometry": { "type": "LineString", "coordinates": [ [ -72.4585, 42.7269 ], [ -72.283, 42.7216 ], [ -71.929, 42.7122 ], [ -71.8988, 42.7114 ], [ -71.2942, 42.697 ], [ -71.2552, 42.7366 ], [ -71.2455, 42.7426 ], [ -71.1818, 42.7376 ], [ -71.1861, 42.7907 ], [ -71.1325, 42.8214 ], [ -71.0642, 42.8063 ], [ -71.0312, 42.8591 ], [ -70.9308, 42.8846 ], [ -70.8486, 42.8609 ], [ -70.8173, 42.8723 ] ] } },
{ "type": "Feature", "properties": { }, "geometry": { "type": "LineString", "coordinates": [ [ -87.5922, 45.0948 ], [ -87.6612, 45.1083 ], [ -87.6839, 45.1441 ], [ -87.7352, 45.1776 ], [ -87.7058, 45.2659 ], [ -87.6481, 45.3394 ], [ -87.694, 45.3899 ], [ -87.7541, 45.3494 ], [ -87.8849, 45.3628 ], [ -87.8497, 45.4095 ], [ -87.8617, 45.4345 ], [ -87.813, 45.4642 ], [ -87.7928, 45.5 ], [ -87.8034, 45.5383 ], [ -87.7747, 45.602 ], [ -87.8232, 45.6627 ], [ -87.7816, 45.6733 ], [ -87.8466, 45.7225 ], [ -87.8798, 45.7548 ], [ -87.9864, 45.7696 ], [ -87.9934, 45.7956 ], [ -88.0583, 45.7807 ], [ -88.094, 45.7857 ], [ -88.1336, 45.8231 ], [ -88.0775, 45.8638 ], [ -88.1168, 45.9217 ], [ -88.1481, 45.9375 ], [ -88.2924, 45.9511 ], [ -88.3802, 45.9917 ], [ -88.4169, 45.9753 ], [ -88.5095, 46.0192 ], [ -88.5655, 46.0157 ], [ -88.6164, 45.9877 ], [ -88.6634, 45.9877 ], [ -88.6833, 46.0141 ], [ -88.74, 46.0273 ], [ -88.7821, 46.0166 ], [ -88.9328, 46.0737 ], [ -88.9909, 46.0973 ], [ -89.0916, 46.1385 ], [ -89.4957, 46.2163 ], [ -89.9292, 46.2997 ], [ -90.1205, 46.3369 ], [ -90.1188, 46.3592 ], [ -90.2166, 46.5018 ], [ -90.2653, 46.5038 ], [ -90.3109, 46.5394 ], [ -90.3933, 46.5326 ], [ -90.4181, 46.5661 ] ] } },
{ "type": "Feature", "properties": { }, "geometry": { "type": "LineString", "coordinates": [ [ -83.4554, 41.7328 ], [ -83.7631, 41.7235 ], [ -83.8804, 41.7201 ], [ -84.3604, 41.7066 ], [ -84.3995, 41.7059 ], [ -84.806, 41.6961 ] ] } },
{ "type": "Feature", "properties": { }, "geometry": { "type": "LineString", "coordinates": [ [ -92.0153, 46.7065 ], [ -92.0895, 46.7492 ], [ -92.1463, 46.7159 ], [ -92.2124, 46.6499 ], [ -92.2922, 46.6639 ], [ -92.2929, 46.4172 ], [ -92.2937, 46.1573 ], [ -92.294, 46.0744 ], [ -92.3279, 46.0662 ], [ -92.3621, 46.0131 ], [ -92.4207, 46.0268 ], [ -92.4645, 45.9763 ], [ -92.522, 45.9842 ], [ -92.5519, 45.9517 ], [ -92.6401, 45.9325 ], [ -92.7077, 45.8949 ], [ -92.7846, 45.7642 ], [ -92.8489, 45.7288 ], [ -92.8692, 45.7176 ], [ -92.8871, 45.6441 ], [ -92.8837, 45.5755 ], [ -92.8233, 45.5609 ], [ -92.7702, 45.5669 ], [ -92.7261, 45.5411 ], [ -92.7267, 45.5145 ], [ -92.6466, 45.4416 ], [ -92.6504, 45.3985 ], [ -92.7041, 45.3537 ], [ -92.71, 45.3213 ], [ -92.7456, 45.2958 ], [ -92.7606, 45.2788 ], [ -92.758, 45.2096 ], [ -92.7449, 45.1083 ], [ -92.7915, 45.0796 ], [ -92.7971, 45.0506 ], [ -92.7646, 45.0288 ], [ -92.7694, 44.9722 ], [ -92.7506, 44.9373 ], [ -92.7749, 44.8928 ], [ -92.7691, 44.862 ], [ -92.7653, 44.8411 ], [ -92.8026, 44.7458 ], [ -92.732, 44.7137 ], [ -92.6217, 44.639 ], [ -92.6215, 44.615 ], [ -92.5184, 44.5752 ], [ -92.4373, 44.5528 ], [ -92.3476, 44.5571 ], [ -92.3162, 44.541 ], [ -92.3022, 44.5003 ], [ -92.242, 44.4543 ], [ -92.2152, 44.4385 ], [ -92.0836, 44.4072 ], [ -91.9595, 44.3594 ], [ -91.9256, 44.3335 ], [ -91.9203, 44.2865 ], [ -91.8584, 44.193 ], [ -91.8173, 44.1642 ], [ -91.7106, 44.1205 ], [ -91.6447, 44.0628 ], [ -91.559, 44.0253 ], [ -91.4405, 44.0015 ], [ -91.4252, 43.9843 ], [ -91.3647, 43.9349 ], [ -91.2841, 43.8471 ], [ -91.2441, 43.7747 ], [ -91.2578, 43.7257 ], [ -91.2685, 43.7098 ], [ -91.2687, 43.6153 ], [ -91.2319, 43.5818 ], [ -91.2438, 43.5491 ], [ -91.2177, 43.5005 ] ] } },
{ "type": "Feature", "properties": { }, "geometry": { "type": "LineString", "coordinates": [ [ -96.4533, 43.5004 ], [ -96.4533, 43.8495 ], [ -96.4528, 44.1968 ], [ -96.452, 44.5436 ], [ -96.4518, 44.6313 ], [ -96.4516, 44.8056 ], [ -96.4521, 44.9775 ], [ -96.4529, 45.2689 ], [ -96.4704, 45.3266 ], [ -96.4891, 45.3571 ], [ -96.6177, 45.4081 ], [ -96.6805, 45.4105 ], [ -96.7314, 45.457 ], [ -96.7653, 45.5214 ], [ -96.8355, 45.5861 ], [ -96.8578, 45.606 ], [ -96.8407, 45.6453 ], [ -96.6522, 45.7468 ], [ -96.5797, 45.8258 ], [ -96.5637, 45.9352 ] ] } },
{ "type": "Feature", "properties": { }, "geometry": { "type": "LineString", "coordinates": [ [ -96.5637, 45.9352 ], [ -96.5766, 46.0218 ], [ -96.5545, 46.084 ], [ -96.5916, 46.1847 ], [ -96.5999, 46.3293 ], [ -96.666, 46.3746 ], [ -96.7186, 46.44 ], [ -96.7492, 46.5497 ], [ -96.7469, 46.5757 ], [ -96.785, 46.6303 ], [ -96.798, 46.6303 ], [ -96.7762, 46.7678 ], [ -96.7967, 46.7775 ], [ -96.782, 46.8708 ], [ -96.7591, 46.9278 ], [ -96.7918, 46.9285 ], [ -96.8335, 47.0101 ], [ -96.8176, 47.0459 ], [ -96.8168, 47.1091 ], [ -96.8398, 47.1505 ], [ -96.8234, 47.174 ], [ -96.8333, 47.2382 ], [ -96.8315, 47.307 ], [ -96.8618, 47.4143 ], [ -96.8491, 47.499 ], [ -96.8571, 47.6108 ], [ -96.8868, 47.6721 ], [ -96.9328, 47.7371 ], [ -96.9348, 47.7665 ], [ -96.9791, 47.804 ], [ -97.0213, 47.8726 ], [ -97.0178, 47.9198 ], [ -97.0546, 47.9463 ], [ -97.0756, 48.0527 ], [ -97.1464, 48.1732 ], [ -97.1412, 48.1937 ], [ -97.1249, 48.2532 ], [ -97.1379, 48.312 ], [ -97.1259, 48.3383 ], [ -97.1572, 48.3857 ], [ -97.1285, 48.4603 ], [ -97.1574, 48.4816 ], [ -97.1613, 48.5425 ], [ -97.1632, 48.544 ], [ -97.1438, 48.5984 ], [ -97.1135, 48.6304 ], [ -97.1018, 48.6812 ], [ -97.1421, 48.7375 ], [ -97.1898, 48.8945 ], [ -97.2341, 48.9476 ], [ -97.2287, 49.0006 ] ] } },
{ "type": "Feature", "properties": { }, "geometry": { "type": "LineString", "coordinates": [ [ -90.3084, 34.9957 ], [ -89.7243, 34.9952 ], [ -89.644, 34.9953 ], [ -89.3527, 34.9941 ], [ -89.1983, 34.9945 ], [ -89.0171, 34.9949 ], [ -88.823, 34.9952 ], [ -88.7866, 34.9953 ], [ -88.3805, 34.9956 ], [ -88.3635, 34.9956 ], [ -88.2001, 34.9956 ] ] } },
{ "type": "Feature", "properties": { }, "geometry": { "type": "MultiLineString", "coordinates": [ [ [ -89.4173, 36.499 ], [ -89.4642, 36.4572 ], [ -89.4854, 36.4975 ] ], [ [ -89.5392, 36.4979 ], [ -89.5227, 36.4813 ], [ -89.5423, 36.4201 ], [ -89.5097, 36.3736 ], [ -89.545, 36.3368 ], [ -89.6107, 36.3404 ], [ -89.6118, 36.3091 ], [ -89.5355, 36.2705 ], [ -89.5873, 36.2395 ], [ -89.6952, 36.2528 ], [ -89.7053, 36.2366 ], [ -89.6295, 36.1854 ], [ -89.5922, 36.1501 ], [ -89.594, 36.1272 ], [ -89.68, 36.0825 ], [ -89.6873, 36.034 ], [ -89.7331, 36.0008 ] ] ] } },
{ "type": "Feature", "properties": { }, "geometry": { "type": "LineString", "coordinates": [ [ -94.6179, 36.4994 ], [ -94.618, 36.6679 ], [ -94.6183, 36.7666 ], [ -94.618, 36.9989 ] ] } },
{ "type": "Feature", "properties": { }, "geometry": { "type": "LineString", "coordinates": [ [ -95.3083, 40.0 ], [ -95.4216, 40.059 ], [ -95.3987, 40.1264 ], [ -95.4763, 40.182 ], [ -95.4775, 40.2427 ], [ -95.5525, 40.2619 ], [ -95.5548, 40.2645 ], [ -95.5533, 40.2912 ], [ -95.6104, 40.314 ], [ -95.6615, 40.4159 ], [ -95.6582, 40.4419 ], [ -95.6931, 40.4694 ], [ -95.7, 40.5053 ], [ -95.6523, 40.5381 ], [ -95.6941, 40.5569 ], [ -95.71, 40.5238 ], [ -95.7571, 40.526 ], [ -95.7656, 40.5852 ] ] } },
{ "type": "Feature", "properties": { }, "geometry": { "type": "LineString", "coordinates": [ [ -104.0487, 48.9999 ], [ -104.0476, 48.6339 ], [ -104.0469, 48.3893 ], [ -104.0441, 47.9961 ], [ -104.0417, 47.8623 ], [ -104.0451, 47.3971 ], [ -104.0453, 47.3301 ], [ -104.0448, 47.1274 ], [ -104.0453, 46.6415 ], [ -104.0451, 46.5409 ], [ -104.0454, 46.2801 ], [ -104.0454, 45.9453 ] ] } },
{ "type": "Feature", "properties": { }, "geometry": { "type": "LineString", "coordinates": [ [ -104.0454, 45.9453 ], [ -104.044, 45.882 ], [ -104.0419, 45.5579 ], [ -104.0401, 45.2129 ], [ -104.0397, 44.9981 ], [ -104.0579, 44.9976 ] ] } },
{ "type": "Feature", "properties": { }, "geometry": { "type": "LineString", "coordinates": [ [ -104.0579, 44.9976 ], [ -104.6313, 44.9988 ], [ -105.0382, 45.0001 ], [ -105.0766, 45.0001 ], [ -105.9131, 45.0002 ], [ -106.0248, 44.9935 ], [ -106.2637, 44.9938 ], [ -107.0849, 44.9966 ], [ -107.1274, 44.9998 ], [ -107.9115, 45.0007 ], [ -108.2494, 44.9999 ], [ -108.6213, 45.0003 ], [ -109.0828, 44.9996 ], [ -109.1032, 45.0058 ], [ -109.7985, 45.0023 ], [ -110.1058, 45.0035 ], [ -110.1832, 44.997 ], [ -110.4071, 44.9995 ], [ -110.4457, 44.9937 ], [ -110.7045, 44.9922 ], [ -110.7901, 45.0009 ], [ -111.0451, 45.0009 ], [ -111.0546, 45.001 ], [ -111.0536, 44.6663 ], [ -111.0524, 44.4784 ] ] } },
{ "type": "Feature", "properties": { }, "geometry": { "type": "LineString", "coordinates": [ [ -104.0532, 41.0014 ], [ -104.0523, 41.3932 ], [ -104.0525, 41.5643 ], [ -104.0528, 41.6978 ], [ -104.0527, 42.0017 ], [ -104.0528, 42.6118 ], [ -104.053, 43.0006 ] ] } },
{ "type": "Feature", "properties": { }, "geometry": { "type": "LineString", "coordinates": [ [ -104.053, 43.0006 ], [ -103.5051, 43.0008 ], [ -103.0006, 43.0005 ], [ -102.7921, 43.0 ], [ -102.0825, 42.9994 ], [ -101.6254, 42.9962 ], [ -101.228, 42.9979 ], [ -100.6317, 42.9981 ], [ -100.1984, 42.9985 ], [ -99.534, 42.998 ], [ -99.2545, 42.9981 ], [ -98.4986, 42.9986 ], [ -98.4674, 42.9476 ], [ -98.3098, 42.8826 ], [ -98.1531, 42.8391 ], [ -98.035, 42.7642 ], [ -97.9501, 42.7696 ], [ -97.8886, 42.8173 ], [ -97.8753, 42.8587 ], [ -97.8453, 42.8677 ], [ -97.7745, 42.8498 ], [ -97.6865, 42.8424 ], [ -97.6354, 42.8514 ], [ -97.4849, 42.8504 ], [ -97.4171, 42.8659 ], [ -97.3596, 42.8548 ], [ -97.3067, 42.8676 ], [ -97.2188, 42.8458 ], [ -97.2101, 42.8093 ], [ -97.1604, 42.7997 ], [ -97.1313, 42.7719 ], [ -97.0158, 42.7616 ], [ -96.9822, 42.7606 ], [ -96.9376, 42.7196 ], [ -96.9068, 42.7338 ], [ -96.8062, 42.7042 ], [ -96.8022, 42.6722 ], [ -96.6877, 42.6531 ], [ -96.711, 42.6081 ], [ -96.638, 42.552 ], [ -96.6315, 42.5243 ], [ -96.6035, 42.5045 ], [ -96.5578, 42.5204 ], [ -96.5013, 42.4827 ], [ -96.4455, 42.4906 ] ] } },
{ "type": "Feature", "properties": { }, "geometry": { "type": "LineString", "coordinates": [ [ -75.4151, 39.8019 ], [ -75.3304, 39.849 ], [ -75.2721, 39.8491 ], [ -75.2115, 39.8671 ], [ -75.1397, 39.8882 ], [ -75.1301, 39.9587 ], [ -75.06, 39.9916 ], [ -74.9737, 40.0482 ], [ -74.9326, 40.0688 ], [ -74.8598, 40.0849 ], [ -74.8161, 40.1277 ], [ -74.7821, 40.1208 ], [ -74.7221, 40.1503 ], [ -74.7717, 40.2153 ], [ -74.8423, 40.2505 ], [ -74.8682, 40.2952 ], [ -74.943, 40.3416 ], [ -74.964, 40.3952 ], [ -75.0588, 40.4181 ], [ -75.0686, 40.5422 ], [ -75.1904, 40.5916 ], [ -75.1968, 40.6086 ], [ -75.2039, 40.6915 ], [ -75.1716, 40.7777 ], [ -75.1085, 40.7911 ], [ -75.0537, 40.8737 ], [ -75.1202, 40.9687 ], [ -75.1306, 40.9911 ], [ -75.0271, 41.0395 ], [ -74.9671, 41.0943 ], [ -74.9917, 41.0923 ], [ -74.9232, 41.1381 ], [ -74.8821, 41.1808 ], [ -74.8384, 41.2773 ], [ -74.7532, 41.3461 ], [ -74.6949, 41.3574 ] ] } },
{ "type": "Feature", "properties": { }, "geometry": { "type": "LineString", "coordinates": [ [ -74.6949, 41.3574 ], [ -74.3674, 41.2035 ], [ -74.2343, 41.1431 ], [ -74.2113, 41.1335 ], [ -73.9027, 40.9973 ], [ -73.894, 40.9972 ], [ -73.9183, 40.9177 ], [ -73.9338, 40.8822 ], [ -73.9848, 40.7977 ], [ -74.0232, 40.7199 ] ] } },
{ "type": "Feature", "properties": { }, "geometry": { "type": "LineString", "coordinates": [ [ -73.3431, 45.0108 ], [ -73.3385, 44.9241 ], [ -73.3814, 44.845 ], [ -73.3354, 44.8046 ], [ -73.3656, 44.7418 ], [ -73.366, 44.6976 ], [ -73.3898, 44.6172 ], [ -73.3626, 44.5643 ], [ -73.3386, 44.5468 ], [ -73.3067, 44.5003 ], [ -73.296, 44.4283 ], [ -73.3336, 44.3723 ], [ -73.3134, 44.2642 ], [ -73.3908, 44.1891 ], [ -73.4377, 44.045 ], [ -73.4108, 44.0269 ], [ -73.4086, 43.9329 ], [ -73.3742, 43.8742 ], [ -73.3793, 43.8085 ], [ -73.363, 43.7532 ], [ -73.4279, 43.6344 ], [ -73.4286, 43.584 ], [ -73.3981, 43.5681 ], [ -73.3586, 43.6251 ], [ -73.3021, 43.6244 ], [ -73.2468, 43.5258 ], [ -73.2545, 43.3145 ], [ -73.2743, 42.9437 ], [ -73.2787, 42.8334 ], [ -73.2909, 42.8019 ], [ -73.265, 42.7459 ] ] } },
{ "type": "Feature", "properties": { }, "geometry": { "type": "LineString", "coordinates": [ [ -73.4873, 42.0496 ], [ -73.5182, 41.6667 ], [ -73.5301, 41.5272 ], [ -73.5447, 41.3665 ], [ -73.551, 41.2954 ], [ -73.4827, 41.2128 ], [ -73.7278, 41.1007 ], [ -73.6552, 41.0119 ], [ -73.659, 40.9889 ] ] } },
{ "type": "Feature", "properties": { }, "geometry": { "type": "LineString", "coordinates": [ [ -74.6949, 41.3574 ], [ -74.7547, 41.425 ], [ -74.8887, 41.4383 ], [ -74.9092, 41.4724 ], [ -74.9817, 41.4799 ], [ -74.9844, 41.5066 ], [ -75.0697, 41.6017 ], [ -75.0482, 41.632 ], [ -75.0534, 41.7525 ], [ -75.1046, 41.7742 ], [ -75.0858, 41.8116 ], [ -75.1447, 41.8515 ], [ -75.1978, 41.8688 ], [ -75.2638, 41.8708 ], [ -75.2791, 41.9389 ], [ -75.3104, 41.949 ], [ -75.3596, 41.9994 ], [ -75.4831, 41.9993 ], [ -75.7422, 41.9979 ], [ -76.1058, 41.9989 ], [ -76.1455, 41.9989 ], [ -76.5577, 42.0001 ], [ -76.9271, 42.0017 ], [ -76.9658, 42.0013 ], [ -77.1247, 41.9994 ], [ -77.61, 41.9995 ], [ -77.7499, 41.9988 ], [ -78.2064, 41.9996 ], [ -78.3081, 41.9994 ], [ -78.9189, 41.9981 ], [ -79.0613, 41.9993 ], [ -79.6108, 41.999 ], [ -79.7614, 41.9991 ], [ -79.762, 42.2699 ] ] } },
{ "type": "Feature", "properties": { }, "geometry": { "type": "LineString", "coordinates": [ [ -78.5473, 33.8565 ], [ -78.6504, 33.9443 ], [ -79.0713, 34.2993 ], [ -79.45, 34.621 ], [ -79.4616, 34.6303 ], [ -79.6753, 34.8047 ], [ -79.6929, 34.805 ], [ -79.9274, 34.8066 ], [ -79.9307, 34.8066 ], [ -80.3208, 34.8141 ], [ -80.5617, 34.8175 ], [ -80.7975, 34.8198 ], [ -80.782, 34.9358 ], [ -80.8404, 35.0016 ], [ -80.9062, 35.0764 ], [ -80.935, 35.1074 ], [ -81.0415, 35.0447 ], [ -81.0572, 35.0861 ], [ -81.033, 35.1137 ], [ -81.0429, 35.1492 ], [ -81.328, 35.1634 ], [ -81.3666, 35.1649 ], [ -81.7681, 35.1804 ], [ -81.8747, 35.1841 ], [ -81.9693, 35.1872 ], [ -82.2159, 35.196 ], [ -82.2749, 35.2001 ], [ -82.3537, 35.1922 ], [ -82.3904, 35.2154 ], [ -82.495, 35.1645 ], [ -82.5742, 35.1437 ], [ -82.6097, 35.139 ], [ -82.7641, 35.0682 ], [ -82.7833, 35.0856 ], [ -82.8976, 35.056 ], [ -83.0087, 35.0276 ], [ -83.1086, 35.0014 ], [ -83.1096, 35.0012 ] ] } },
{ "type": "Feature", "properties": { }, "geometry": { "type": "LineString", "coordinates": [ [ -84.3219, 34.9884 ], [ -84.2923, 35.2067 ], [ -84.2902, 35.2256 ], [ -84.2237, 35.2691 ], [ -84.1991, 35.2437 ], [ -84.1067, 35.2515 ], [ -84.0291, 35.2922 ], [ -84.0383, 35.3478 ], [ -84.0076, 35.3717 ], [ -84.0147, 35.412 ], [ -83.9611, 35.4638 ], [ -83.9529, 35.4606 ], [ -83.9118, 35.476 ], [ -83.8826, 35.5172 ], [ -83.8256, 35.5238 ], [ -83.7717, 35.5621 ], [ -83.663, 35.5691 ], [ -83.6019, 35.5782 ], [ -83.4983, 35.563 ], [ -83.4458, 35.6118 ], [ -83.3128, 35.6548 ], [ -83.2556, 35.6961 ], [ -83.2555, 35.7151 ], [ -83.1857, 35.7299 ], [ -83.1592, 35.7649 ], [ -83.1202, 35.7662 ], [ -83.0787, 35.7895 ], [ -82.9921, 35.7739 ], [ -82.9629, 35.7917 ], [ -82.9166, 35.8414 ], [ -82.8963, 35.8803 ], [ -82.9133, 35.9241 ], [ -82.8985, 35.9451 ], [ -82.8526, 35.9491 ], [ -82.826, 35.9297 ], [ -82.7875, 35.9522 ], [ -82.7853, 35.9879 ], [ -82.6836, 36.0461 ], [ -82.6323, 36.0657 ], [ -82.6029, 36.0398 ], [ -82.6109, 35.9674 ], [ -82.5497, 35.9643 ], [ -82.5055, 35.9777 ], [ -82.4607, 36.0078 ], [ -82.4167, 36.0728 ], [ -82.3552, 36.1156 ], [ -82.2895, 36.1357 ], [ -82.2475, 36.1309 ], [ -82.2221, 36.1569 ], [ -82.1479, 36.1495 ], [ -82.1306, 36.1064 ], [ -82.0809, 36.1058 ], [ -82.0331, 36.1204 ], [ -81.933, 36.2648 ], [ -81.9181, 36.2871 ], [ -81.8573, 36.3348 ], [ -81.7908, 36.3559 ], [ -81.7649, 36.3387 ], [ -81.7174, 36.3478 ], [ -81.7286, 36.3912 ], [ -81.7149, 36.4572 ], [ -81.6953, 36.4679 ], [ -81.708, 36.5362 ], [ -81.6775, 36.5881 ] ] } },
{ "type": "Feature", "properties": { }, "geometry": { "type": "LineString", "coordinates": [ [ -81.6775, 36.5881 ], [ -81.3533, 36.5747 ], [ -80.9017, 36.5617 ], [ -80.838, 36.5591 ], [ -80.7048, 36.5623 ], [ -80.6121, 36.5579 ], [ -80.4403, 36.5506 ], [ -80.2952, 36.544 ], [ -80.0535, 36.5425 ], [ -80.0273, 36.5425 ], [ -79.7148, 36.542 ], [ -79.5136, 36.5408 ], [ -79.47, 36.541 ], [ -79.3431, 36.5412 ], [ -79.2185, 36.5415 ], [ -79.1383, 36.5417 ], [ -78.7963, 36.5417 ], [ -78.7341, 36.5419 ], [ -78.457, 36.5425 ], [ -78.324, 36.5438 ], [ -78.0462, 36.5442 ], [ -77.8998, 36.5447 ], [ -77.7671, 36.5454 ], [ -77.2969, 36.5447 ], [ -77.1644, 36.5463 ], [ -76.9161, 36.5438 ], [ -76.9159, 36.5521 ], [ -76.5415, 36.5503 ], [ -76.4915, 36.5507 ], [ -76.3133, 36.5506 ], [ -76.1223, 36.5505 ], [ -75.8676, 36.5504 ] ] } },
{ "type": "Feature", "properties": { }, "geometry": { "type": "LineString", "coordinates": [ [ -96.5637, 45.9352 ], [ -97.2283, 45.9351 ], [ -97.9788, 45.9359 ], [ -98.0081, 45.9361 ], [ -98.4145, 45.9365 ], [ -98.7244, 45.9387 ], [ -99.0058, 45.9399 ], [ -99.7181, 45.9409 ], [ -99.8801, 45.9417 ], [ -100.4994, 45.9436 ], [ -100.5119, 45.9437 ], [ -100.9356, 45.9438 ], [ -101.4199, 45.9438 ], [ -101.9987, 45.9446 ], [ -102.0007, 45.9445 ], [ -102.3282, 45.9448 ], [ -102.9421, 45.9451 ], [ -102.9952, 45.9452 ], [ -103.5587, 45.9451 ], [ -104.0454, 45.9453 ] ] } },
{ "type": "Feature", "properties": { }, "geometry": { "type": "LineString", "coordinates": [ [ -80.5194, 41.9772 ], [ -80.5193, 41.8496 ], [ -80.5192, 41.4993 ], [ -80.5192, 41.4891 ], [ -80.5192, 41.1332 ], [ -80.519, 41.1251 ], [ -80.5198, 40.9003 ], [ -80.519, 40.8513 ], [ -80.519, 40.6388 ] ] } },
{ "type": "Feature", "properties": { }, "geometry": { "type": "LineString", "coordinates": [ [ -80.519, 40.6388 ], [ -80.5767, 40.6142 ], [ -80.6344, 40.6161 ], [ -80.668, 40.5825 ], [ -80.6275, 40.5358 ], [ -80.5992, 40.4826 ], [ -80.6118, 40.4039 ], [ -80.6297, 40.395 ], [ -80.6076, 40.3696 ], [ -80.5999, 40.3177 ], [ -80.6225, 40.2618 ], [ -80.6615, 40.2298 ], [ -80.6818, 40.1856 ], [ -80.7029, 40.1573 ], [ -80.7102, 40.0996 ], [ -80.7386, 40.0757 ], [ -80.7333, 40.0334 ], [ -80.7401, 39.9708 ], [ -80.8034, 39.9188 ], [ -80.7902, 39.8723 ], [ -80.8213, 39.85 ], [ -80.8261, 39.7986 ], [ -80.8653, 39.7533 ], [ -80.8335, 39.7208 ], [ -80.8617, 39.6936 ], [ -80.8804, 39.6207 ], [ -80.9438, 39.6069 ], [ -81.0387, 39.54 ], [ -81.1215, 39.4578 ], [ -81.1859, 39.4307 ], [ -81.2236, 39.3861 ], [ -81.2707, 39.3859 ], [ -81.3713, 39.3421 ], [ -81.4067, 39.3881 ], [ -81.4561, 39.4093 ], [ -81.5575, 39.3388 ], [ -81.5702, 39.2677 ], [ -81.6783, 39.2738 ], [ -81.6913, 39.2279 ], [ -81.7256, 39.2158 ], [ -81.7558, 39.1805 ], [ -81.7473, 39.0954 ], [ -81.8117, 39.0596 ], [ -81.7643, 39.0153 ], [ -81.7818, 38.9649 ], [ -81.8445, 38.9287 ], [ -81.8487, 38.9014 ], [ -81.9086, 38.8785 ], [ -81.9267, 38.9013 ], [ -81.9006, 38.9377 ], [ -81.9332, 38.9877 ], [ -81.9775, 38.9927 ], [ -81.995, 39.0225 ], [ -82.0377, 39.0239 ], [ -82.0516, 38.9944 ], [ -82.0989, 38.9583 ], [ -82.1432, 38.8981 ], [ -82.1449, 38.8405 ], [ -82.2173, 38.7957 ], [ -82.1825, 38.7088 ], [ -82.1909, 38.6804 ], [ -82.1721, 38.626 ], [ -82.219, 38.5917 ], [ -82.2871, 38.5826 ], [ -82.3042, 38.4963 ], [ -82.324, 38.4493 ], [ -82.4049, 38.4393 ], [ -82.5077, 38.4108 ], [ -82.5716, 38.4051 ], [ -82.5935, 38.4218 ] ] } },
{ "type": "Feature", "properties": { }, "geometry": { "type": "LineString", "coordinates": [ [ -94.4859, 33.6379 ], [ -94.5046, 33.6207 ], [ -94.5514, 33.6285 ], [ -94.5803, 33.6788 ], [ -94.7359, 33.6916 ], [ -94.7461, 33.7028 ], [ -94.7352, 33.7266 ], [ -94.8493, 33.7396 ], [ -94.8747, 33.7492 ], [ -94.9927, 33.8525 ], [ -95.0466, 33.8626 ], [ -95.0601, 33.9019 ], [ -95.1559, 33.9369 ], [ -95.2141, 33.9621 ], [ -95.2502, 33.9385 ], [ -95.2527, 33.8942 ], [ -95.3104, 33.8774 ], [ -95.3625, 33.8666 ], [ -95.4409, 33.8664 ], [ -95.4726, 33.8803 ], [ -95.5333, 33.8812 ], [ -95.5545, 33.9281 ], [ -95.5967, 33.9421 ], [ -95.6268, 33.9079 ], [ -95.6601, 33.9101 ], [ -95.7614, 33.8732 ], [ -95.8464, 33.84 ], [ -95.9258, 33.885 ], [ -95.9413, 33.8616 ], [ -96.0488, 33.8365 ], [ -96.1001, 33.848 ], [ -96.1481, 33.8378 ], [ -96.1781, 33.7605 ], [ -96.229, 33.748 ], [ -96.2965, 33.7658 ], [ -96.31, 33.7105 ], [ -96.3622, 33.6918 ], [ -96.3794, 33.7258 ], [ -96.4226, 33.776 ], [ -96.5003, 33.7726 ], [ -96.5267, 33.8209 ], [ -96.5729, 33.8191 ], [ -96.6232, 33.8415 ], [ -96.5885, 33.8949 ], [ -96.6734, 33.9123 ], [ -96.6907, 33.85 ], [ -96.7616, 33.8244 ], [ -96.7943, 33.8689 ], [ -96.8322, 33.8748 ], [ -96.8664, 33.8531 ], [ -96.8957, 33.8964 ], [ -96.8994, 33.9337 ], [ -96.9348, 33.9544 ], [ -96.9446, 33.9492 ], [ -96.995, 33.932 ], [ -96.9838, 33.8909 ], [ -97.0481, 33.8175 ], [ -97.0948, 33.7985 ], [ -97.0972, 33.7278 ], [ -97.1261, 33.7169 ], [ -97.1722, 33.7375 ], [ -97.2057, 33.8029 ], [ -97.1666, 33.8473 ], [ -97.1796, 33.8923 ], [ -97.2109, 33.9161 ], [ -97.2462, 33.9003 ], [ -97.2703, 33.8582 ], [ -97.3056, 33.8864 ], [ -97.3729, 33.8195 ], [ -97.4265, 33.8194 ], [ -97.4629, 33.8418 ], [ -97.451, 33.8914 ], [ -97.484, 33.9158 ], [ -97.5609, 33.8996 ], [ -97.597, 33.9202 ], [ -97.5888, 33.9519 ], [ -97.6718, 33.9914 ], [ -97.7323, 33.9367 ], [ -97.802, 33.8943 ], [ -97.8343, 33.8577 ], [ -97.8658, 33.8494 ], [ -97.9778, 33.8899 ], [ -97.9572, 33.9145 ], [ -97.946, 33.9884 ], [ -97.9717, 34.0054 ], [ -98.0195, 33.9938 ], [ -98.0828, 34.0024 ], [ -98.0838, 34.0417 ], [ -98.1194, 34.0845 ], [ -98.0907, 34.122 ], [ -98.139, 34.1418 ], [ -98.1691, 34.1142 ], [ -98.231, 34.134 ], [ -98.3002, 34.1346 ], [ -98.364, 34.1571 ], [ -98.4235, 34.0828 ], [ -98.4863, 34.0626 ], [ -98.61, 34.1572 ], [ -98.6481, 34.1644 ], [ -98.6906, 34.133 ], [ -98.7656, 34.1364 ], [ -98.8044, 34.1539 ], [ -98.9207, 34.1834 ], [ -98.9524, 34.2126 ], [ -99.0008, 34.2176 ], [ -99.0435, 34.1982 ], [ -99.0795, 34.2115 ], [ -99.1192, 34.2017 ], [ -99.1895, 34.2143 ], [ -99.2069, 34.3383 ], [ -99.2946, 34.4154 ], [ -99.3287, 34.4224 ], [ -99.381, 34.4569 ], [ -99.4072, 34.3726 ], [ -99.4751, 34.396 ], [ -99.4999, 34.4096 ], [ -99.5801, 34.4167 ], [ -99.6, 34.3747 ], [ -99.695, 34.3783 ], [ -99.7542, 34.4213 ], [ -99.8447, 34.5068 ], [ -99.8871, 34.549 ], [ -99.9457, 34.5793 ], [ -99.9975, 34.5604 ], [ -100.0004, 34.7464 ], [ -100.0004, 35.0299 ], [ -100.0004, 35.1827 ], [ -100.0004, 35.4224 ], [ -100.0004, 35.6191 ], [ -100.0004, 35.8812 ], [ -100.0004, 36.0557 ], [ -100.0004, 36.4997 ], [ -100.0038, 36.4997 ], [ -100.5461, 36.4993 ], [ -100.9542, 36.4996 ], [ -101.0852, 36.4992 ], [ -101.6239, 36.4995 ], [ -102.0323, 36.5006 ], [ -102.1625, 36.5003 ], [ -102.5707, 36.5004 ], [ -103.0024, 36.5004 ] ] } },
{ "type": "Feature", "properties": { }, "geometry": { "type": "LineString", "coordinates": [ [ -103.0024, 36.5004 ], [ -103.0022, 37.0001 ] ] } },
{ "type": "Feature", "properties": { }, "geometry": { "type": "LineString", "coordinates": [ [ -123.5477, 46.2591 ], [ -123.4796, 46.2691 ], [ -123.4276, 46.2293 ], [ -123.431, 46.1816 ], [ -123.3637, 46.1463 ], [ -123.2802, 46.1448 ], [ -123.2131, 46.1725 ], [ -123.1664, 46.189 ], [ -123.1159, 46.1853 ], [ -122.9041, 46.0837 ], [ -122.8781, 46.0313 ], [ -122.814, 45.961 ], [ -122.8115, 45.9127 ], [ -122.7855, 45.8505 ], [ -122.7956, 45.81 ], [ -122.7695, 45.7806 ], [ -122.7622, 45.7286 ], [ -122.7638, 45.6571 ], [ -122.675, 45.618 ], [ -122.4747, 45.5783 ], [ -122.4387, 45.5636 ], [ -122.3803, 45.5759 ], [ -122.3315, 45.5482 ], [ -122.2489, 45.5478 ], [ -122.1837, 45.5777 ], [ -122.1017, 45.5835 ], [ -121.922, 45.6492 ], [ -121.8672, 45.6933 ], [ -121.8113, 45.7068 ], [ -121.7351, 45.694 ], [ -121.6312, 45.7047 ], [ -121.5237, 45.7249 ], [ -121.4412, 45.6973 ], [ -121.3378, 45.7049 ], [ -121.2158, 45.6712 ], [ -121.1838, 45.6064 ], [ -121.132, 45.6098 ], [ -121.0849, 45.6479 ], [ -120.944, 45.6564 ], [ -120.9158, 45.6413 ], [ -120.8557, 45.6715 ], [ -120.6894, 45.7158 ], [ -120.6535, 45.7372 ], [ -120.5912, 45.7465 ], [ -120.5059, 45.7 ], [ -120.404, 45.6992 ], [ -120.2822, 45.7213 ], [ -120.2108, 45.726 ], [ -120.1705, 45.762 ], [ -120.0702, 45.7852 ], [ -119.9995, 45.8125 ], [ -119.8683, 45.8359 ], [ -119.6699, 45.8569 ], [ -119.6234, 45.9056 ], [ -119.5716, 45.9255 ], [ -119.4878, 45.9063 ], [ -119.4321, 45.9183 ], [ -119.2572, 45.9399 ], [ -119.1955, 45.9279 ], [ -119.1261, 45.9329 ], [ -119.0086, 45.9793 ], [ -118.9872, 45.9998 ], [ -118.497, 46.0006 ], [ -117.9969, 46.0008 ], [ -117.9777, 46.0007 ], [ -117.6034, 45.9989 ], [ -117.4799, 45.9979 ], [ -116.916, 45.9954 ] ] } },
{ "type": "Feature", "properties": { }, "geometry": { "type": "LineString", "coordinates": [ [ -117.0262, 41.9999 ], [ -117.626, 41.9981 ], [ -118.1974, 41.997 ], [ -118.6964, 41.9918 ], [ -119.3242, 41.9942 ], [ -119.3601, 41.9944 ], [ -119.8761, 41.9972 ], [ -119.9992, 41.9949 ] ] } },
{ "type": "Feature", "properties": { }, "geometry": { "type": "LineString", "coordinates": [ [ -79.4767, 39.7211 ], [ -79.7638, 39.7208 ], [ -79.9162, 39.7209 ], [ -80.4214, 39.7212 ], [ -80.5193, 39.7214 ], [ -80.5192, 39.9622 ], [ -80.5191, 40.0164 ], [ -80.5191, 40.1597 ], [ -80.518, 40.3996 ], [ -80.519, 40.4774 ], [ -80.519, 40.6388 ] ] } },
{ "type": "Feature", "properties": { }, "geometry": { "type": "LineString", "coordinates": [ [ -104.053, 43.0006 ], [ -104.0548, 43.4778 ], [ -104.0549, 43.5033 ], [ -104.0554, 43.8535 ], [ -104.0547, 44.1411 ], [ -104.0548, 44.1804 ], [ -104.0558, 44.571 ], [ -104.0579, 44.9976 ] ] } },
{ "type": "Feature", "properties": { }, "geometry": { "type": "LineString", "coordinates": [ [ -83.6754, 36.6008 ], [ -83.4721, 36.5973 ], [ -83.2763, 36.5982 ], [ -83.2611, 36.5939 ], [ -82.9851, 36.5937 ], [ -82.8304, 36.5938 ], [ -82.6092, 36.5941 ], [ -82.2941, 36.5957 ], [ -82.2394, 36.5957 ], [ -82.1456, 36.5947 ], [ -81.9341, 36.5942 ], [ -81.9226, 36.6162 ], [ -81.8267, 36.6142 ], [ -81.6469, 36.6119 ], [ -81.6775, 36.5881 ] ] } },
{ "type": "Feature", "properties": { }, "geometry": { "type": "LineString", "coordinates": [ [ -106.5282, 31.7831 ], [ -106.5772, 31.8104 ], [ -106.6359, 31.8662 ], [ -106.6453, 31.8949 ], [ -106.6239, 31.9253 ], [ -106.6185, 32.0005 ], [ -106.3772, 32.0012 ], [ -105.998, 32.0023 ], [ -105.4733, 32.0007 ], [ -104.9184, 32.0004 ], [ -104.8477, 32.0001 ], [ -104.3296, 32.0001 ], [ -104.0245, 32.0 ], [ -103.9802, 32.0001 ], [ -103.7229, 32.0002 ], [ -103.3265, 32.0004 ], [ -103.0644, 32.0005 ], [ -103.0643, 32.0871 ], [ -103.0647, 32.5222 ], [ -103.0647, 32.9591 ], [ -103.0567, 33.3884 ], [ -103.0526, 33.5706 ], [ -103.0473, 33.8247 ], [ -103.0436, 34.0036 ], [ -103.0439, 34.3026 ], [ -103.044, 34.3127 ], [ -103.0428, 34.7474 ], [ -103.0426, 34.9541 ], [ -103.0424, 35.1831 ], [ -103.0416, 35.6225 ], [ -103.0413, 35.7394 ], [ -103.0408, 36.0552 ], [ -103.0419, 36.5004 ], [ -103.0024, 36.5004 ] ] } },
{ "type": "Feature", "properties": { }, "geometry": { "type": "LineString", "coordinates": [ [ -111.0467, 42.0017 ], [ -111.0458, 41.5798 ], [ -111.0466, 41.2516 ], [ -111.0467, 40.998 ], [ -110.5398, 40.9963 ], [ -110.2378, 40.9954 ], [ -110.0485, 40.9976 ], [ -110.0007, 40.9974 ], [ -109.5007, 40.9991 ], [ -109.0501, 41.0007 ] ] } },
{ "type": "Feature", "properties": { }, "geometry": { "type": "LineString", "coordinates": [ [ -114.0506, 37.0004 ], [ -114.0525, 37.6048 ], [ -114.0497, 37.8236 ], [ -114.0499, 38.1488 ], [ -114.0502, 38.573 ], [ -114.0499, 38.6774 ], [ -114.0491, 39.0055 ], [ -114.0477, 39.5427 ], [ -114.0471, 39.9061 ], [ -114.0467, 40.1169 ], [ -114.0462, 40.3983 ], [ -114.0421, 40.9999 ], [ -114.0402, 41.4917 ], [ -114.0415, 41.9939 ] ] } },
{ "type": "Feature", "properties": { }, "geometry": { "type": "LineString", "coordinates": [ [ -81.968, 37.538 ], [ -81.9278, 37.5122 ], [ -81.9966, 37.4767 ], [ -81.9494, 37.4457 ], [ -81.9359, 37.3786 ], [ -81.9167, 37.3493 ], [ -81.8545, 37.3066 ], [ -81.8536, 37.2877 ], [ -81.7618, 37.2757 ], [ -81.7393, 37.2388 ], [ -81.6782, 37.2015 ], [ -81.5606, 37.2067 ], [ -81.4372, 37.2741 ], [ -81.3622, 37.3377 ], [ -81.3201, 37.2993 ], [ -81.2251, 37.2349 ], [ -81.1126, 37.2785 ], [ -80.9801, 37.2927 ], [ -80.9005, 37.315 ], [ -80.8495, 37.3469 ], [ -80.8832, 37.3839 ], [ -80.8596, 37.4296 ], [ -80.8585, 37.4283 ], [ -80.7842, 37.3946 ], [ -80.7701, 37.3724 ], [ -80.7052, 37.3946 ], [ -80.552, 37.4736 ], [ -80.5114, 37.4817 ], [ -80.4728, 37.4238 ], [ -80.2998, 37.5083 ], [ -80.3285, 37.5643 ], [ -80.2589, 37.5955 ], [ -80.221, 37.6278 ], [ -80.2675, 37.6461 ], [ -80.2961, 37.6918 ], [ -80.2305, 37.7783 ], [ -80.2186, 37.8098 ], [ -80.1622, 37.8751 ], [ -80.0563, 37.9523 ], [ -80.0025, 37.9928 ], [ -79.9598, 38.0637 ], [ -79.9263, 38.1072 ], [ -79.9448, 38.1316 ], [ -79.8984, 38.193 ], [ -79.8464, 38.24 ], [ -79.7961, 38.2664 ], [ -79.8101, 38.305 ], [ -79.7441, 38.354 ], [ -79.6897, 38.4314 ], [ -79.699, 38.4751 ], [ -79.6491, 38.5915 ], [ -79.5369, 38.5509 ], [ -79.4766, 38.4572 ], [ -79.3123, 38.4119 ], [ -79.2797, 38.4242 ], [ -79.2243, 38.4777 ], [ -79.2059, 38.5245 ], [ -79.1635, 38.5831 ], [ -79.1311, 38.6532 ], [ -79.093, 38.6595 ], [ -79.0928, 38.7023 ], [ -79.0573, 38.7614 ], [ -78.994, 38.8501 ], [ -78.8693, 38.763 ], [ -78.788, 38.8851 ], [ -78.7389, 38.9273 ], [ -78.6805, 38.9253 ], [ -78.6466, 38.9681 ], [ -78.6017, 38.9646 ], [ -78.5505, 39.0181 ], [ -78.5442, 39.0566 ], [ -78.5081, 39.0886 ], [ -78.4599, 39.1134 ], [ -78.4037, 39.1675 ], [ -78.4387, 39.198 ], [ -78.3998, 39.2441 ], [ -78.4194, 39.2575 ], [ -78.36, 39.3178 ], [ -78.3405, 39.3535 ], [ -78.3471, 39.466 ], [ -78.2288, 39.3912 ], [ -78.0332, 39.2646 ], [ -77.8283, 39.1324 ], [ -77.7473, 39.295 ], [ -77.7195, 39.3213 ] ] } },
{ "type": "Feature", "properties": { }, "geometry": { "type": "LineString", "coordinates": [ [ -77.1198, 38.9344 ], [ -77.0673, 38.8992 ], [ -77.0445, 38.8396 ], [ -77.039, 38.7916 ] ] } },
{ "type": "Feature", "properties": { }, "geometry": { "type": "LineString", "coordinates": [ [ -71.7992, 42.0081 ], [ -71.7897, 41.7252 ], [ -71.7894, 41.5969 ], [ -71.7936, 41.5058 ], [ -71.7977, 41.4167 ], [ -71.8435, 41.4058 ], [ -71.8294, 41.3424 ], [ -71.8605, 41.3202 ] ] } },
{ "type": "Feature", "properties": { }, "geometry": { "type": "LineString", "coordinates": [ [ -72.4585, 42.7269 ], [ -72.4759, 42.7577 ], [ -72.5396, 42.8048 ], [ -72.5572, 42.853 ], [ -72.5242, 42.9185 ], [ -72.5346, 42.9499 ], [ -72.4738, 42.972 ], [ -72.4446, 43.0106 ], [ -72.4674, 43.0526 ], [ -72.4352, 43.0866 ], [ -72.4521, 43.1613 ], [ -72.4338, 43.233 ], [ -72.3955, 43.313 ], [ -72.4134, 43.3627 ], [ -72.3809, 43.4934 ], [ -72.3986, 43.5134 ], [ -72.3734, 43.5797 ], [ -72.3297, 43.6002 ], [ -72.2996, 43.7063 ], [ -72.2051, 43.7713 ], [ -72.1848, 43.8047 ], [ -72.1879, 43.8561 ], [ -72.0991, 43.9574 ], [ -72.117, 43.9945 ], [ -72.0324, 44.0915 ], [ -72.0436, 44.1571 ], [ -72.0662, 44.1898 ], [ -72.0479, 44.2385 ], [ -72.0684, 44.2713 ], [ -72.0189, 44.3202 ], [ -71.9811, 44.3375 ], [ -71.8725, 44.3366 ], [ -71.8378, 44.3477 ], [ -71.8144, 44.3819 ], [ -71.7657, 44.4063 ], [ -71.7146, 44.4096 ], [ -71.5768, 44.5041 ], [ -71.5494, 44.5696 ], [ -71.5521, 44.6301 ], [ -71.5857, 44.6579 ], [ -71.6319, 44.7525 ], [ -71.5797, 44.7847 ], [ -71.5455, 44.8661 ], [ -71.496, 44.9089 ], [ -71.5386, 44.9873 ], [ -71.5011, 45.0133 ] ] } },
{ "type": "Feature", "properties": { }, "geometry": { "type": "MultiLineString", "coordinates": [ [ [ -87.5183, 30.2804 ], [ -87.66, 30.2506 ], [ -87.8006, 30.2294 ], [ -87.7472, 30.2878 ], [ -87.8093, 30.3327 ], [ -87.8374, 30.3763 ], [ -87.9063, 30.4094 ], [ -87.92, 30.4706 ], [ -87.937, 30.4831 ], [ -87.9053, 30.5376 ], [ -87.9125, 30.6158 ], [ -87.9254, 30.6489 ], [ -88.0089, 30.6834 ], [ -88.0831, 30.5728 ], [ -88.0828, 30.5287 ], [ -88.1009, 30.5098 ], [ -88.1073, 30.3772 ], [ -88.1314, 30.3343 ], [ -88.1916, 30.3187 ], [ -88.1871, 30.3627 ], [ -88.2999, 30.3856 ], [ -88.338, 30.4048 ], [ -88.395, 30.3694 ] ], [ [ -88.3273, 30.2299 ], [ -88.2246, 30.2456 ], [ -88.1411, 30.255 ], [ -88.1177, 30.2791 ], [ -88.0749, 30.2491 ], [ -88.1094, 30.2433 ], [ -88.1378, 30.2497 ], [ -88.1998, 30.2478 ], [ -88.3273, 30.2299 ] ] ] } },
{ "type": "Feature", "properties": { }, "geometry": { "type": "MultiLineString", "coordinates": [ [ [ -118.6044, 33.4786 ], [ -118.5445, 33.4741 ], [ -118.4458, 33.4289 ], [ -118.382, 33.4099 ], [ -118.3102, 33.3348 ], [ -118.3252, 33.2991 ], [ -118.3748, 33.3201 ], [ -118.4411, 33.3186 ], [ -118.4875, 33.3509 ], [ -118.4888, 33.4198 ], [ -118.5634, 33.4344 ], [ -118.6044, 33.4786 ] ], [ [ -118.6105, 33.0329 ], [ -118.5799, 33.0345 ], [ -118.5499, 32.9895 ], [ -118.4883, 32.9237 ], [ -118.3735, 32.839 ], [ -118.4318, 32.8015 ], [ -118.5062, 32.853 ], [ -118.5471, 32.9119 ], [ -118.6105, 33.0329 ] ], [ [ -114.7196, 32.7188 ], [ -115.4652, 32.6671 ], [ -116.1062, 32.6186 ], [ -116.6271, 32.5763 ], [ -117.1237, 32.5344 ], [ -117.1377, 32.6246 ], [ -117.1607, 32.6657 ], [ -117.1931, 32.6866 ], [ -117.2431, 32.6645 ], [ -117.2575, 32.7253 ], [ -117.2601, 32.8026 ], [ -117.2806, 32.8219 ], [ -117.2517, 32.8743 ], [ -117.2818, 33.0171 ], [ -117.3419, 33.1433 ], [ -117.4456, 33.2685 ], [ -117.5059, 33.3333 ], [ -117.596, 33.3878 ], [ -117.6222, 33.422 ], [ -117.7265, 33.4834 ], [ -117.7843, 33.5418 ], [ -117.8734, 33.5929 ], [ -117.928, 33.6072 ], [ -118.0006, 33.6543 ], [ -118.0889, 33.7312 ], [ -118.1154, 33.7433 ], [ -118.1808, 33.7651 ], [ -118.1958, 33.7329 ], [ -118.2309, 33.7406 ], [ -118.2882, 33.706 ], [ -118.3643, 33.7382 ], [ -118.4105, 33.741 ], [ -118.4234, 33.782 ], [ -118.394, 33.8042 ], [ -118.3902, 33.8362 ], [ -118.4514, 33.9591 ], [ -118.5033, 34.0172 ], [ -118.5438, 34.039 ], [ -118.663, 34.0391 ], [ -118.7854, 34.0211 ], [ -118.8066, 34.0004 ], [ -118.8549, 34.0349 ], [ -118.9446, 34.0458 ], [ -119.086, 34.0993 ], [ -119.1293, 34.1008 ], [ -119.2164, 34.1461 ], [ -119.2786, 34.2669 ], [ -119.3904, 34.3182 ], [ -119.4311, 34.3553 ], [ -119.4765, 34.3741 ], [ -119.564, 34.4153 ], [ -119.6719, 34.4161 ], [ -119.7294, 34.3959 ], [ -119.7936, 34.4183 ], [ -119.8783, 34.4073 ], [ -119.9285, 34.4355 ], [ -120.0081, 34.4604 ], [ -120.0886, 34.4602 ], [ -120.1184, 34.4699 ], [ -120.283, 34.4684 ], [ -120.4714, 34.4478 ], [ -120.5114, 34.523 ], [ -120.5813, 34.557 ], [ -120.6226, 34.554 ], [ -120.6448, 34.577 ], [ -120.6005, 34.7046 ], [ -120.635, 34.767 ], [ -120.6099, 34.8428 ], [ -120.6163, 34.8667 ], [ -120.6691, 34.9016 ], [ -120.6493, 34.9747 ], [ -120.6299, 35.0615 ], [ -120.6461, 35.1439 ], [ -120.6989, 35.1712 ], [ -120.7861, 35.1777 ], [ -120.856, 35.2065 ], [ -120.8968, 35.2479 ], [ -120.8621, 35.347 ], [ -120.8692, 35.4033 ], [ -120.9079, 35.4491 ], [ -121.0034, 35.4607 ], [ -121.1008, 35.5489 ], [ -121.1275, 35.5966 ], [ -121.1658, 35.6353 ], [ -121.2608, 35.6645 ], [ -121.3154, 35.7134 ], [ -121.3249, 35.7693 ], [ -121.3464, 35.7952 ], [ -121.4151, 35.8579 ], [ -121.4633, 35.8893 ], [ -121.4856, 35.9708 ], [ -121.5114, 36.0069 ], [ -121.5746, 36.0252 ], [ -121.6327, 36.1205 ], [ -121.7172, 36.1951 ], [ -121.8358, 36.2507 ], [ -121.8994, 36.3077 ], [ -121.893, 36.3424 ], [ -121.9141, 36.4261 ], [ -121.9462, 36.4909 ], [ -121.9247, 36.5256 ], [ -121.9325, 36.5599 ], [ -121.9704, 36.5721 ], [ -121.9582, 36.609 ], [ -121.9246, 36.6346 ], [ -121.8833, 36.6009 ], [ -121.8373, 36.6349 ], [ -121.809, 36.6985 ], [ -121.7883, 36.804 ], [ -121.8106, 36.8506 ], [ -121.8623, 36.9316 ], [ -121.9301, 36.9782 ], [ -121.9728, 36.9542 ], [ -122.0234, 36.9622 ], [ -122.0656, 36.9485 ], [ -122.1088, 36.9582 ], [ -122.2238, 37.0257 ], [ -122.293, 37.1073 ], [ -122.3389, 37.1209 ], [ -122.3671, 37.1728 ], [ -122.4051, 37.1958 ], [ -122.4185, 37.2485 ], [ -122.4009, 37.3592 ], [ -122.4437, 37.4359 ], [ -122.4596, 37.4927 ], [ -122.4938, 37.4923 ], [ -122.5167, 37.5213 ], [ -122.5172, 37.5906 ], [ -122.4941, 37.644 ], [ -122.5024, 37.7081 ], [ -122.5145, 37.7808 ], [ -122.4638, 37.8047 ], [ -122.4095, 37.8089 ], [ -122.3593, 37.7286 ], [ -122.3934, 37.7083 ], [ -122.3602, 37.5925 ], [ -122.2629, 37.5739 ], [ -122.2037, 37.5402 ], [ -122.1621, 37.5002 ], [ -122.1277, 37.5001 ], [ -122.1152, 37.4663 ], [ -122.0583, 37.4468 ], [ -122.0409, 37.4629 ], [ -122.0555, 37.4952 ], [ -122.1094, 37.5003 ], [ -122.112, 37.5289 ], [ -122.147, 37.5884 ], [ -122.1676, 37.6772 ], [ -122.2522, 37.725 ], [ -122.2439, 37.7518 ], [ -122.328, 37.7814 ], [ -122.3316, 37.7871 ], [ -122.2966, 37.8285 ], [ -122.3131, 37.8973 ], [ -122.3683, 37.9046 ], [ -122.41, 37.9324 ], [ -122.4127, 37.9633 ], [ -122.3676, 37.9782 ], [ -122.3689, 38.0079 ], [ -122.3008, 38.0109 ], [ -122.2697, 38.0603 ], [ -122.3026, 38.1032 ], [ -122.3981, 38.1428 ], [ -122.4448, 38.1383 ], [ -122.4988, 38.1113 ], [ -122.4838, 38.0718 ], [ -122.4978, 38.0194 ], [ -122.4628, 38.0034 ], [ -122.4903, 37.9648 ], [ -122.4864, 37.9219 ], [ -122.4586, 37.8941 ], [ -122.4785, 37.8261 ], [ -122.549, 37.8362 ], [ -122.642, 37.8975 ], [ -122.7026, 37.8938 ], [ -122.7827, 37.9485 ], [ -122.8214, 37.9967 ], [ -122.8821, 38.0253 ], [ -122.9397, 38.0319 ], [ -123.0115, 38.0034 ], [ -122.9609, 38.113 ], [ -122.9496, 38.164 ], [ -122.9654, 38.1871 ], [ -122.9671, 38.2496 ], [ -123.0029, 38.2957 ], [ -123.0747, 38.3226 ], [ -123.0683, 38.3599 ], [ -123.1288, 38.4504 ], [ -123.3401, 38.5722 ], [ -123.4418, 38.6997 ], [ -123.5335, 38.7684 ], [ -123.6474, 38.8455 ], [ -123.6598, 38.8725 ], [ -123.7104, 38.9149 ], [ -123.7291, 38.9567 ], [ -123.6907, 39.0213 ], [ -123.6932, 39.0577 ], [ -123.7379, 39.1627 ], [ -123.7714, 39.1942 ], [ -123.8078, 39.3289 ], [ -123.8277, 39.3484 ], [ -123.8161, 39.4446 ], [ -123.7665, 39.5528 ], [ -123.7886, 39.6 ], [ -123.7942, 39.69 ], [ -123.8247, 39.7181 ], [ -123.8538, 39.8341 ], [ -123.9077, 39.863 ], [ -123.93, 39.9097 ], [ -124.0233, 40.0013 ], [ -124.0804, 40.0321 ], [ -124.0807, 40.0661 ], [ -124.1105, 40.1038 ], [ -124.1879, 40.1305 ], [ -124.2149, 40.1609 ], [ -124.2893, 40.2032 ], [ -124.3634, 40.261 ], [ -124.3479, 40.3146 ], [ -124.3736, 40.3929 ], [ -124.4086, 40.4432 ], [ -124.387, 40.505 ], [ -124.3294, 40.6164 ], [ -124.1583, 40.8761 ], [ -124.1371, 40.9257 ], [ -124.1118, 41.0269 ], [ -124.1595, 41.0736 ], [ -124.1438, 41.1447 ], [ -124.107, 41.2297 ], [ -124.0723, 41.3748 ], [ -124.0655, 41.4647 ], [ -124.101, 41.6025 ], [ -124.1356, 41.6573 ], [ -124.1435, 41.7093 ], [ -124.1647, 41.7401 ], [ -124.2007, 41.7451 ], [ -124.255, 41.7782 ], [ -124.2196, 41.8464 ], [ -124.2034, 41.941 ], [ -124.2116, 41.9985 ] ], [ [ -119.5773, 33.2786 ], [ -119.5288, 33.2854 ], [ -119.4606, 33.2567 ], [ -119.4703, 33.2147 ], [ -119.5462, 33.2326 ], [ -119.5773, 33.2786 ] ], [ [ -119.9299, 34.0597 ], [ -119.9192, 34.0773 ], [ -119.8573, 34.0713 ], [ -119.8187, 34.053 ], [ -119.7594, 34.0588 ], [ -119.6865, 34.0198 ], [ -119.6193, 34.0165 ], [ -119.595, 34.0495 ], [ -119.5296, 34.0412 ], [ -119.5471, 34.0055 ], [ -119.5902, 33.9897 ], [ -119.6628, 33.9859 ], [ -119.7147, 33.9614 ], [ -119.8182, 33.9599 ], [ -119.8734, 33.9804 ], [ -119.8763, 34.0321 ], [ -119.9299, 34.0597 ] ], [ [ -120.2495, 34.0025 ], [ -120.1673, 34.0082 ], [ -120.1359, 34.0261 ], [ -120.0736, 34.0245 ], [ -120.0038, 33.9795 ], [ -120.001, 33.9416 ], [ -120.0497, 33.9146 ], [ -120.1218, 33.8957 ], [ -120.179, 33.928 ], [ -120.2221, 33.9876 ], [ -120.2495, 34.0025 ] ], [ [ -120.4501, 34.0342 ], [ -120.3623, 34.0731 ], [ -120.3171, 34.0188 ], [ -120.3579, 34.015 ], [ -120.4501, 34.0342 ] ] ] } },
{ "type": "Feature", "properties": { }, "geometry": { "type": "LineString", "coordinates": [ [ -75.4234, 39.8066 ], [ -75.4685, 39.7865 ], [ -75.5091, 39.7201 ], [ -75.5622, 39.6567 ], [ -75.5871, 39.651 ], [ -75.6119, 39.5974 ], [ -75.563, 39.5622 ], [ -75.5931, 39.4792 ], [ -75.5718, 39.4389 ], [ -75.5385, 39.4165 ], [ -75.5124, 39.3657 ], [ -75.439, 39.3134 ], [ -75.409, 39.2641 ], [ -75.3971, 39.2045 ], [ -75.4134, 39.1533 ], [ -75.3963, 39.0579 ], [ -75.3409, 39.02 ], [ -75.3119, 38.9459 ], [ -75.3041, 38.9132 ], [ -75.1906, 38.8069 ], [ -75.0822, 38.7722 ], [ -75.0655, 38.661 ], [ -75.0489, 38.4513 ] ] } },
{ "type": "Feature", "properties": { }, "geometry": { "type": "MultiLineString", "coordinates": [ [ [ -81.4441, 30.7097 ], [ -81.4258, 30.7005 ], [ -81.4419, 30.6014 ], [ -81.4358, 30.5261 ], [ -81.4555, 30.522 ], [ -81.4132, 30.4829 ], [ -81.4125, 30.4229 ], [ -81.3935, 30.3956 ], [ -81.3962, 30.3311 ], [ -81.3799, 30.2529 ], [ -81.309, 29.9694 ], [ -81.2774, 29.904 ], [ -81.2539, 29.7769 ], [ -81.2129, 29.6707 ], [ -81.1636, 29.5553 ], [ -81.1019, 29.4271 ], [ -81.0467, 29.3079 ], [ -80.9662, 29.148 ], [ -80.9096, 29.0709 ], [ -80.878, 29.0116 ], [ -80.7329, 28.7912 ], [ -80.6168, 28.6346 ], [ -80.5742, 28.5853 ], [ -80.561, 28.5307 ], [ -80.5251, 28.4595 ], [ -80.589, 28.4079 ], [ -80.602, 28.368 ], [ -80.6068, 28.2964 ], [ -80.5942, 28.1959 ], [ -80.5634, 28.086 ], [ -80.531, 28.0137 ], [ -80.4471, 27.8608 ], [ -80.3844, 27.7412 ], [ -80.3215, 27.557 ], [ -80.2615, 27.3944 ], [ -80.1994, 27.263 ], [ -80.1615, 27.1928 ], [ -80.1576, 27.1631 ], [ -80.0939, 27.0186 ], [ -80.0799, 26.9705 ], [ -80.0314, 26.7963 ], [ -80.0362, 26.6026 ], [ -80.0748, 26.321 ], [ -80.1088, 26.0901 ], [ -80.1179, 25.9752 ], [ -80.121, 25.8132 ], [ -80.1543, 25.7232 ], [ -80.1789, 25.746 ], [ -80.2379, 25.7272 ], [ -80.3026, 25.5718 ], [ -80.3315, 25.5282 ], [ -80.34, 25.4679 ], [ -80.3279, 25.3968 ], [ -80.3104, 25.3731 ], [ -80.3761, 25.3059 ], [ -80.3791, 25.2883 ], [ -80.3979, 25.2535 ], [ -80.4205, 25.212 ], [ -80.4017, 25.1921 ], [ -80.3528, 25.2076 ], [ -80.3344, 25.2405 ], [ -80.3442, 25.2766 ], [ -80.253, 25.3405 ], [ -80.3435, 25.1955 ], [ -80.3582, 25.1532 ], [ -80.3997, 25.1085 ], [ -80.4333, 25.1078 ], [ -80.4613, 25.1325 ], [ -80.443, 25.185 ], [ -80.4879, 25.2082 ], [ -80.5821, 25.2107 ], [ -80.7224, 25.1595 ], [ -80.8264, 25.1606 ], [ -80.8579, 25.1766 ], [ -80.9001, 25.162 ], [ -80.9006, 25.1397 ], [ -80.9992, 25.1242 ], [ -81.0505, 25.1283 ], [ -81.0839, 25.1162 ], [ -81.141, 25.1572 ], [ -81.172, 25.2223 ], [ -81.1519, 25.3248 ], [ -81.1214, 25.3388 ], [ -81.123, 25.3791 ], [ -81.1471, 25.4043 ], [ -81.168, 25.4695 ], [ -81.2097, 25.5065 ], [ -81.2032, 25.5342 ], [ -81.2336, 25.5689 ], [ -81.2417, 25.6065 ], [ -81.2715, 25.6143 ], [ -81.2903, 25.6875 ], [ -81.3819, 25.7492 ], [ -81.3814, 25.7755 ], [ -81.47, 25.8036 ], [ -81.5342, 25.8566 ], [ -81.5727, 25.8656 ], [ -81.6423, 25.9054 ], [ -81.6895, 25.8527 ], [ -81.8017, 26.0914 ], [ -81.8207, 26.2367 ], [ -81.8458, 26.3304 ], [ -81.869, 26.3786 ], [ -81.9128, 26.4294 ], [ -81.9695, 26.4765 ], [ -82.0127, 26.4869 ], [ -82.0059, 26.5344 ], [ -82.1006, 26.5108 ], [ -82.1225, 26.555 ], [ -82.1426, 26.6439 ], [ -82.1816, 26.6817 ], [ -82.1738, 26.7056 ], [ -82.1258, 26.6995 ], [ -82.0914, 26.6668 ], [ -82.0599, 26.7704 ], [ -82.0511, 26.865 ], [ -82.0867, 26.8885 ], [ -82.1155, 26.9511 ], [ -82.1414, 26.9239 ], [ -82.1812, 26.9214 ], [ -82.1534, 26.854 ], [ -82.1451, 26.7888 ], [ -82.201, 26.7708 ], [ -82.2499, 26.7629 ], [ -82.2721, 26.7895 ], [ -82.2825, 26.816 ], [ -82.3752, 26.946 ], [ -82.4457, 27.0606 ], [ -82.477, 27.1412 ], [ -82.522, 27.2284 ], [ -82.564, 27.2699 ], [ -82.5692, 27.2986 ], [ -82.6428, 27.3897 ], [ -82.6901, 27.4344 ], [ -82.7078, 27.4876 ], [ -82.6746, 27.5196 ], [ -82.6413, 27.5255 ], [ -82.6117, 27.5853 ], [ -82.5775, 27.5996 ], [ -82.5541, 27.6458 ], [ -82.5143, 27.7056 ], [ -82.4767, 27.7237 ], [ -82.3919, 27.8239 ], [ -82.4153, 27.9004 ], [ -82.4904, 27.9198 ], [ -82.4885, 27.8632 ], [ -82.4724, 27.8226 ], [ -82.5367, 27.8408 ], [ -82.5334, 27.9385 ], [ -82.5539, 27.967 ], [ -82.6024, 27.9823 ], [ -82.6485, 28.0181 ], [ -82.6756, 28.0054 ], [ -82.7206, 27.9362 ], [ -82.6384, 27.9046 ], [ -82.5984, 27.8576 ], [ -82.5876, 27.819 ], [ -82.6224, 27.7892 ], [ -82.6257, 27.727 ], [ -82.6398, 27.7039 ], [ -82.738, 27.7068 ], [ -82.7905, 27.791 ], [ -82.8286, 27.8223 ], [ -82.8522, 27.886 ], [ -82.8315, 27.9645 ], [ -82.8049, 27.966 ], [ -82.793, 28.0065 ], [ -82.7783, 28.1216 ], [ -82.7928, 28.173 ], [ -82.756, 28.2281 ], [ -82.7315, 28.325 ], [ -82.7013, 28.3748 ], [ -82.6945, 28.4152 ], [ -82.6699, 28.4336 ], [ -82.668, 28.5282 ], [ -82.6528, 28.5378 ], [ -82.6539, 28.6135 ], [ -82.6777, 28.6548 ], [ -82.6746, 28.6941 ], [ -82.715, 28.727 ], [ -82.692, 28.7889 ], [ -82.7387, 28.8248 ], [ -82.7279, 28.8713 ], [ -82.6889, 28.9056 ], [ -82.7257, 28.9622 ], [ -82.7594, 28.9924 ], [ -82.7638, 29.0545 ], [ -82.8156, 29.073 ], [ -82.8018, 29.1166 ], [ -82.8342, 29.1549 ], [ -82.9226, 29.1698 ], [ -82.9986, 29.1741 ], [ -83.0209, 29.1395 ], [ -83.0565, 29.1299 ], [ -83.0861, 29.2095 ], [ -83.0773, 29.2553 ], [ -83.0972, 29.2723 ], [ -83.167, 29.2886 ], [ -83.1726, 29.3301 ], [ -83.2181, 29.4205 ], [ -83.2802, 29.4334 ], [ -83.3078, 29.4689 ], [ -83.3957, 29.5263 ], [ -83.4072, 29.5706 ], [ -83.3995, 29.613 ], [ -83.4096, 29.6684 ], [ -83.4837, 29.6882 ], [ -83.493, 29.7127 ], [ -83.5425, 29.7282 ], [ -83.5892, 29.7833 ], [ -83.5868, 29.8189 ], [ -83.6186, 29.8423 ], [ -83.638, 29.8861 ], [ -83.6808, 29.9216 ], [ -83.7887, 29.977 ], [ -83.9254, 30.0346 ], [ -83.9914, 30.086 ], [ -84.0243, 30.1033 ], [ -84.076, 30.0955 ], [ -84.237, 30.0856 ], [ -84.3343, 30.0371 ], [ -84.362, 29.9877 ], [ -84.4363, 29.979 ], [ -84.3365, 29.9425 ], [ -84.3445, 29.899 ], [ -84.4233, 29.9033 ], [ -84.4517, 29.9291 ], [ -84.492, 29.9099 ], [ -84.5359, 29.9101 ], [ -84.6527, 29.8435 ], [ -84.8818, 29.7339 ], [ -84.8711, 29.7813 ], [ -84.9151, 29.7833 ], [ -84.977, 29.7212 ], [ -85.0139, 29.7095 ], [ -85.1215, 29.7159 ], [ -85.2175, 29.6947 ], [ -85.3137, 29.6865 ], [ -85.3008, 29.799 ], [ -85.3887, 29.9244 ], [ -85.4204, 29.9472 ], [ -85.5086, 29.972 ], [ -85.5956, 30.0506 ], [ -85.6997, 30.0987 ], [ -85.7754, 30.1563 ], [ -85.8781, 30.2156 ], [ -85.9959, 30.2691 ], [ -86.1887, 30.3342 ], [ -86.314, 30.3664 ], [ -86.3974, 30.3787 ], [ -86.6251, 30.3966 ], [ -86.7995, 30.3872 ], [ -86.9189, 30.3709 ], [ -87.1554, 30.3277 ], [ -87.2709, 30.3168 ], [ -87.3144, 30.3215 ], [ -87.5183, 30.2804 ] ], [ [ -82.2241, 26.6029 ], [ -82.2143, 26.6029 ], [ -82.1879, 26.5235 ], [ -82.1685, 26.4877 ], [ -82.0884, 26.4552 ], [ -82.0981, 26.425 ], [ -82.1729, 26.4677 ], [ -82.1864, 26.4892 ], [ -82.2053, 26.5679 ], [ -82.2241, 26.6029 ] ], [ [ -85.2225, 29.6793 ], [ -85.1143, 29.6887 ], [ -85.0805, 29.6749 ], [ -85.0968, 29.6331 ], [ -85.141, 29.634 ], [ -85.2225, 29.6793 ] ], [ [ -81.812, 24.5488 ], [ -81.794, 24.5757 ], [ -81.7528, 24.5802 ], [ -81.722, 24.6067 ], [ -81.7653, 24.6326 ], [ -81.7543, 24.654 ], [ -81.6723, 24.6995 ], [ -81.5846, 24.7367 ], [ -81.5614, 24.7604 ], [ -81.5158, 24.7562 ], [ -81.4981, 24.7926 ], [ -81.4435, 24.8134 ], [ -81.3718, 24.7791 ], [ -81.3663, 24.7424 ], [ -81.3196, 24.7027 ], [ -81.2969, 24.6554 ], [ -81.3948, 24.6211 ], [ -81.4064, 24.6425 ], [ -81.5059, 24.6545 ], [ -81.5108, 24.6257 ], [ -81.6852, 24.5587 ], [ -81.812, 24.5488 ] ] ] } },
{ "type": "Feature", "properties": { }, "geometry": { "type": "MultiLineString", "coordinates": [ [ [ -141.0025, 65.8394 ], [ -141.0018, 65.3323 ], [ -141.0013, 64.985 ], [ -141.0013, 64.0062 ], [ -141.0014, 63.0924 ], [ -141.0014, 62.8112 ], [ -141.0015, 62.2406 ], [ -141.0022, 61.904 ], [ -141.002, 61.6102 ], [ -141.002, 61.235 ], [ -141.0019, 60.8131 ], [ -141.002, 60.3917 ], [ -141.002, 60.3064 ], [ -140.7694, 60.2603 ], [ -140.5204, 60.2198 ], [ -140.4582, 60.3081 ], [ -139.9811, 60.182 ], [ -139.693, 60.3352 ], [ -139.0748, 60.3525 ], [ -139.0721, 60.3194 ], [ -139.1988, 60.0883 ], [ -139.0537, 59.9948 ], [ -138.7985, 59.9246 ], [ -138.7074, 59.9063 ], [ -138.6686, 59.8097 ], [ -138.6262, 59.7686 ], [ -138.2318, 59.5674 ], [ -137.6074, 59.2438 ], [ -137.5418, 59.1054 ], [ -137.5, 58.9854 ], [ -137.5252, 58.9091 ], [ -137.4474, 58.9095 ], [ -137.2648, 59.0024 ], [ -136.8639, 59.1385 ], [ -136.8266, 59.1584 ], [ -136.5815, 59.1649 ], [ -136.4884, 59.2593 ], [ -136.4692, 59.2841 ], [ -136.4772, 59.4658 ], [ -136.3724, 59.4496 ], [ -136.305, 59.4645 ], [ -136.2385, 59.5243 ], [ -136.2398, 59.5594 ], [ -136.3539, 59.5998 ], [ -136.1929, 59.64 ], [ -135.9526, 59.6622 ], [ -135.7173, 59.73 ], [ -135.4792, 59.798 ], [ -135.3601, 59.7376 ], [ -135.2528, 59.6983 ], [ -135.1576, 59.6257 ], [ -135.1178, 59.6231 ], [ -135.0289, 59.5637 ], [ -135.0276, 59.4747 ], [ -135.101, 59.4275 ], [ -134.9897, 59.3871 ], [ -135.0305, 59.3463 ], [ -134.9599, 59.2809 ], [ -134.7007, 59.249 ], [ -134.6791, 59.1923 ], [ -134.5656, 59.1311 ], [ -134.4834, 59.1316 ], [ -134.3819, 59.0388 ], [ -134.4071, 58.9792 ], [ -134.3215, 58.9636 ], [ -134.3365, 58.9234 ], [ -134.2581, 58.861 ], [ -133.9722, 58.7673 ], [ -133.8405, 58.7294 ], [ -133.7071, 58.6123 ], [ -133.5578, 58.5231 ], [ -133.3773, 58.4305 ], [ -133.4615, 58.3877 ], [ -133.3454, 58.2763 ], [ -133.1769, 58.1505 ], [ -133.0764, 57.9998 ], [ -132.8693, 57.8429 ], [ -132.7568, 57.7051 ], [ -132.6525, 57.6074 ], [ -132.5537, 57.4965 ], [ -132.363, 57.342 ], [ -132.2479, 57.2113 ], [ -132.369, 57.0915 ], [ -132.0452, 57.0451 ], [ -132.1159, 56.8903 ], [ -132.1236, 56.8736 ], [ -131.8729, 56.806 ], [ -131.9011, 56.7537 ], [ -131.8607, 56.703 ], [ -131.8353, 56.5992 ], [ -131.5811, 56.6122 ], [ -131.472, 56.5527 ], [ -131.1735, 56.4495 ], [ -131.0873, 56.406 ], [ -130.782, 56.3668 ], [ -130.6233, 56.2669 ], [ -130.4679, 56.2431 ], [ -130.426, 56.1416 ], [ -130.2468, 56.0966 ], [ -130.1038, 56.1228 ], [ -130.0035, 56.0081 ], [ -130.0177, 55.9119 ], [ -130.0835, 55.8217 ], [ -130.1516, 55.7674 ], [ -130.148, 55.715 ], [ -130.1117, 55.6829 ], [ -130.1279, 55.581 ], [ -130.0899, 55.498 ], [ -130.0412, 55.4517 ], [ -130.0211, 55.3379 ], [ -129.9742, 55.2819 ], [ -130.1028, 55.1926 ], [ -130.1809, 55.0913 ], [ -130.1876, 55.0628 ], [ -130.2733, 54.974 ], [ -130.3445, 54.9188 ], [ -130.4594, 54.8485 ], [ -130.5682, 54.7922 ], [ -130.7179, 54.7367 ], [ -130.7656, 54.8103 ], [ -130.8574, 54.7636 ], [ -130.9346, 54.8007 ], [ -130.957, 54.9023 ], [ -130.9463, 54.9476 ], [ -131.0146, 54.9996 ], [ -130.9942, 55.0851 ], [ -131.0727, 55.1236 ], [ -131.0926, 55.1927 ], [ -130.9875, 55.2488 ], [ -130.9251, 55.3007 ], [ -130.8719, 55.314 ], [ -130.8759, 55.3843 ], [ -130.9203, 55.4461 ], [ -130.872, 55.503 ], [ -130.8647, 55.5426 ], [ -130.9042, 55.6864 ], [ -130.8946, 55.7041 ], [ -130.9677, 55.7843 ], [ -131.0036, 55.8059 ], [ -131.0923, 55.8949 ], [ -131.1796, 55.9472 ], [ -131.2133, 55.989 ], [ -131.1002, 56.036 ], [ -131.1294, 56.0545 ], [ -131.2287, 56.0051 ], [ -131.2537, 55.971 ], [ -131.0739, 55.8309 ], [ -131.0525, 55.7728 ], [ -130.9727, 55.7055 ], [ -130.9399, 55.6192 ], [ -130.9831, 55.5659 ], [ -130.9887, 55.4622 ], [ -130.97, 55.3944 ], [ -131.0273, 55.3714 ], [ -131.0636, 55.2601 ], [ -131.2042, 55.1899 ], [ -131.2673, 55.2082 ], [ -131.3099, 55.2399 ], [ -131.2402, 55.2872 ], [ -131.1957, 55.3589 ], [ -131.2226, 55.3958 ], [ -131.2933, 55.381 ], [ -131.2532, 55.3319 ], [ -131.2991, 55.2767 ], [ -131.3553, 55.2592 ], [ -131.4608, 55.2773 ], [ -131.5945, 55.3152 ], [ -131.6466, 55.2853 ], [ -131.7646, 55.1288 ], [ -131.8408, 55.2318 ], [ -131.8703, 55.3183 ], [ -131.8303, 55.449 ], [ -131.7175, 55.5159 ], [ -131.674, 55.5856 ], [ -131.7232, 55.6346 ], [ -131.7032, 55.6867 ], [ -131.7332, 55.7276 ], [ -131.6712, 55.7712 ], [ -131.7114, 55.8362 ], [ -131.5374, 55.8347 ], [ -131.5993, 55.9 ], [ -131.6168, 55.9397 ], [ -131.7583, 55.8782 ], [ -131.7973, 55.883 ], [ -131.9174, 55.8639 ], [ -131.769, 55.8241 ], [ -131.8252, 55.718 ], [ -131.8196, 55.6688 ], [ -131.9364, 55.5914 ], [ -131.9404, 55.5486 ], [ -131.9798, 55.4993 ], [ -132.0449, 55.5345 ], [ -132.1201, 55.5497 ], [ -132.1857, 55.5878 ], [ -132.1996, 55.6338 ], [ -132.2351, 55.7439 ], [ -132.1927, 55.7397 ], [ -132.186, 55.8033 ], [ -132.0745, 55.81 ], [ -132.0965, 55.8506 ], [ -132.0485, 55.8826 ], [ -132.0709, 55.9239 ], [ -132.0425, 55.9599 ], [ -131.9676, 55.9687 ], [ -131.9551, 55.9985 ], [ -131.9817, 56.0621 ], [ -131.9732, 56.1731 ], [ -131.8244, 56.1913 ], [ -131.8731, 56.23 ], [ -131.9405, 56.193 ], [ -132.0164, 56.1827 ], [ -132.0269, 56.1331 ], [ -132.0738, 56.116 ], [ -132.124, 56.166 ], [ -132.1822, 56.1584 ], [ -132.0991, 56.1033 ], [ -132.1553, 56.0832 ], [ -132.2265, 56.0801 ], [ -132.1559, 56.008 ], [ -132.1366, 55.9396 ], [ -132.279, 55.9249 ], [ -132.3195, 55.8885 ], [ -132.3085, 55.8624 ], [ -132.3723, 55.8504 ], [ -132.4008, 55.8839 ], [ -132.3639, 55.9281 ], [ -132.4446, 55.9533 ], [ -132.4397, 56.019 ], [ -132.4952, 56.0638 ], [ -132.5527, 56.0565 ], [ -132.5857, 56.0779 ], [ -132.6421, 56.0325 ], [ -132.7225, 56.1438 ], [ -132.6962, 56.1668 ], [ -132.7164, 56.2149 ], [ -132.6729, 56.2405 ], [ -132.6014, 56.2392 ], [ -132.5733, 56.2969 ], [ -132.5294, 56.3386 ], [ -132.4348, 56.3527 ], [ -132.3783, 56.3088 ], [ -132.3976, 56.2381 ], [ -132.3291, 56.236 ], [ -132.3654, 56.283 ], [ -132.3407, 56.3418 ], [ -132.3642, 56.374 ], [ -132.3356, 56.3966 ], [ -132.3814, 56.4449 ], [ -132.3937, 56.4837 ], [ -132.2534, 56.4495 ], [ -132.2379, 56.3976 ], [ -132.1792, 56.3993 ], [ -132.2106, 56.4568 ], [ -132.3592, 56.5274 ], [ -132.3665, 56.5949 ], [ -132.4804, 56.6031 ], [ -132.5657, 56.6286 ], [ -132.5341, 56.6972 ], [ -132.5576, 56.7155 ], [ -132.5284, 56.7486 ], [ -132.6437, 56.7814 ], [ -132.7891, 56.8433 ], [ -132.8157, 56.8912 ], [ -132.8849, 56.9213 ], [ -132.9531, 56.9936 ], [ -132.8521, 57.0046 ], [ -132.9348, 57.0457 ], [ -133.0201, 57.0571 ], [ -133.0791, 57.0829 ], [ -133.1868, 57.0898 ], [ -133.2086, 57.1168 ], [ -133.3153, 57.1062 ], [ -133.4644, 57.1501 ], [ -133.5036, 57.173 ], [ -133.4981, 57.2257 ], [ -133.534, 57.2607 ], [ -133.4862, 57.2829 ], [ -133.2486, 57.2937 ], [ -133.2849, 57.3341 ], [ -133.3567, 57.3327 ], [ -133.4525, 57.3545 ], [ -133.4677, 57.4223 ], [ -133.524, 57.4759 ], [ -133.5167, 57.5439 ], [ -133.6187, 57.5782 ], [ -133.6635, 57.6148 ], [ -133.6729, 57.6584 ], [ -133.655, 57.7085 ], [ -133.5647, 57.7146 ], [ -133.5119, 57.6809 ], [ -133.3849, 57.6573 ], [ -133.2226, 57.6022 ], [ -133.1891, 57.614 ], [ -133.2814, 57.6615 ], [ -133.3284, 57.6631 ], [ -133.4237, 57.7224 ], [ -133.5255, 57.7618 ], [ -133.5962, 57.7723 ], [ -133.5573, 57.7809 ], [ -133.5796, 57.8331 ], [ -133.5712, 57.8791 ], [ -133.6262, 57.8412 ], [ -133.6315, 57.7909 ], [ -133.6967, 57.792 ], [ -133.7251, 57.8048 ], [ -133.7821, 57.8792 ], [ -133.8492, 57.9338 ], [ -133.8329, 57.9675 ], [ -133.9269, 57.9846 ], [ -134.0522, 58.0728 ], [ -134.0885, 58.1869 ], [ -134.056, 58.2257 ], [ -134.0811, 58.2797 ], [ -133.9668, 58.3178 ], [ -134.0405, 58.402 ], [ -134.0579, 58.3332 ], [ -134.1496, 58.2819 ], [ -134.1014, 58.2449 ], [ -134.1475, 58.2007 ], [ -134.185, 58.2084 ], [ -134.2794, 58.191 ], [ -134.4824, 58.2298 ], [ -134.5896, 58.2302 ], [ -134.6898, 58.3011 ], [ -134.6513, 58.3187 ], [ -134.643, 58.3772 ], [ -134.7302, 58.3741 ], [ -134.7634, 58.419 ], [ -134.797, 58.5006 ], [ -134.9453, 58.6169 ], [ -134.9905, 58.6763 ], [ -134.9453, 58.7019 ], [ -134.9357, 58.7813 ], [ -134.988, 58.8128 ], [ -135.017, 58.7612 ], [ -135.0657, 58.7631 ], [ -135.1374, 58.8298 ], [ -135.1711, 58.9285 ], [ -135.174, 58.9739 ], [ -135.2038, 59.03 ], [ -135.2062, 59.0768 ], [ -135.292, 59.2018 ], [ -135.3731, 59.2682 ], [ -135.3622, 59.3502 ], [ -135.3303, 59.4413 ], [ -135.3614, 59.4472 ], [ -135.3852, 59.3614 ], [ -135.4061, 59.2893 ], [ -135.4445, 59.2777 ], [ -135.441, 59.2294 ], [ -135.371, 59.2101 ], [ -135.3305, 59.1541 ], [ -135.3707, 59.1367 ], [ -135.4499, 59.219 ], [ -135.5459, 59.2223 ], [ -135.4703, 59.1744 ], [ -135.4408, 59.1137 ], [ -135.3769, 59.0923 ], [ -135.399, 59.0378 ], [ -135.4011, 58.9733 ], [ -135.3721, 58.9234 ], [ -135.2842, 58.819 ], [ -135.2414, 58.7822 ], [ -135.2392, 58.7267 ], [ -135.1943, 58.6929 ], [ -135.1416, 58.6209 ], [ -135.1927, 58.5953 ], [ -135.1202, 58.4915 ], [ -135.0477, 58.3033 ], [ -135.1077, 58.265 ], [ -135.0626, 58.199 ], [ -135.1644, 58.209 ], [ -135.2262, 58.2363 ], [ -135.3144, 58.2458 ], [ -135.3973, 58.3249 ], [ -135.4513, 58.4523 ], [ -135.4929, 58.4997 ], [ -135.5014, 58.4516 ], [ -135.4581, 58.408 ], [ -135.4966, 58.3759 ], [ -135.6188, 58.4256 ], [ -135.6822, 58.4023 ], [ -135.9215, 58.3821 ], [ -135.8995, 58.4181 ], [ -135.9999, 58.4818 ], [ -135.9309, 58.5169 ], [ -135.9756, 58.571 ], [ -135.9245, 58.6303 ], [ -135.9656, 58.6977 ], [ -136.0148, 58.7151 ], [ -136.1051, 58.8638 ], [ -136.1576, 58.7768 ], [ -136.1538, 58.75 ], [ -136.2496, 58.7528 ], [ -136.3982, 58.8189 ], [ -136.4673, 58.8275 ], [ -136.5096, 58.8627 ], [ -136.5315, 58.9226 ], [ -136.6299, 58.9197 ], [ -136.629, 58.8895 ], [ -136.7556, 58.9325 ], [ -136.8759, 58.9631 ], [ -136.9482, 59.0023 ], [ -137.0331, 59.0655 ], [ -137.0476, 59.0223 ], [ -136.9476, 58.9717 ], [ -136.9327, 58.918 ], [ -137.018, 58.9015 ], [ -136.7999, 58.8768 ], [ -136.7457, 58.8767 ], [ -136.6632, 58.8419 ], [ -136.5688, 58.8341 ], [ -136.5071, 58.7992 ], [ -136.5854, 58.7627 ], [ -136.5345, 58.7421 ], [ -136.4496, 58.7369 ], [ -136.3917, 58.7174 ], [ -136.33, 58.6661 ], [ -136.2814, 58.6565 ], [ -136.2083, 58.6151 ], [ -136.2187, 58.5942 ], [ -136.0993, 58.5124 ], [ -136.0724, 58.4672 ], [ -136.0579, 58.3932 ], [ -136.0996, 58.3465 ], [ -136.1589, 58.3455 ], [ -136.2817, 58.3149 ], [ -136.2764, 58.3667 ], [ -136.3802, 58.3574 ], [ -136.3584, 58.3302 ], [ -136.3904, 58.2974 ], [ -136.4825, 58.303 ], [ -136.6321, 58.341 ], [ -136.5645, 58.2623 ], [ -136.5919, 58.2179 ], [ -136.6852, 58.2108 ], [ -136.7234, 58.2449 ], [ -136.7308, 58.2878 ], [ -136.7913, 58.2917 ], [ -136.9125, 58.3484 ], [ -136.8916, 58.3821 ], [ -137.0146, 58.4099 ], [ -137.0933, 58.3814 ], [ -137.1614, 58.4243 ], [ -137.4043, 58.5103 ], [ -137.4595, 58.5433 ], [ -137.6775, 58.6208 ], [ -137.6843, 58.6621 ], [ -137.7954, 58.7243 ], [ -137.93, 58.7843 ], [ -137.945, 58.8085 ], [ -137.9237, 58.8415 ], [ -137.9432, 58.8806 ], [ -138.0731, 58.9594 ], [ -138.2386, 59.0377 ], [ -138.3383, 59.0671 ], [ -138.6103, 59.123 ], [ -138.8866, 59.2369 ], [ -139.0446, 59.2803 ], [ -139.3213, 59.3468 ], [ -139.5991, 59.4402 ], [ -139.8398, 59.5282 ], [ -139.7798, 59.5427 ], [ -139.6736, 59.6115 ], [ -139.6311, 59.5852 ], [ -139.5812, 59.6447 ], [ -139.4838, 59.7085 ], [ -139.5466, 59.7406 ], [ -139.6261, 59.8459 ], [ -139.6272, 59.9024 ], [ -139.5486, 59.9278 ], [ -139.4887, 59.995 ], [ -139.5547, 60.0326 ], [ -139.611, 59.9921 ], [ -139.6178, 59.9459 ], [ -139.7189, 59.9194 ], [ -139.776, 59.8704 ], [ -139.7802, 59.8265 ], [ -140.1795, 59.7359 ], [ -140.224, 59.7089 ], [ -140.3148, 59.6927 ], [ -140.6789, 59.7138 ], [ -140.8907, 59.742 ], [ -140.9819, 59.7696 ], [ -141.4473, 59.8853 ], [ -141.3615, 59.9331 ], [ -141.2862, 59.9397 ], [ -141.2593, 59.9984 ], [ -141.2895, 60.0342 ], [ -141.2748, 60.0792 ], [ -141.358, 60.0963 ], [ -141.3667, 60.1472 ], [ -141.4312, 60.1328 ], [ -141.4887, 60.1484 ], [ -141.454, 60.0697 ], [ -141.3704, 60.0334 ], [ -141.401, 60.0073 ], [ -141.5039, 59.9907 ], [ -141.5954, 59.9619 ], [ -141.7362, 59.9619 ], [ -141.8811, 59.9994 ], [ -142.2973, 60.0564 ], [ -142.4325, 60.063 ], [ -142.5375, 60.084 ], [ -142.6984, 60.0933 ], [ -142.9089, 60.0903 ], [ -143.1289, 60.0656 ], [ -143.5208, 60.0462 ], [ -143.6951, 60.0275 ], [ -143.8933, 59.9861 ], [ -143.9869, 60.0131 ], [ -144.0661, 60.072 ], [ -144.213, 60.1268 ], [ -144.2959, 60.1421 ], [ -144.3123, 60.1635 ], [ -144.5628, 60.1732 ], [ -144.743, 60.2133 ], [ -144.9089, 60.2213 ], [ -144.7817, 60.2805 ], [ -144.9578, 60.2882 ], [ -144.9662, 60.3092 ], [ -144.8072, 60.4619 ], [ -144.8873, 60.456 ], [ -144.9207, 60.4256 ], [ -145.016, 60.4128 ], [ -145.0823, 60.3777 ], [ -145.1115, 60.3041 ], [ -145.2194, 60.3015 ], [ -145.5088, 60.3979 ], [ -145.5954, 60.447 ], [ -145.6938, 60.4593 ], [ -145.8776, 60.4452 ], [ -145.9635, 60.4669 ], [ -145.9143, 60.4947 ], [ -145.7957, 60.5227 ], [ -145.7132, 60.5814 ], [ -145.6705, 60.6329 ], [ -145.7667, 60.6287 ], [ -145.8446, 60.6464 ], [ -146.0035, 60.6423 ], [ -145.9654, 60.6926 ], [ -146.1486, 60.6321 ], [ -146.2584, 60.6263 ], [ -146.2386, 60.657 ], [ -146.1269, 60.7329 ], [ -146.2259, 60.7449 ], [ -146.2978, 60.7137 ], [ -146.3297, 60.7451 ], [ -146.4014, 60.6935 ], [ -146.4968, 60.6805 ], [ -146.6228, 60.6814 ], [ -146.6617, 60.7121 ], [ -146.6058, 60.7609 ], [ -146.5164, 60.7563 ], [ -146.3344, 60.7878 ], [ -146.2514, 60.8183 ], [ -146.2413, 60.881 ], [ -146.3344, 60.8223 ], [ -146.5255, 60.8118 ], [ -146.6407, 60.8778 ], [ -146.6771, 60.8603 ], [ -146.7384, 60.9282 ], [ -146.7201, 60.9667 ], [ -146.6222, 61.0831 ], [ -146.4357, 61.0815 ], [ -146.234, 61.087 ], [ -146.2902, 61.1279 ], [ -146.6109, 61.1206 ], [ -146.6961, 61.056 ], [ -146.7918, 61.0391 ], [ -146.8833, 60.9609 ], [ -146.9716, 60.9305 ], [ -147.0447, 60.9419 ], [ -146.9754, 60.9859 ], [ -147.0133, 61.0721 ], [ -147.062, 61.1186 ], [ -147.1236, 61.141 ], [ -147.086, 61.0176 ], [ -147.1487, 60.9761 ], [ -147.3171, 60.9165 ], [ -147.3646, 60.884 ], [ -147.4532, 60.8949 ], [ -147.4459, 60.9418 ], [ -147.5015, 60.9513 ], [ -147.5852, 61.0172 ], [ -147.6252, 60.9644 ], [ -147.5906, 60.883 ], [ -147.6004, 60.8501 ], [ -147.665, 60.8385 ], [ -147.6768, 60.876 ], [ -147.7381, 60.8936 ], [ -147.787, 60.8728 ], [ -147.7429, 60.8425 ], [ -147.7719, 60.8116 ], [ -147.8782, 60.8278 ], [ -148.0339, 60.7821 ], [ -148.1444, 60.7971 ], [ -148.104, 60.9118 ], [ -148.0132, 60.9634 ], [ -147.9467, 61.0156 ], [ -147.8927, 61.0996 ], [ -147.7703, 61.1761 ], [ -147.6367, 61.2184 ], [ -147.7192, 61.2416 ], [ -147.7953, 61.2336 ], [ -148.0016, 61.0867 ], [ -148.0011, 61.0541 ], [ -148.0688, 61.0108 ], [ -148.1166, 61.0377 ], [ -148.1532, 61.0998 ], [ -148.2911, 61.0819 ], [ -148.3607, 61.0406 ], [ -148.171, 61.0705 ], [ -148.1824, 60.9894 ], [ -148.2407, 60.9552 ], [ -148.3101, 60.8667 ], [ -148.427, 60.829 ], [ -148.6053, 60.8254 ], [ -148.5318, 60.7831 ], [ -148.6571, 60.7248 ], [ -148.6571, 60.6933 ], [ -148.6571, 60.6803 ], [ -148.6571, 60.6658 ], [ -148.571, 60.7385 ], [ -148.5056, 60.7685 ], [ -148.396, 60.7793 ], [ -148.3499, 60.6905 ], [ -148.2695, 60.7574 ], [ -148.1462, 60.7573 ], [ -148.1034, 60.7371 ], [ -148.0897, 60.6612 ], [ -148.2451, 60.5883 ], [ -148.3362, 60.5318 ], [ -148.4494, 60.5691 ], [ -148.5259, 60.5639 ], [ -148.6571, 60.4964 ], [ -148.6645, 60.4566 ], [ -148.5625, 60.5082 ], [ -148.4477, 60.5455 ], [ -148.305, 60.484 ], [ -148.2473, 60.5187 ], [ -148.1695, 60.5417 ], [ -148.1473, 60.5824 ], [ -148.0615, 60.5685 ], [ -147.9628, 60.5001 ], [ -148.0096, 60.4617 ], [ -147.9362, 60.4375 ], [ -148.1679, 60.3377 ], [ -148.2072, 60.3039 ], [ -148.3021, 60.2603 ], [ -148.1871, 60.2024 ], [ -148.1494, 60.2362 ], [ -148.0389, 60.1883 ], [ -148.0848, 60.1105 ], [ -148.1705, 60.0266 ], [ -148.2532, 60.0441 ], [ -148.226, 60.0783 ], [ -148.2947, 60.0941 ], [ -148.2916, 60.1567 ], [ -148.3484, 60.1651 ], [ -148.3885, 60.102 ], [ -148.3664, 60.0887 ], [ -148.41, 60.0284 ], [ -148.4011, 59.9836 ], [ -148.4286, 59.9481 ], [ -148.5462, 59.9691 ], [ -148.5612, 59.9491 ], [ -148.6168, 59.9209 ], [ -148.6714, 59.9213 ], [ -148.7459, 59.9569 ], [ -148.8596, 59.9244 ], [ -148.9184, 59.9712 ], [ -148.9924, 59.9539 ], [ -149.1248, 59.9648 ], [ -149.039, 60.0449 ], [ -149.064, 60.0556 ], [ -149.1663, 60.0288 ], [ -149.2252, 59.9672 ], [ -149.2403, 59.929 ], [ -149.3025, 59.9185 ], [ -149.3438, 60.0783 ], [ -149.3701, 60.1215 ], [ -149.4299, 60.1158 ], [ -149.445, 60.0339 ], [ -149.3904, 59.9958 ], [ -149.4838, 59.9311 ], [ -149.568, 59.9006 ], [ -149.5918, 59.8452 ], [ -149.6619, 59.8546 ], [ -149.6652, 59.9279 ], [ -149.753, 59.8641 ], [ -149.8062, 59.8519 ], [ -149.7648, 59.7037 ], [ -149.8867, 59.7403 ], [ -149.9172, 59.7708 ], [ -149.9747, 59.752 ], [ -149.922, 59.7166 ], [ -149.9337, 59.669 ], [ -150.0463, 59.6489 ], [ -150.083, 59.6642 ], [ -150.1162, 59.5684 ], [ -150.1965, 59.5518 ], [ -150.2566, 59.4846 ], [ -150.3145, 59.482 ], [ -150.3061, 59.4318 ], [ -150.4048, 59.3885 ], [ -150.4137, 59.4236 ], [ -150.3512, 59.4616 ], [ -150.3901, 59.476 ], [ -150.3681, 59.5156 ], [ -150.2904, 59.5808 ], [ -150.3177, 59.5921 ], [ -150.4096, 59.5593 ], [ -150.4849, 59.4599 ], [ -150.5938, 59.5481 ], [ -150.6638, 59.5403 ], [ -150.5801, 59.4922 ], [ -150.5812, 59.4452 ], [ -150.6605, 59.4162 ], [ -150.7379, 59.424 ], [ -150.7705, 59.3752 ], [ -150.8454, 59.3486 ], [ -150.9191, 59.3032 ], [ -150.8894, 59.2672 ], [ -150.9381, 59.234 ], [ -151.0444, 59.2936 ], [ -151.1021, 59.2549 ], [ -151.0997, 59.2298 ], [ -151.1648, 59.2026 ], [ -151.2638, 59.227 ], [ -151.3035, 59.2096 ], [ -151.3779, 59.2445 ], [ -151.4332, 59.2532 ], [ -151.5736, 59.2046 ], [ -151.6138, 59.1649 ], [ -151.7499, 59.1612 ], [ -151.7565, 59.2001 ], [ -151.8625, 59.2104 ], [ -151.9771, 59.2556 ], [ -151.9914, 59.3127 ], [ -151.9631, 59.345 ], [ -151.8756, 59.3607 ], [ -151.8805, 59.4227 ], [ -151.6516, 59.4849 ], [ -151.57, 59.4689 ], [ -151.5035, 59.4835 ], [ -151.4403, 59.5422 ], [ -151.188, 59.6087 ], [ -151.2047, 59.6411 ], [ -151.1087, 59.6746 ], [ -151.1137, 59.6979 ], [ -151.017, 59.7605 ], [ -150.9904, 59.797 ], [ -151.0897, 59.7865 ], [ -151.2012, 59.7345 ], [ -151.3402, 59.6839 ], [ -151.4248, 59.6705 ], [ -151.4914, 59.6334 ], [ -151.6421, 59.649 ], [ -151.8043, 59.7084 ], [ -151.8719, 59.7725 ], [ -151.7996, 59.8819 ], [ -151.7609, 59.9114 ], [ -151.718, 60.0095 ], [ -151.6169, 60.0952 ], [ -151.5179, 60.145 ], [ -151.4217, 60.2129 ], [ -151.3951, 60.2495 ], [ -151.3794, 60.3622 ], [ -151.2962, 60.3923 ], [ -151.2684, 60.549 ], [ -151.3367, 60.5876 ], [ -151.3624, 60.6535 ], [ -151.4093, 60.7206 ], [ -151.2705, 60.7513 ], [ -151.2192, 60.78 ], [ -151.1097, 60.7835 ], [ -151.012, 60.8093 ], [ -150.6296, 60.967 ], [ -150.3966, 61.038 ], [ -150.3417, 61.0242 ], [ -150.2897, 60.9661 ], [ -150.1941, 60.9013 ], [ -150.0225, 60.8841 ], [ -149.9487, 60.8986 ], [ -149.8537, 60.9674 ], [ -149.7671, 60.9682 ], [ -149.6693, 60.9449 ], [ -149.6459, 60.9238 ], [ -149.5658, 60.9354 ], [ -149.4308, 60.902 ], [ -149.1697, 60.8871 ], [ -149.0341, 60.846 ], [ -149.0085, 60.8548 ], [ -149.0952, 60.913 ], [ -149.1973, 60.9445 ], [ -149.3632, 60.9261 ], [ -149.4952, 60.9831 ], [ -149.6114, 60.9854 ], [ -149.7421, 61.0188 ], [ -149.8516, 61.0872 ], [ -149.9692, 61.1325 ], [ -150.0656, 61.1511 ], [ -150.0259, 61.1989 ], [ -149.928, 61.2069 ], [ -149.8118, 61.3152 ], [ -149.717, 61.3369 ], [ -149.7024, 61.3821 ], [ -149.6241, 61.3906 ], [ -149.4372, 61.4411 ], [ -149.3133, 61.484 ], [ -149.4011, 61.5175 ], [ -149.4775, 61.502 ], [ -149.6431, 61.4878 ], [ -149.7574, 61.4468 ], [ -149.8181, 61.3963 ], [ -149.8822, 61.3828 ], [ -149.9112, 61.34 ], [ -149.9172, 61.2675 ], [ -149.9859, 61.2375 ], [ -150.0748, 61.2535 ], [ -150.2049, 61.2595 ], [ -150.4688, 61.2446 ], [ -150.5517, 61.2947 ], [ -150.8833, 61.2097 ], [ -150.974, 61.1902 ], [ -151.0708, 61.1448 ], [ -151.1647, 61.0468 ], [ -151.3087, 61.0316 ], [ -151.3413, 61.0116 ], [ -151.4877, 61.0123 ], [ -151.6221, 60.9582 ], [ -151.7702, 60.8769 ], [ -151.7986, 60.8374 ], [ -151.706, 60.7324 ], [ -151.8092, 60.7304 ], [ -151.975, 60.7144 ], [ -152.081, 60.6441 ], [ -152.1005, 60.6005 ], [ -152.2659, 60.5369 ], [ -152.3314, 60.4735 ], [ -152.3081, 60.4172 ], [ -152.2408, 60.3926 ], [ -152.372, 60.3514 ], [ -152.3939, 60.3033 ], [ -152.6103, 60.2216 ], [ -152.7209, 60.2423 ], [ -152.7645, 60.1947 ], [ -152.6778, 60.1556 ], [ -152.6584, 60.1216 ], [ -152.573, 60.0785 ], [ -152.6, 60.0169 ], [ -152.6825, 59.9636 ], [ -152.7085, 59.9127 ], [ -152.8084, 59.8777 ], [ -153.0358, 59.8831 ], [ -153.1959, 59.8526 ], [ -153.1472, 59.8087 ], [ -153.0897, 59.8336 ], [ -153.0214, 59.8345 ], [ -152.9914, 59.8105 ], [ -153.0468, 59.7065 ], [ -153.1559, 59.656 ], [ -153.3417, 59.622 ], [ -153.389, 59.6644 ], [ -153.3817, 59.7323 ], [ -153.4438, 59.7171 ], [ -153.4925, 59.6374 ], [ -153.6267, 59.6453 ], [ -153.5578, 59.5892 ], [ -153.5843, 59.5542 ], [ -153.7205, 59.5515 ], [ -153.7748, 59.5248 ], [ -153.7035, 59.4643 ], [ -153.7275, 59.4353 ], [ -153.8234, 59.418 ], [ -153.9028, 59.4176 ], [ -153.951, 59.3841 ], [ -154.1029, 59.3667 ], [ -154.0192, 59.3312 ], [ -154.111, 59.3027 ], [ -154.1498, 59.2002 ], [ -154.227, 59.1691 ], [ -154.2606, 59.1282 ], [ -154.1744, 59.121 ], [ -154.2008, 59.062 ], [ -154.1198, 59.032 ], [ -154.0636, 59.0727 ], [ -153.8537, 59.0543 ], [ -153.7876, 59.0787 ], [ -153.7041, 59.0759 ], [ -153.6091, 59.0063 ], [ -153.5215, 58.9834 ], [ -153.4863, 58.9995 ], [ -153.3635, 58.9256 ], [ -153.3298, 58.9255 ], [ -153.3154, 58.855 ], [ -153.3026, 58.855 ], [ -153.2532, 58.8553 ], [ -153.3368, 58.8489 ], [ -153.37, 58.8171 ], [ -153.3957, 58.7498 ], [ -153.4457, 58.7096 ], [ -153.5562, 58.6858 ], [ -153.5927, 58.6338 ], [ -153.6616, 58.6145 ], [ -153.7692, 58.6044 ], [ -153.8925, 58.6077 ], [ -153.9331, 58.4949 ], [ -154.0645, 58.4866 ], [ -154.0577, 58.4082 ], [ -154.0011, 58.3764 ], [ -154.1044, 58.3505 ], [ -154.1785, 58.3589 ], [ -154.3278, 58.2925 ], [ -154.3049, 58.2643 ], [ -154.2002, 58.2932 ], [ -154.2061, 58.2531 ], [ -154.1507, 58.2308 ], [ -154.1644, 58.1981 ], [ -154.2227, 58.1841 ], [ -154.2744, 58.1998 ], [ -154.2723, 58.1288 ], [ -154.3312, 58.1598 ], [ -154.341, 58.0838 ], [ -154.4356, 58.1473 ], [ -154.4792, 58.0936 ], [ -154.6028, 58.1244 ], [ -154.5381, 58.0683 ], [ -154.5684, 58.0238 ], [ -154.6411, 58.0316 ], [ -154.6513, 58.0623 ], [ -154.7224, 58.0507 ], [ -154.7374, 58.0125 ], [ -154.9149, 58.0213 ], [ -155.0267, 57.9908 ], [ -155.0515, 57.9511 ], [ -155.1167, 57.946 ], [ -155.0626, 57.8973 ], [ -155.0841, 57.8737 ], [ -155.278, 57.822 ], [ -155.3317, 57.8295 ], [ -155.3369, 57.785 ], [ -155.3014, 57.7248 ], [ -155.3771, 57.7117 ], [ -155.4142, 57.7434 ], [ -155.493, 57.7551 ], [ -155.5607, 57.7901 ], [ -155.6182, 57.7717 ], [ -155.6322, 57.6995 ], [ -155.5955, 57.6597 ], [ -155.7375, 57.6323 ], [ -155.7353, 57.5432 ], [ -155.862, 57.5527 ], [ -155.9337, 57.5338 ], [ -156.0061, 57.567 ], [ -156.044, 57.5645 ], [ -156.0233, 57.4339 ], [ -156.0937, 57.4379 ], [ -156.1808, 57.4817 ], [ -156.2201, 57.4453 ], [ -156.3239, 57.4241 ], [ -156.4576, 57.3448 ], [ -156.5385, 57.3256 ], [ -156.5157, 57.2901 ], [ -156.3532, 57.3243 ], [ -156.3151, 57.2937 ], [ -156.3376, 57.2499 ], [ -156.4032, 57.2214 ], [ -156.3319, 57.1779 ], [ -156.3682, 57.143 ], [ -156.4476, 57.1102 ], [ -156.5149, 57.0482 ], [ -156.5806, 57.0441 ], [ -156.5616, 56.9813 ], [ -156.6762, 57.0055 ], [ -156.7203, 57.0385 ], [ -156.7854, 56.9697 ], [ -156.8064, 56.905 ], [ -156.8891, 56.9653 ], [ -156.9343, 56.9551 ], [ -156.9547, 56.913 ], [ -157.0271, 56.8913 ], [ -157.077, 56.8354 ], [ -157.137, 56.8337 ], [ -157.1408, 56.7901 ], [ -157.2252, 56.7741 ], [ -157.3832, 56.8621 ], [ -157.4712, 56.8335 ], [ -157.4017, 56.7729 ], [ -157.5097, 56.7648 ], [ -157.5618, 56.706 ], [ -157.5508, 56.681 ], [ -157.4803, 56.6721 ], [ -157.4501, 56.6412 ], [ -157.4904, 56.6176 ], [ -157.605, 56.6205 ], [ -157.6729, 56.6112 ], [ -157.7368, 56.6756 ], [ -157.7865, 56.6762 ], [ -157.9288, 56.639 ], [ -157.9575, 56.6104 ], [ -158.0247, 56.6032 ], [ -158.1209, 56.5538 ], [ -158.124, 56.5295 ], [ -157.9624, 56.5656 ], [ -157.84, 56.5666 ], [ -157.83, 56.4988 ], [ -157.8849, 56.4738 ], [ -158.026, 56.5106 ], [ -158.1004, 56.513 ], [ -158.1265, 56.462 ], [ -158.1805, 56.4564 ], [ -158.3263, 56.4831 ], [ -158.4077, 56.4522 ], [ -158.5072, 56.3744 ], [ -158.4726, 56.3406 ], [ -158.3313, 56.3248 ], [ -158.2173, 56.2685 ], [ -158.3107, 56.2364 ], [ -158.2621, 56.1931 ], [ -158.3498, 56.1498 ], [ -158.3755, 56.174 ], [ -158.4371, 56.1405 ], [ -158.3944, 56.0891 ], [ -158.415, 56.0041 ], [ -158.494, 56.0073 ], [ -158.5948, 56.0428 ], [ -158.5839, 56.1419 ], [ -158.6816, 56.1073 ], [ -158.64, 56.0197 ], [ -158.8132, 55.9901 ], [ -158.8471, 56.0142 ], [ -158.9153, 55.9284 ], [ -159.0708, 55.9241 ], [ -159.1692, 55.8905 ], [ -159.2059, 55.8996 ], [ -159.3471, 55.8785 ], [ -159.4011, 55.8567 ], [ -159.4021, 55.7989 ], [ -159.4634, 55.819 ], [ -159.4928, 55.9003 ], [ -159.5474, 55.8659 ], [ -159.5122, 55.8417 ], [ -159.4957, 55.7617 ], [ -159.5553, 55.7107 ], [ -159.5335, 55.6976 ], [ -159.5614, 55.6387 ], [ -159.6224, 55.5896 ], [ -159.7309, 55.5706 ], [ -159.7051, 55.6086 ], [ -159.6135, 55.6349 ], [ -159.6755, 55.6578 ], [ -159.6528, 55.7139 ], [ -159.6791, 55.7398 ], [ -159.6266, 55.8033 ], [ -159.6419, 55.828 ], [ -159.7256, 55.8505 ], [ -159.821, 55.8562 ], [ -159.8607, 55.7881 ], [ -160.026, 55.7912 ], [ -160.0499, 55.7604 ], [ -160.0296, 55.7181 ], [ -160.1412, 55.7042 ], [ -160.1269, 55.6647 ], [ -160.2795, 55.6387 ], [ -160.4138, 55.6646 ], [ -160.433, 55.64 ], [ -160.3869, 55.606 ], [ -160.4652, 55.5274 ], [ -160.4707, 55.4937 ], [ -160.5363, 55.4799 ], [ -160.5558, 55.5236 ], [ -160.6114, 55.5793 ], [ -160.6686, 55.5449 ], [ -160.7169, 55.5583 ], [ -160.7688, 55.5293 ], [ -160.6621, 55.5192 ], [ -160.6633, 55.4648 ], [ -160.7979, 55.4564 ], [ -160.8378, 55.4721 ], [ -160.8258, 55.505 ], [ -160.899, 55.5258 ], [ -160.9465, 55.5076 ], [ -160.9973, 55.4403 ], [ -161.2421, 55.3562 ], [ -161.3154, 55.36 ], [ -161.3593, 55.3836 ], [ -161.4539, 55.3576 ], [ -161.5039, 55.3609 ], [ -161.4729, 55.46 ], [ -161.479, 55.4906 ], [ -161.4238, 55.5269 ], [ -161.362, 55.5912 ], [ -161.3878, 55.6271 ], [ -161.5418, 55.6285 ], [ -161.6136, 55.6075 ], [ -161.6987, 55.5206 ], [ -161.7002, 55.4274 ], [ -161.6884, 55.4042 ], [ -161.8608, 55.2709 ], [ -161.8783, 55.2237 ], [ -161.9322, 55.2125 ], [ -162.0282, 55.2365 ], [ -161.9998, 55.1798 ], [ -161.9625, 55.1585 ], [ -161.9596, 55.1062 ], [ -162.0508, 55.0718 ], [ -162.1377, 55.1128 ], [ -162.1474, 55.1561 ], [ -162.2214, 55.1173 ], [ -162.1921, 55.0574 ], [ -162.2516, 55.0183 ], [ -162.3025, 55.0385 ], [ -162.4148, 55.0354 ], [ -162.4953, 55.0671 ], [ -162.521, 55.1154 ], [ -162.4683, 55.1247 ], [ -162.5, 55.1858 ], [ -162.5136, 55.2506 ], [ -162.5887, 55.2717 ], [ -162.5694, 55.3007 ], [ -162.6633, 55.2979 ], [ -162.7238, 55.2265 ], [ -162.6922, 55.1951 ], [ -162.6484, 55.197 ], [ -162.5881, 55.1413 ], [ -162.6269, 55.1148 ], [ -162.5687, 55.0193 ], [ -162.57, 54.9747 ], [ -162.6814, 54.9978 ], [ -162.7199, 54.9524 ], [ -162.7794, 54.9349 ], [ -162.8811, 54.9337 ], [ -162.9663, 55.0013 ], [ -162.9455, 55.0255 ], [ -163.0073, 55.0805 ], [ -163.0677, 55.1072 ], [ -163.1846, 55.0977 ], [ -163.2162, 55.0283 ], [ -163.1486, 55.014 ], [ -163.0504, 54.9708 ], [ -163.0313, 54.9441 ], [ -163.1977, 54.869 ], [ -163.2189, 54.8414 ], [ -163.3572, 54.8108 ], [ -163.3873, 54.8575 ], [ -163.3237, 54.8754 ], [ -163.3362, 54.9546 ], [ -163.2916, 54.9662 ], [ -163.2841, 55.0518 ], [ -163.3228, 55.1018 ], [ -163.2011, 55.1613 ], [ -163.0821, 55.1816 ], [ -162.872, 55.1795 ], [ -162.8503, 55.2415 ], [ -162.9107, 55.2495 ], [ -162.798, 55.311 ], [ -162.7353, 55.3078 ], [ -162.6405, 55.3683 ], [ -162.5749, 55.3479 ], [ -162.4954, 55.3894 ], [ -162.5189, 55.4303 ], [ -162.515, 55.4961 ], [ -162.384, 55.5898 ], [ -162.2692, 55.6856 ], [ -162.1466, 55.7333 ], [ -162.0506, 55.7909 ], [ -161.9345, 55.8194 ], [ -161.8098, 55.8918 ], [ -161.6919, 55.9099 ], [ -161.5773, 55.9384 ], [ -161.275, 55.9846 ], [ -161.28, 55.9587 ], [ -161.1886, 55.9611 ], [ -161.0471, 55.9439 ], [ -160.8766, 55.9998 ], [ -160.8922, 55.9532 ], [ -160.9468, 55.947 ], [ -161.0138, 55.9151 ], [ -161.0057, 55.8748 ], [ -160.9582, 55.8665 ], [ -160.9539, 55.8254 ], [ -160.9028, 55.804 ], [ -160.7999, 55.7287 ], [ -160.7777, 55.7505 ], [ -160.6516, 55.7393 ], [ -160.7521, 55.8051 ], [ -160.7566, 55.8813 ], [ -160.6511, 55.8576 ], [ -160.4947, 55.8642 ], [ -160.3818, 55.7825 ], [ -160.3226, 55.7808 ], [ -160.2922, 55.8532 ], [ -160.4182, 55.9098 ], [ -160.4762, 55.9189 ], [ -160.5246, 55.9773 ], [ -160.5835, 55.9865 ], [ -160.4999, 56.0635 ], [ -160.3827, 56.2484 ], [ -160.3504, 56.2835 ], [ -160.2285, 56.3421 ], [ -160.1496, 56.3963 ], [ -160.0604, 56.4172 ], [ -159.9428, 56.4733 ], [ -159.8152, 56.5477 ], [ -159.5485, 56.6212 ], [ -159.3888, 56.6905 ], [ -159.2799, 56.7157 ], [ -159.0331, 56.8079 ], [ -158.9433, 56.8582 ], [ -158.8935, 56.8803 ], [ -158.8935, 56.8723 ], [ -158.947, 56.8529 ], [ -158.9279, 56.823 ], [ -158.8935, 56.8075 ], [ -158.8156, 56.7887 ], [ -158.6493, 56.8028 ], [ -158.6512, 56.8443 ], [ -158.6936, 56.8881 ], [ -158.6969, 56.938 ], [ -158.6624, 57.0136 ], [ -158.5402, 57.1251 ], [ -158.3796, 57.2465 ], [ -158.3071, 57.2896 ], [ -158.1838, 57.3359 ], [ -158.0838, 57.3572 ], [ -157.9898, 57.4133 ], [ -157.93, 57.474 ], [ -157.8703, 57.4936 ], [ -157.788, 57.5422 ], [ -157.7004, 57.5652 ], [ -157.6433, 57.4895 ], [ -157.5699, 57.5209 ], [ -157.6018, 57.612 ], [ -157.6983, 57.6144 ], [ -157.7054, 57.7104 ], [ -157.6582, 57.7988 ], [ -157.6126, 58.0211 ], [ -157.5878, 58.109 ], [ -157.5506, 58.1595 ], [ -157.4327, 58.1656 ], [ -157.4419, 58.2073 ], [ -157.5362, 58.2716 ], [ -157.5466, 58.3341 ], [ -157.5346, 58.3893 ], [ -157.4519, 58.5056 ], [ -157.3359, 58.5474 ], [ -157.2599, 58.6167 ], [ -157.0805, 58.7078 ], [ -157.0626, 58.7697 ], [ -156.9932, 58.8215 ], [ -157.0062, 58.8858 ], [ -156.973, 58.9482 ], [ -157.0154, 58.9678 ], [ -157.0829, 58.8748 ], [ -157.1963, 58.8511 ], [ -157.3294, 58.8334 ], [ -157.4298, 58.793 ], [ -157.5549, 58.7565 ], [ -157.7065, 58.7299 ], [ -157.8636, 58.6773 ], [ -158.0776, 58.6255 ], [ -158.2139, 58.6158 ], [ -158.331, 58.6632 ], [ -158.3454, 58.722 ], [ -158.3792, 58.7526 ], [ -158.5633, 58.8046 ], [ -158.5095, 58.8629 ], [ -158.4817, 58.9994 ], [ -158.3543, 59.0366 ], [ -158.4249, 59.0669 ], [ -158.4553, 59.0384 ], [ -158.5338, 59.0235 ], [ -158.5339, 58.9961 ], [ -158.6093, 58.9399 ], [ -158.6157, 58.9134 ], [ -158.7362, 58.873 ], [ -158.7958, 58.8098 ], [ -158.7751, 58.7726 ], [ -158.8661, 58.6957 ], [ -158.8333, 58.6239 ], [ -158.7549, 58.5086 ], [ -158.7023, 58.4952 ], [ -158.7895, 58.4171 ], [ -158.9038, 58.3939 ], [ -159.0615, 58.4264 ], [ -159.3422, 58.7178 ], [ -159.4092, 58.7725 ], [ -159.501, 58.822 ], [ -159.6354, 58.8465 ], [ -159.5847, 58.8948 ], [ -159.6495, 58.9371 ], [ -159.7275, 58.9132 ], [ -159.8121, 58.8421 ], [ -159.7942, 58.8054 ], [ -159.901, 58.7731 ], [ -159.9915, 58.8342 ], [ -160.0066, 58.8791 ], [ -160.151, 58.8872 ], [ -160.2461, 58.9216 ], [ -160.3131, 58.9617 ], [ -160.2533, 58.9851 ], [ -160.2816, 59.0273 ], [ -160.3607, 59.072 ], [ -160.5148, 59.0122 ], [ -160.752, 58.9056 ], [ -160.8287, 58.8523 ], [ -160.879, 58.8824 ], [ -160.9607, 58.8752 ], [ -161.0341, 58.8388 ], [ -161.0641, 58.8258 ], [ -161.1316, 58.8001 ], [ -161.2885, 58.7711 ], [ -161.3313, 58.7393 ], [ -161.3742, 58.7027 ], [ -161.3621, 58.662 ], [ -161.5288, 58.6286 ], [ -161.56, 58.6019 ], [ -161.63, 58.5992 ], [ -161.687, 58.5602 ], [ -161.7593, 58.5503 ], [ -161.7736, 58.6017 ], [ -161.8209, 58.6287 ], [ -161.982, 58.6318 ], [ -162.0755, 58.621 ], [ -162.1523, 58.6386 ], [ -162.1174, 58.6686 ], [ -161.9974, 58.6812 ], [ -161.8892, 58.6545 ], [ -161.839, 58.6927 ], [ -161.7532, 58.8063 ], [ -161.7834, 58.8834 ], [ -161.7887, 58.972 ], [ -161.8787, 59.0681 ], [ -161.9808, 59.1482 ], [ -162.0558, 59.2648 ], [ -161.9549, 59.3789 ], [ -161.8806, 59.3959 ], [ -161.8036, 59.4592 ], [ -161.7118, 59.4789 ], [ -161.7012, 59.4984 ], [ -161.8688, 59.6387 ], [ -161.8816, 59.7023 ], [ -161.9291, 59.7381 ], [ -161.9684, 59.7992 ], [ -162.0608, 59.8594 ], [ -162.111, 59.9236 ], [ -162.1047, 59.9508 ], [ -162.1738, 59.989 ], [ -162.2256, 60.0607 ], [ -162.3217, 60.1126 ], [ -162.3726, 60.1691 ], [ -162.4513, 60.1744 ], [ -162.4995, 60.1286 ], [ -162.4781, 60.0301 ], [ -162.5434, 59.9817 ], [ -162.6304, 59.974 ], [ -162.7197, 59.9917 ], [ -162.7644, 59.9498 ], [ -162.8824, 59.9231 ], [ -163.086, 59.861 ], [ -163.1941, 59.8394 ], [ -163.4443, 59.8079 ], [ -163.7048, 59.7948 ], [ -163.8225, 59.7952 ], [ -163.9632, 59.8074 ], [ -164.1368, 59.8425 ], [ -164.2214, 59.9443 ], [ -164.1211, 59.9883 ], [ -164.2048, 60.0289 ], [ -164.3857, 60.0763 ], [ -164.4926, 60.1654 ], [ -164.4874, 60.1813 ], [ -164.6421, 60.2467 ], [ -164.6669, 60.2863 ], [ -164.8346, 60.3006 ], [ -164.939, 60.3297 ], [ -165.017, 60.3638 ], [ -165.1294, 60.4337 ], [ -165.0011, 60.4807 ], [ -164.9713, 60.5396 ], [ -165.0612, 60.544 ], [ -165.196, 60.4967 ], [ -165.2705, 60.4928 ], [ -165.378, 60.5108 ], [ -165.4184, 60.5554 ], [ -165.3822, 60.5773 ], [ -165.2944, 60.5743 ], [ -165.192, 60.6163 ], [ -165.1507, 60.6493 ], [ -165.0997, 60.6542 ], [ -164.9689, 60.7258 ], [ -165.0105, 60.7448 ], [ -164.9972, 60.7869 ], [ -164.8871, 60.8193 ], [ -164.8644, 60.8439 ], [ -164.9577, 60.9025 ], [ -165.1278, 60.9212 ], [ -165.1817, 60.9486 ], [ -165.1915, 60.9831 ], [ -165.1165, 61.0155 ], [ -165.0214, 61.0106 ], [ -165.013, 61.0535 ], [ -165.1214, 61.0786 ], [ -165.3001, 61.1811 ], [ -165.3947, 61.0787 ], [ -165.5396, 61.0897 ], [ -165.5982, 61.1094 ], [ -165.6421, 61.2284 ], [ -165.5933, 61.2732 ], [ -165.8788, 61.3282 ], [ -165.9233, 61.3898 ], [ -165.9201, 61.4196 ], [ -165.7707, 61.457 ], [ -165.762, 61.4985 ], [ -165.8169, 61.5307 ], [ -165.9439, 61.5547 ], [ -166.1483, 61.5176 ], [ -166.1875, 61.5923 ], [ -166.1721, 61.6359 ], [ -166.054, 61.6382 ], [ -165.7745, 61.6767 ], [ -165.8632, 61.6994 ], [ -166.0031, 61.7188 ], [ -166.0987, 61.7955 ], [ -166.0961, 61.815 ], [ -165.9224, 61.829 ], [ -165.8709, 61.8224 ], [ -165.615, 61.8528 ], [ -165.6825, 61.8941 ], [ -165.7551, 61.9853 ], [ -165.7605, 62.0388 ], [ -165.6589, 62.1611 ], [ -165.6308, 62.1668 ], [ -165.428, 62.3033 ], [ -165.2012, 62.4724 ], [ -165.0593, 62.5352 ], [ -164.9458, 62.5279 ], [ -164.8536, 62.5486 ], [ -164.8523, 62.5699 ], [ -164.7703, 62.5915 ], [ -164.8265, 62.6489 ], [ -164.87, 62.7879 ], [ -164.7879, 62.9442 ], [ -164.7079, 63.009 ], [ -164.6552, 63.0292 ], [ -164.5613, 63.0258 ], [ -164.533, 63.0496 ], [ -164.5853, 63.1247 ], [ -164.4111, 63.2155 ], [ -164.3217, 63.2422 ], [ -164.1802, 63.2576 ], [ -164.0507, 63.2617 ], [ -163.869, 63.2186 ], [ -163.7333, 63.1967 ], [ -163.5976, 63.1324 ], [ -163.5301, 63.134 ], [ -163.4863, 63.0992 ], [ -163.4209, 63.0832 ], [ -163.3475, 63.0281 ], [ -163.2927, 63.0398 ], [ -163.108, 63.0499 ], [ -163.0423, 63.062 ], [ -162.9722, 63.1091 ], [ -162.8492, 63.1532 ], [ -162.8211, 63.2056 ], [ -162.6678, 63.2247 ], [ -162.5865, 63.2718 ], [ -162.4203, 63.3957 ], [ -162.3756, 63.4402 ], [ -162.2725, 63.485 ], [ -162.3116, 63.5391 ], [ -162.0781, 63.5118 ], [ -162.0034, 63.4478 ], [ -161.8792, 63.4505 ], [ -161.8135, 63.439 ], [ -161.6956, 63.4638 ], [ -161.5853, 63.4491 ], [ -161.3104, 63.4702 ], [ -161.1398, 63.5019 ], [ -161.1078, 63.5526 ], [ -160.9635, 63.6212 ], [ -160.801, 63.7363 ], [ -160.763, 63.7879 ], [ -160.768, 63.8353 ], [ -160.8464, 63.9488 ], [ -160.8957, 63.9897 ], [ -160.9524, 64.0888 ], [ -160.9512, 64.2073 ], [ -161.0024, 64.25 ], [ -161.2298, 64.3706 ], [ -161.3868, 64.4157 ], [ -161.4548, 64.4204 ], [ -161.4703, 64.5055 ], [ -161.3938, 64.5311 ], [ -161.2188, 64.4967 ], [ -161.072, 64.4936 ], [ -161.0102, 64.5031 ], [ -160.8948, 64.5821 ], [ -160.7933, 64.6176 ], [ -160.7833, 64.7182 ], [ -160.8842, 64.8117 ], [ -160.9864, 64.8334 ], [ -161.0778, 64.8682 ], [ -161.1994, 64.8928 ], [ -161.3561, 64.8106 ], [ -161.3667, 64.7791 ], [ -161.517, 64.7536 ], [ -161.6417, 64.7745 ], [ -161.8661, 64.751 ], [ -161.9453, 64.6998 ], [ -162.1663, 64.6821 ], [ -162.2338, 64.6203 ], [ -162.5434, 64.5315 ], [ -162.6139, 64.472 ], [ -162.6314, 64.3854 ], [ -162.7389, 64.3574 ], [ -162.8099, 64.3561 ], [ -162.8021, 64.4025 ], [ -162.8642, 64.4705 ], [ -162.854, 64.4994 ], [ -162.9379, 64.5428 ], [ -163.0158, 64.5523 ], [ -163.0382, 64.5856 ], [ -163.148, 64.6199 ], [ -163.1344, 64.6484 ], [ -163.2425, 64.6502 ], [ -163.2503, 64.6244 ], [ -163.3573, 64.5843 ], [ -163.2578, 64.5425 ], [ -163.1776, 64.5369 ], [ -163.1298, 64.5052 ], [ -163.0292, 64.508 ], [ -163.0272, 64.4779 ], [ -163.0903, 64.4643 ], [ -163.1086, 64.409 ], [ -163.1762, 64.3995 ], [ -163.253, 64.4695 ], [ -163.3841, 64.5168 ], [ -163.5975, 64.5636 ], [ -163.8751, 64.5735 ], [ -163.9757, 64.5521 ], [ -164.1715, 64.5654 ], [ -164.3951, 64.5508 ], [ -164.8359, 64.4456 ], [ -165.0084, 64.4345 ], [ -165.181, 64.4649 ], [ -165.6678, 64.5283 ], [ -165.8478, 64.5402 ], [ -166.2159, 64.5813 ], [ -166.3894, 64.6392 ], [ -166.4785, 64.7353 ], [ -166.4752, 64.796 ], [ -166.4265, 64.8065 ], [ -166.4049, 64.8587 ], [ -166.4531, 64.9026 ], [ -166.5408, 64.9419 ], [ -166.6893, 64.9847 ], [ -166.6842, 65.0205 ], [ -166.7396, 65.0565 ], [ -166.8586, 65.0922 ], [ -166.8306, 65.1206 ], [ -166.7094, 65.1079 ], [ -166.57, 65.1235 ], [ -166.4641, 65.1763 ], [ -166.4765, 65.2229 ], [ -166.3472, 65.2763 ], [ -166.4165, 65.3139 ], [ -166.5186, 65.3355 ], [ -166.6889, 65.3287 ], [ -166.8256, 65.3442 ], [ -167.0463, 65.3856 ], [ -167.4034, 65.4026 ], [ -167.6054, 65.4544 ], [ -167.7063, 65.5003 ], [ -167.8467, 65.5401 ], [ -168.0697, 65.577 ], [ -168.1202, 65.6479 ], [ -168.0875, 65.6885 ], [ -167.9843, 65.7243 ], [ -167.5493, 65.8171 ], [ -167.3738, 65.8662 ], [ -167.1082, 65.9567 ], [ -166.5975, 66.1175 ], [ -166.2407, 66.2095 ], [ -165.9254, 66.2975 ], [ -165.6169, 66.3734 ], [ -165.1517, 66.4691 ], [ -164.7637, 66.5331 ], [ -164.3959, 66.5816 ], [ -163.8857, 66.5929 ], [ -163.779, 66.5726 ], [ -163.7262, 66.5126 ], [ -163.7658, 66.4528 ], [ -163.8508, 66.4161 ], [ -163.8813, 66.323 ], [ -163.8282, 66.2778 ], [ -163.9285, 66.2179 ], [ -164.0723, 66.2063 ], [ -163.9756, 66.1723 ], [ -163.8957, 66.1885 ], [ -163.8461, 66.123 ], [ -163.7725, 66.0801 ], [ -163.6339, 66.0564 ], [ -163.4961, 66.0834 ], [ -163.3708, 66.0811 ], [ -163.1601, 66.0577 ], [ -162.7534, 66.0927 ], [ -162.6329, 66.038 ], [ -162.4528, 66.0574 ], [ -162.376, 66.0271 ], [ -162.2286, 66.048 ], [ -162.1438, 66.0755 ], [ -162.0259, 66.062 ], [ -161.8847, 66.0182 ], [ -161.8953, 65.9638 ], [ -161.798, 65.9656 ], [ -161.828, 66.0 ], [ -161.7368, 66.0532 ], [ -161.5524, 66.2421 ], [ -161.4914, 66.2607 ], [ -161.3507, 66.2587 ], [ -161.3178, 66.2204 ], [ -161.1909, 66.2099 ], [ -161.0945, 66.2314 ], [ -161.0908, 66.1825 ], [ -161.0168, 66.1867 ], [ -160.9545, 66.2241 ], [ -161.0013, 66.2397 ], [ -161.1335, 66.3367 ], [ -161.3625, 66.3763 ], [ -161.5426, 66.3985 ], [ -161.6922, 66.398 ], [ -161.9129, 66.3516 ], [ -161.8694, 66.447 ], [ -161.8856, 66.5178 ], [ -161.9795, 66.571 ], [ -162.0973, 66.6095 ], [ -162.1671, 66.6825 ], [ -162.253, 66.7129 ], [ -162.4979, 66.7333 ], [ -162.5147, 66.7793 ], [ -162.6131, 66.8469 ], [ -162.6011, 66.8985 ], [ -162.4043, 66.9188 ], [ -162.3077, 66.939 ], [ -162.2302, 66.8662 ], [ -162.0907, 66.7866 ], [ -162.0198, 66.7807 ], [ -162.0287, 66.7343 ], [ -162.0753, 66.7045 ], [ -162.0704, 66.6481 ], [ -161.9601, 66.5888 ], [ -161.9301, 66.5552 ], [ -161.7948, 66.5033 ], [ -161.5822, 66.44 ], [ -161.5174, 66.4425 ], [ -161.3263, 66.4784 ], [ -161.2459, 66.5194 ], [ -161.1732, 66.531 ], [ -161.1474, 66.4893 ], [ -161.0845, 66.4897 ], [ -160.9784, 66.4291 ], [ -160.8593, 66.3989 ], [ -160.7789, 66.3629 ], [ -160.535, 66.3585 ], [ -160.4826, 66.3752 ], [ -160.2667, 66.3786 ], [ -160.2274, 66.3872 ], [ -160.2019, 66.5016 ], [ -160.2377, 66.5448 ], [ -160.3475, 66.6078 ], [ -160.4828, 66.6178 ], [ -160.5433, 66.5799 ], [ -160.6819, 66.5963 ], [ -160.7457, 66.6381 ], [ -160.8367, 66.6585 ], [ -160.983, 66.6412 ], [ -161.1421, 66.6363 ], [ -161.2354, 66.5754 ], [ -161.2241, 66.5418 ], [ -161.2935, 66.5241 ], [ -161.3924, 66.5243 ], [ -161.543, 66.5517 ], [ -161.5804, 66.5855 ], [ -161.6859, 66.6186 ], [ -161.8816, 66.7181 ], [ -161.8424, 66.7617 ], [ -161.8515, 66.8108 ], [ -161.7915, 66.8331 ], [ -161.7932, 66.8818 ], [ -161.7101, 66.9145 ], [ -161.7049, 66.9395 ], [ -161.6109, 66.95 ], [ -161.4851, 66.9401 ], [ -161.5377, 66.9909 ], [ -161.6917, 67.0247 ], [ -161.7341, 67.0146 ], [ -161.8252, 67.0495 ], [ -162.1279, 67.0222 ], [ -162.2519, 66.9952 ], [ -162.4337, 66.9855 ], [ -162.4802, 67.0132 ], [ -162.6209, 67.0073 ], [ -162.7241, 67.0542 ], [ -162.9024, 67.0427 ], [ -162.9762, 67.0263 ], [ -163.4669, 67.0834 ], [ -163.666, 67.1001 ], [ -163.7479, 67.1293 ], [ -163.7589, 67.2485 ], [ -163.8644, 67.406 ], [ -164.013, 67.5419 ], [ -164.0958, 67.5963 ], [ -164.1851, 67.6325 ], [ -164.5348, 67.7244 ], [ -164.8717, 67.8571 ], [ -165.2333, 67.9887 ], [ -165.3758, 68.0347 ], [ -165.6608, 68.0867 ], [ -165.8721, 68.11 ], [ -165.9817, 68.1434 ], [ -166.0442, 68.2007 ], [ -166.237, 68.2731 ], [ -166.4095, 68.3089 ], [ -166.5874, 68.3339 ], [ -166.8197, 68.3483 ], [ -166.3717, 68.426 ], [ -166.3061, 68.4641 ], [ -166.3031, 68.5151 ], [ -166.2375, 68.5601 ], [ -166.1916, 68.7909 ], [ -166.2274, 68.8758 ], [ -165.5668, 68.851 ], [ -165.287, 68.8606 ], [ -164.2132, 68.9348 ], [ -163.9157, 68.9989 ], [ -163.8269, 69.0372 ], [ -163.6831, 69.0756 ], [ -163.5578, 69.1287 ], [ -163.4687, 69.1895 ], [ -163.3546, 69.2419 ], [ -163.2264, 69.3203 ], [ -163.1478, 69.4188 ], [ -163.1429, 69.6376 ], [ -163.0247, 69.8004 ], [ -162.9755, 69.8334 ], [ -162.6957, 69.9767 ], [ -162.4753, 70.124 ], [ -162.3334, 70.1939 ], [ -161.8793, 70.3293 ], [ -161.4453, 70.2948 ], [ -161.2882, 70.2968 ], [ -161.0549, 70.328 ], [ -160.7731, 70.3847 ], [ -160.54, 70.4471 ], [ -160.2077, 70.5645 ], [ -160.0985, 70.6198 ], [ -159.7985, 70.7312 ], [ -159.6489, 70.7951 ], [ -159.3156, 70.8504 ], [ -159.1993, 70.8476 ], [ -159.1887, 70.8175 ], [ -159.3448, 70.8047 ], [ -159.3456, 70.7813 ], [ -159.1981, 70.7601 ], [ -158.992, 70.7647 ], [ -158.9496, 70.7968 ], [ -158.6677, 70.7856 ], [ -158.3318, 70.8195 ], [ -158.2142, 70.8175 ], [ -158.0303, 70.8312 ], [ -157.7685, 70.8758 ], [ -157.5025, 70.9487 ], [ -157.286, 71.0319 ], [ -156.9626, 71.2119 ], [ -156.8097, 71.2869 ], [ -156.5687, 71.3526 ], [ -156.5332, 71.2958 ], [ -156.0793, 71.2389 ], [ -156.0899, 71.2222 ], [ -155.9548, 71.1865 ], [ -155.7443, 71.1928 ], [ -155.5675, 71.1625 ], [ -155.515, 71.0962 ], [ -155.5442, 71.0608 ], [ -155.7125, 71.0095 ], [ -155.7308, 70.983 ], [ -156.0001, 70.9492 ], [ -155.9238, 70.8574 ], [ -155.8768, 70.8292 ], [ -155.705, 70.8346 ], [ -155.608, 70.8241 ], [ -155.4894, 70.8563 ], [ -155.5119, 70.9429 ], [ -155.367, 70.9949 ], [ -155.2556, 71.0156 ], [ -155.2572, 71.0756 ], [ -155.1511, 71.1065 ], [ -155.0722, 71.1529 ], [ -154.7581, 71.0701 ], [ -154.5663, 70.9899 ], [ -154.6167, 70.9439 ], [ -154.5841, 70.832 ], [ -154.3462, 70.8304 ], [ -154.2549, 70.8162 ], [ -154.1819, 70.7683 ], [ -154.0001, 70.8182 ], [ -153.9436, 70.8764 ], [ -153.7549, 70.8887 ], [ -153.5486, 70.8836 ], [ -153.4057, 70.891 ], [ -153.2532, 70.9186 ], [ -153.0418, 70.9109 ], [ -152.9252, 70.8902 ], [ -152.8681, 70.851 ], [ -152.781, 70.8814 ], [ -152.5819, 70.8813 ], [ -152.228, 70.8265 ], [ -152.1954, 70.8001 ], [ -152.3049, 70.7795 ], [ -152.3818, 70.7148 ], [ -152.4794, 70.6905 ], [ -152.4251, 70.6101 ], [ -152.183, 70.5849 ], [ -152.4119, 70.5726 ], [ -152.4354, 70.5524 ], [ -152.2238, 70.5397 ], [ -152.0535, 70.5452 ], [ -151.9834, 70.5647 ], [ -151.7323, 70.5423 ], [ -151.8308, 70.4856 ], [ -151.9163, 70.4753 ], [ -151.8761, 70.4308 ], [ -151.5721, 70.4393 ], [ -151.2976, 70.4007 ], [ -151.2462, 70.3725 ], [ -151.1464, 70.3776 ], [ -150.9507, 70.4596 ], [ -150.7863, 70.4633 ], [ -150.5189, 70.4831 ], [ -150.4144, 70.4597 ], [ -150.3609, 70.4092 ], [ -150.1942, 70.4345 ], [ -150.1095, 70.4293 ], [ -149.8639, 70.511 ], [ -149.7786, 70.4867 ], [ -149.7161, 70.505 ], [ -149.5813, 70.4959 ], [ -149.4672, 70.5163 ], [ -149.0603, 70.4638 ], [ -148.944, 70.4202 ], [ -148.7872, 70.4022 ], [ -148.7184, 70.4121 ], [ -148.5861, 70.3971 ], [ -148.4738, 70.3585 ], [ -148.482, 70.3248 ], [ -148.3544, 70.3027 ], [ -148.2563, 70.332 ], [ -148.1836, 70.2927 ], [ -148.1077, 70.3415 ], [ -148.0161, 70.3077 ], [ -147.9403, 70.3037 ], [ -147.7803, 70.2158 ], [ -147.5355, 70.2043 ], [ -147.3853, 70.1853 ], [ -147.2852, 70.1945 ], [ -147.1731, 70.1528 ], [ -146.9889, 70.1534 ], [ -146.8492, 70.1812 ], [ -146.6617, 70.1744 ], [ -146.5245, 70.1861 ], [ -146.2927, 70.1776 ], [ -145.9312, 70.1321 ], [ -145.8545, 70.1623 ], [ -145.6233, 70.0844 ], [ -145.477, 70.0597 ], [ -145.4386, 70.0351 ], [ -145.2677, 70.0134 ], [ -145.1832, 69.9915 ], [ -144.9032, 69.9632 ], [ -144.8331, 69.9821 ], [ -144.6378, 69.9664 ], [ -144.4554, 70.0352 ], [ -144.2934, 70.0402 ], [ -144.2518, 70.058 ], [ -143.7736, 70.1247 ], [ -143.5495, 70.1444 ], [ -143.4471, 70.125 ], [ -143.2755, 70.1535 ], [ -142.998, 70.0846 ], [ -142.7706, 70.0469 ], [ -142.4986, 69.9713 ], [ -142.5104, 69.9546 ], [ -142.302, 69.9119 ], [ -142.142, 69.8646 ], [ -141.9587, 69.8234 ], [ -141.7469, 69.7935 ], [ -141.5796, 69.7512 ], [ -141.4529, 69.702 ], [ -141.4287, 69.6588 ], [ -141.3664, 69.6323 ], [ -141.2497, 69.6302 ], [ -141.1996, 69.6829 ], [ -141.0006, 69.6463 ], [ -141.0007, 69.2864 ], [ -141.0008, 68.8824 ], [ -141.0027, 68.4984 ], [ -141.0027, 67.9292 ], [ -141.0027, 67.5433 ], [ -141.0026, 66.5143 ], [ -141.0025, 65.8394 ] ], [ [ -131.4984, 54.9347 ], [ -131.467, 54.9685 ], [ -131.417, 54.9633 ], [ -131.335, 54.9949 ], [ -131.2544, 54.9757 ], [ -131.2455, 54.9335 ], [ -131.1915, 54.9146 ], [ -131.2561, 54.8769 ], [ -131.3436, 54.8558 ], [ -131.4984, 54.9347 ] ], [ [ -131.7128, 55.8613 ], [ -131.6392, 55.9129 ], [ -131.601, 55.8539 ], [ -131.7128, 55.8613 ] ], [ [ -131.851, 55.5255 ], [ -131.7537, 55.5434 ], [ -131.7578, 55.5152 ], [ -131.837, 55.4922 ], [ -131.851, 55.5255 ] ], [ [ -165.0278, 60.8353 ], [ -165.005, 60.8763 ], [ -164.8909, 60.837 ], [ -164.9991, 60.8165 ], [ -165.0278, 60.8353 ] ], [ [ -167.4594, 60.2117 ], [ -167.4111, 60.1994 ], [ -167.2968, 60.233 ], [ -167.0919, 60.2245 ], [ -167.0414, 60.2142 ], [ -166.9419, 60.2222 ], [ -166.8513, 60.2033 ], [ -166.803, 60.2446 ], [ -166.8118, 60.2822 ], [ -166.7377, 60.3122 ], [ -166.5907, 60.308 ], [ -166.5806, 60.3522 ], [ -166.497, 60.3851 ], [ -166.3798, 60.3532 ], [ -166.301, 60.3792 ], [ -166.1974, 60.3916 ], [ -166.0024, 60.3137 ], [ -165.9259, 60.3197 ], [ -165.8831, 60.3434 ], [ -165.6844, 60.2919 ], [ -165.7279, 60.2467 ], [ -165.6836, 60.1983 ], [ -165.7256, 60.1619 ], [ -165.6634, 60.1158 ], [ -165.7085, 60.0685 ], [ -165.6843, 60.034 ], [ -165.6327, 60.0176 ], [ -165.6527, 59.9872 ], [ -165.5823, 59.9587 ], [ -165.5823, 59.9082 ], [ -165.7202, 59.8898 ], [ -165.7634, 59.9025 ], [ -165.8749, 59.8731 ], [ -165.9483, 59.8765 ], [ -166.1449, 59.8222 ], [ -166.0831, 59.774 ], [ -166.1904, 59.7502 ], [ -166.2177, 59.7817 ], [ -166.294, 59.8193 ], [ -166.4328, 59.8548 ], [ -166.5053, 59.8444 ], [ -166.614, 59.8483 ], [ -166.676, 59.8801 ], [ -166.7575, 59.8915 ], [ -166.9039, 59.9592 ], [ -167.047, 59.9925 ], [ -167.1058, 59.9884 ], [ -167.242, 60.0565 ], [ -167.3065, 60.0605 ], [ -167.3435, 60.1263 ], [ -167.4594, 60.2117 ] ], [ [ -173.0638, 60.5026 ], [ -173.0398, 60.5478 ], [ -172.9728, 60.5846 ], [ -172.9314, 60.562 ], [ -172.8805, 60.5024 ], [ -172.7764, 60.4519 ], [ -172.6105, 60.3973 ], [ -172.5316, 60.383 ], [ -172.3826, 60.3791 ], [ -172.2571, 60.3226 ], [ -172.4104, 60.3361 ], [ -172.5019, 60.3349 ], [ -172.5984, 60.3168 ], [ -172.7291, 60.3614 ], [ -172.7691, 60.3906 ], [ -172.9324, 60.4764 ], [ -173.0638, 60.5026 ] ], [ [ -151.8961, 58.1977 ], [ -151.8393, 58.2669 ], [ -151.7961, 58.2569 ], [ -151.808, 58.1869 ], [ -151.8633, 58.1651 ], [ -151.8961, 58.1977 ] ], [ [ -152.359, 58.9157 ], [ -152.2946, 58.9547 ], [ -152.2333, 58.9369 ], [ -152.2958, 58.9047 ], [ -152.359, 58.9157 ] ], [ [ -152.5174, 57.9206 ], [ -152.4416, 57.9598 ], [ -152.4043, 57.9271 ], [ -152.4038, 57.8862 ], [ -152.5174, 57.9206 ] ], [ [ -152.8621, 57.9573 ], [ -152.7506, 57.9769 ], [ -152.7394, 57.9463 ], [ -152.7808, 57.9212 ], [ -152.8621, 57.9573 ] ], [ [ -153.4197, 58.0608 ], [ -153.3381, 58.1001 ], [ -153.2963, 58.1462 ], [ -153.2205, 58.1593 ], [ -153.176, 58.2168 ], [ -153.0586, 58.1943 ], [ -153.008, 58.2215 ], [ -153.1026, 58.2609 ], [ -153.0472, 58.3056 ], [ -152.9191, 58.2835 ], [ -152.8904, 58.3432 ], [ -152.8202, 58.3157 ], [ -152.7851, 58.3507 ], [ -152.8114, 58.4043 ], [ -152.651, 58.4827 ], [ -152.6657, 58.539 ], [ -152.6408, 58.5876 ], [ -152.5738, 58.6203 ], [ -152.5051, 58.5972 ], [ -152.4535, 58.6333 ], [ -152.3408, 58.6387 ], [ -152.3368, 58.5881 ], [ -152.4093, 58.4943 ], [ -152.4789, 58.4697 ], [ -152.5124, 58.427 ], [ -152.4685, 58.3999 ], [ -152.4865, 58.3528 ], [ -152.3698, 58.359 ], [ -152.2852, 58.4239 ], [ -152.2168, 58.3813 ], [ -152.1288, 58.3932 ], [ -152.0898, 58.3737 ], [ -152.0829, 58.3077 ], [ -152.0342, 58.288 ], [ -151.9646, 58.3317 ], [ -151.9648, 58.2585 ], [ -152.0, 58.2059 ], [ -152.0323, 58.2076 ], [ -152.0837, 58.1534 ], [ -152.1419, 58.1759 ], [ -152.2016, 58.1759 ], [ -152.222, 58.23 ], [ -152.3111, 58.2409 ], [ -152.2636, 58.1339 ], [ -152.3442, 58.1105 ], [ -152.4601, 58.1253 ], [ -152.5702, 58.1165 ], [ -152.6574, 58.0613 ], [ -152.7335, 58.0503 ], [ -152.7801, 57.9928 ], [ -152.8535, 57.9932 ], [ -152.8908, 57.9692 ], [ -153.0482, 57.9871 ], [ -153.1311, 58.0181 ], [ -153.2977, 58.0503 ], [ -153.3652, 58.038 ], [ -153.4197, 58.0608 ] ], [ [ -154.1567, 56.6835 ], [ -154.1377, 56.7051 ], [ -154.021, 56.7175 ], [ -154.0265, 56.6853 ], [ -154.1237, 56.6952 ], [ -154.1567, 56.6835 ] ], [ [ -154.3637, 56.5426 ], [ -154.3131, 56.5863 ], [ -154.2216, 56.6172 ], [ -154.1943, 56.6073 ], [ -154.0966, 56.6198 ], [ -154.0227, 56.5529 ], [ -153.8715, 56.5626 ], [ -153.8848, 56.5316 ], [ -153.9516, 56.5051 ], [ -154.1073, 56.5009 ], [ -154.1612, 56.5099 ], [ -154.2301, 56.4935 ], [ -154.3392, 56.508 ], [ -154.3637, 56.5426 ] ], [ [ -154.7954, 56.4317 ], [ -154.6893, 56.5266 ], [ -154.5581, 56.5866 ], [ -154.4735, 56.6019 ], [ -154.401, 56.5869 ], [ -154.3927, 56.5541 ], [ -154.4674, 56.5139 ], [ -154.6373, 56.4686 ], [ -154.7281, 56.4058 ], [ -154.7954, 56.4317 ] ], [ [ -154.7965, 57.348 ], [ -154.7378, 57.3583 ], [ -154.7, 57.392 ], [ -154.7164, 57.4304 ], [ -154.6656, 57.4563 ], [ -154.6314, 57.5086 ], [ -154.5311, 57.5416 ], [ -154.4992, 57.578 ], [ -154.4239, 57.581 ], [ -154.3395, 57.6377 ], [ -154.2615, 57.6421 ], [ -154.2259, 57.6622 ], [ -154.0978, 57.6507 ], [ -153.9806, 57.6494 ], [ -153.9846, 57.5442 ], [ -153.9247, 57.5331 ], [ -153.8061, 57.5861 ], [ -153.8786, 57.6325 ], [ -153.8648, 57.6502 ], [ -153.7417, 57.6505 ], [ -153.6752, 57.6692 ], [ -153.8636, 57.7057 ], [ -153.9207, 57.7009 ], [ -153.9316, 57.8084 ], [ -153.8667, 57.8374 ], [ -153.856, 57.8631 ], [ -153.789, 57.8682 ], [ -153.7334, 57.8924 ], [ -153.6609, 57.879 ], [ -153.6217, 57.8431 ], [ -153.5703, 57.8318 ], [ -153.5297, 57.7743 ], [ -153.4886, 57.7756 ], [ -153.4708, 57.8423 ], [ -153.2977, 57.8022 ], [ -153.3296, 57.8504 ], [ -153.4517, 57.878 ], [ -153.5335, 57.9272 ], [ -153.5154, 57.9602 ], [ -153.4598, 57.9677 ], [ -153.3434, 57.9304 ], [ -153.3124, 57.9077 ], [ -153.0919, 57.8675 ], [ -153.268, 57.9557 ], [ -153.201, 57.9695 ], [ -153.119, 57.9487 ], [ -153.0577, 57.961 ], [ -152.9334, 57.9486 ], [ -152.8509, 57.9299 ], [ -152.7988, 57.8991 ], [ -152.862, 57.8791 ], [ -152.914, 57.8186 ], [ -152.9036, 57.7506 ], [ -152.8497, 57.7409 ], [ -152.8471, 57.8252 ], [ -152.7861, 57.857 ], [ -152.7284, 57.8203 ], [ -152.7014, 57.8695 ], [ -152.6356, 57.8933 ], [ -152.5161, 57.909 ], [ -152.4667, 57.8933 ], [ -152.443, 57.8324 ], [ -152.3637, 57.7992 ], [ -152.4465, 57.7797 ], [ -152.4842, 57.7544 ], [ -152.4673, 57.6589 ], [ -152.3955, 57.6887 ], [ -152.4594, 57.5945 ], [ -152.314, 57.6364 ], [ -152.2469, 57.6161 ], [ -152.1737, 57.6237 ], [ -152.1559, 57.5922 ], [ -152.294, 57.5174 ], [ -152.3394, 57.4227 ], [ -152.4566, 57.4439 ], [ -152.5412, 57.4492 ], [ -152.6239, 57.4765 ], [ -152.6857, 57.4666 ], [ -152.7382, 57.5046 ], [ -152.8015, 57.4944 ], [ -152.883, 57.5114 ], [ -152.9132, 57.4793 ], [ -152.7606, 57.4584 ], [ -152.7242, 57.4223 ], [ -152.627, 57.4062 ], [ -152.6006, 57.3839 ], [ -152.6329, 57.32 ], [ -152.6966, 57.2805 ], [ -152.7449, 57.3127 ], [ -152.8107, 57.2669 ], [ -152.8846, 57.2911 ], [ -152.8993, 57.3218 ], [ -152.9852, 57.3417 ], [ -153.1, 57.318 ], [ -153.0969, 57.2852 ], [ -153.0121, 57.2978 ], [ -152.9443, 57.2614 ], [ -152.9792, 57.2377 ], [ -153.0715, 57.2131 ], [ -153.115, 57.1795 ], [ -153.0194, 57.1694 ], [ -152.9474, 57.1886 ], [ -152.868, 57.1509 ], [ -152.9125, 57.1263 ], [ -153.0208, 57.1238 ], [ -153.1211, 57.091 ], [ -153.2048, 57.0799 ], [ -153.1962, 57.0404 ], [ -153.2347, 57.0038 ], [ -153.3058, 56.9916 ], [ -153.3443, 57.0118 ], [ -153.3213, 57.0428 ], [ -153.3971, 57.0636 ], [ -153.3548, 57.1003 ], [ -153.3755, 57.1226 ], [ -153.2866, 57.1796 ], [ -153.287, 57.213 ], [ -153.4655, 57.1163 ], [ -153.4974, 57.0653 ], [ -153.5761, 57.0932 ], [ -153.6683, 57.0865 ], [ -153.66, 57.0534 ], [ -153.6084, 57.021 ], [ -153.5399, 57.0006 ], [ -153.6065, 56.9344 ], [ -153.6647, 56.9312 ], [ -153.7315, 56.8893 ], [ -153.7032, 56.8532 ], [ -153.8396, 56.8199 ], [ -153.9017, 56.7686 ], [ -153.9744, 56.7444 ], [ -154.035, 56.7643 ], [ -154.1294, 56.7435 ], [ -154.1268, 56.7853 ], [ -154.0638, 56.8495 ], [ -154.007, 56.8607 ], [ -153.9801, 56.8973 ], [ -153.8446, 56.9448 ], [ -153.9732, 56.9595 ], [ -153.9668, 56.9969 ], [ -153.871, 57.0891 ], [ -153.9036, 57.0975 ], [ -153.9725, 57.0647 ], [ -154.0757, 56.9701 ], [ -154.117, 56.9687 ], [ -154.1634, 56.9198 ], [ -154.2104, 56.9095 ], [ -154.2271, 56.8747 ], [ -154.3012, 56.8515 ], [ -154.3072, 56.9101 ], [ -154.4018, 56.9658 ], [ -154.5249, 56.9947 ], [ -154.5139, 57.0768 ], [ -154.5299, 57.1831 ], [ -154.5912, 57.2567 ], [ -154.6209, 57.2712 ], [ -154.7267, 57.2782 ], [ -154.7421, 57.3162 ], [ -154.7965, 57.348 ] ], [ [ -155.7525, 55.8227 ], [ -155.679, 55.8474 ], [ -155.6336, 55.9005 ], [ -155.5595, 55.8954 ], [ -155.5849, 55.8528 ], [ -155.5621, 55.7912 ], [ -155.5861, 55.7633 ], [ -155.7259, 55.7755 ], [ -155.7525, 55.8227 ] ], [ [ -156.7507, 56.0371 ], [ -156.6763, 56.0871 ], [ -156.634, 56.048 ], [ -156.6821, 56.0212 ], [ -156.7507, 56.0371 ] ], [ [ -159.3428, 54.9006 ], [ -159.314, 54.9321 ], [ -159.2071, 54.9283 ], [ -159.2337, 54.8777 ], [ -159.3102, 54.8686 ], [ -159.3428, 54.9006 ] ], [ [ -159.4809, 55.0202 ], [ -159.44, 55.0597 ], [ -159.3478, 55.0582 ], [ -159.3765, 55.0241 ], [ -159.3285, 54.9774 ], [ -159.4269, 54.9418 ], [ -159.4526, 54.9716 ], [ -159.3998, 54.9954 ], [ -159.4809, 55.0202 ] ], [ [ -159.6053, 54.8148 ], [ -159.567, 54.823 ], [ -159.5119, 54.7871 ], [ -159.5715, 54.7548 ], [ -159.6053, 54.8148 ] ], [ [ -159.657, 55.1238 ], [ -159.6149, 55.1271 ], [ -159.5664, 55.1761 ], [ -159.5032, 55.1766 ], [ -159.4944, 55.1373 ], [ -159.57, 55.0456 ], [ -159.653, 55.0659 ], [ -159.6289, 55.1038 ], [ -159.657, 55.1238 ] ], [ [ -160.257, 54.9036 ], [ -160.2281, 54.9395 ], [ -160.1736, 54.9478 ], [ -160.135, 55.0116 ], [ -160.0807, 55.0407 ], [ -160.1712, 55.0518 ], [ -160.1256, 55.0884 ], [ -160.1873, 55.1025 ], [ -160.127, 55.1472 ], [ -160.0759, 55.147 ], [ -160.0275, 55.2041 ], [ -159.9654, 55.2125 ], [ -159.8759, 55.2895 ], [ -159.8528, 55.23 ], [ -159.9, 55.2291 ], [ -159.9053, 55.1437 ], [ -159.8128, 55.1601 ], [ -159.8669, 55.0948 ], [ -159.9347, 55.1294 ], [ -159.9359, 55.0731 ], [ -160.0513, 55.0053 ], [ -160.1073, 54.9873 ], [ -160.1206, 54.9487 ], [ -160.1854, 54.9316 ], [ -160.1801, 54.9034 ], [ -160.257, 54.9036 ] ], [ [ -160.3465, 55.4256 ], [ -160.2606, 55.4637 ], [ -160.202, 55.4391 ], [ -160.1549, 55.4478 ], [ -160.154, 55.3775 ], [ -160.2321, 55.4122 ], [ -160.3211, 55.3937 ], [ -160.3465, 55.4256 ] ], [ [ -160.5283, 55.32 ], [ -160.5029, 55.3489 ], [ -160.4209, 55.3382 ], [ -160.3327, 55.3594 ], [ -160.3078, 55.3032 ], [ -160.3311, 55.2599 ], [ -160.3891, 55.2874 ], [ -160.4722, 55.2894 ], [ -160.5283, 55.32 ] ], [ [ -160.8657, 55.3213 ], [ -160.8007, 55.3808 ], [ -160.7296, 55.4072 ], [ -160.6486, 55.3873 ], [ -160.6664, 55.302 ], [ -160.5958, 55.3327 ], [ -160.6165, 55.3494 ], [ -160.5657, 55.3906 ], [ -160.5181, 55.3573 ], [ -160.5668, 55.3312 ], [ -160.5687, 55.2755 ], [ -160.5293, 55.2576 ], [ -160.4891, 55.1944 ], [ -160.4953, 55.166 ], [ -160.5875, 55.1463 ], [ -160.6747, 55.1714 ], [ -160.6835, 55.1938 ], [ -160.7565, 55.1948 ], [ -160.785, 55.16 ], [ -160.8502, 55.2174 ], [ -160.8362, 55.2988 ], [ -160.8657, 55.3213 ] ], [ [ -161.4435, 55.2012 ], [ -161.3994, 55.2242 ], [ -161.3456, 55.2042 ], [ -161.3441, 55.1585 ], [ -161.4435, 55.2012 ] ], [ [ -161.6955, 55.2094 ], [ -161.6563, 55.2442 ], [ -161.6081, 55.2404 ], [ -161.5354, 55.2592 ], [ -161.5626, 55.2047 ], [ -161.629, 55.1942 ], [ -161.6955, 55.2094 ] ], [ [ -161.9018, 55.1432 ], [ -161.8261, 55.1815 ], [ -161.7632, 55.1691 ], [ -161.7179, 55.1412 ], [ -161.6379, 55.1245 ], [ -161.634, 55.1051 ], [ -161.7565, 55.0561 ], [ -161.7909, 55.1007 ], [ -161.9018, 55.1432 ] ], [ [ -162.4355, 54.9292 ], [ -162.3816, 54.9427 ], [ -162.3239, 54.9839 ], [ -162.2362, 54.9564 ], [ -162.2326, 54.8885 ], [ -162.3158, 54.8284 ], [ -162.4137, 54.8781 ], [ -162.4355, 54.9292 ] ], [ [ -162.8601, 54.4243 ], [ -162.8337, 54.4784 ], [ -162.7997, 54.4918 ], [ -162.5615, 54.4284 ], [ -162.5708, 54.3894 ], [ -162.7317, 54.4011 ], [ -162.7852, 54.3833 ], [ -162.8601, 54.4243 ] ], [ [ -164.9443, 54.5773 ], [ -164.8053, 54.6374 ], [ -164.7134, 54.6573 ], [ -164.6421, 54.7345 ], [ -164.5566, 54.8502 ], [ -164.552, 54.8881 ], [ -164.4313, 54.9313 ], [ -164.3379, 54.8956 ], [ -164.269, 54.9072 ], [ -164.1309, 54.9673 ], [ -164.0797, 54.9592 ], [ -163.9573, 54.9984 ], [ -163.8956, 55.0357 ], [ -163.7778, 55.0516 ], [ -163.6628, 55.04 ], [ -163.5402, 55.0504 ], [ -163.5324, 55.0161 ], [ -163.4269, 54.9514 ], [ -163.3947, 54.8947 ], [ -163.4032, 54.8434 ], [ -163.3705, 54.7855 ], [ -163.3261, 54.7514 ], [ -163.2303, 54.7545 ], [ -163.1828, 54.774 ], [ -163.1018, 54.7298 ], [ -163.0851, 54.6621 ], [ -163.196, 54.699 ], [ -163.2896, 54.7013 ], [ -163.3329, 54.7481 ], [ -163.3954, 54.7432 ], [ -163.4251, 54.7201 ], [ -163.4187, 54.6583 ], [ -163.5029, 54.653 ], [ -163.5873, 54.6126 ], [ -163.6884, 54.6286 ], [ -163.8116, 54.6365 ], [ -164.0908, 54.6211 ], [ -164.2067, 54.5956 ], [ -164.3217, 54.5443 ], [ -164.3334, 54.4837 ], [ -164.4497, 54.421 ], [ -164.5995, 54.4031 ], [ -164.6475, 54.3896 ], [ -164.7379, 54.3947 ], [ -164.8434, 54.4201 ], [ -164.9306, 54.5227 ], [ -164.9443, 54.5773 ] ], [ [ -165.2195, 54.1007 ], [ -165.1405, 54.1305 ], [ -164.9181, 54.112 ], [ -164.9556, 54.0731 ], [ -165.0388, 54.0656 ], [ -165.2195, 54.1007 ] ], [ [ -165.4814, 54.0739 ], [ -165.3642, 54.0904 ], [ -165.2613, 54.0909 ], [ -165.2789, 54.063 ], [ -165.4814, 54.0739 ] ], [ [ -165.686, 54.245 ], [ -165.6753, 54.2672 ], [ -165.5755, 54.2804 ], [ -165.5553, 54.2383 ], [ -165.4978, 54.2098 ], [ -165.4902, 54.1602 ], [ -165.5558, 54.1442 ], [ -165.6361, 54.198 ], [ -165.6418, 54.2289 ], [ -165.686, 54.245 ] ], [ [ -166.1115, 54.1227 ], [ -166.0825, 54.1769 ], [ -166.0245, 54.191 ], [ -165.9796, 54.2213 ], [ -165.8707, 54.2134 ], [ -165.8778, 54.1795 ], [ -165.7466, 54.1607 ], [ -165.7359, 54.1125 ], [ -165.6784, 54.0915 ], [ -165.7711, 54.0657 ], [ -165.8514, 54.0551 ], [ -165.9304, 54.066 ], [ -166.0485, 54.0445 ], [ -166.0499, 54.0736 ], [ -166.1115, 54.1227 ] ], [ [ -166.1985, 53.9865 ], [ -166.1046, 53.9893 ], [ -166.0883, 53.9613 ], [ -166.1935, 53.9597 ], [ -166.1985, 53.9865 ] ], [ [ -135.5129, 57.23 ], [ -135.4715, 57.2503 ], [ -135.3919, 57.2446 ], [ -135.4526, 57.1845 ], [ -135.5129, 57.23 ] ], [ [ -134.6664, 56.1666 ], [ -134.7055, 56.2197 ], [ -134.773, 56.2174 ], [ -134.8089, 56.24 ], [ -134.8396, 56.2961 ], [ -134.8952, 56.3143 ], [ -135.0233, 56.4848 ], [ -135.0594, 56.5682 ], [ -135.1528, 56.6469 ], [ -135.2118, 56.6623 ], [ -135.245, 56.7038 ], [ -135.2928, 56.6964 ], [ -135.3185, 56.7468 ], [ -135.352, 56.7499 ], [ -135.4149, 56.8112 ], [ -135.3506, 56.9339 ], [ -135.3776, 56.9886 ], [ -135.2892, 57.0142 ], [ -135.2895, 57.0467 ], [ -135.3661, 57.0656 ], [ -135.4021, 57.1056 ], [ -135.3757, 57.1464 ], [ -135.4244, 57.1689 ], [ -135.3773, 57.1994 ], [ -135.3438, 57.247 ], [ -135.5016, 57.2539 ], [ -135.5546, 57.2359 ], [ -135.57, 57.2885 ], [ -135.6728, 57.3373 ], [ -135.6851, 57.3718 ], [ -135.5349, 57.4494 ], [ -135.5492, 57.5043 ], [ -135.4468, 57.5568 ], [ -135.3797, 57.5577 ], [ -135.3227, 57.5384 ], [ -135.2944, 57.4837 ], [ -135.2231, 57.4888 ], [ -135.1648, 57.4543 ], [ -135.002, 57.4133 ], [ -134.9138, 57.4272 ], [ -134.8415, 57.3909 ], [ -134.8036, 57.3407 ], [ -134.8617, 57.3178 ], [ -134.9024, 57.3421 ], [ -134.9507, 57.3275 ], [ -134.945, 57.2706 ], [ -134.8414, 57.2479 ], [ -134.8592, 57.2139 ], [ -134.8133, 57.1844 ], [ -134.7392, 57.0053 ], [ -134.7411, 56.9532 ], [ -134.6961, 56.899 ], [ -134.7016, 56.8365 ], [ -134.6724, 56.8197 ], [ -134.6303, 56.7245 ], [ -134.6158, 56.6355 ], [ -134.6303, 56.5466 ], [ -134.6695, 56.5401 ], [ -134.6391, 56.477 ], [ -134.6355, 56.3036 ], [ -134.6666, 56.2544 ], [ -134.6524, 56.2006 ], [ -134.6664, 56.1666 ] ], [ [ -135.8762, 57.2258 ], [ -135.8325, 57.2528 ], [ -135.8482, 57.3386 ], [ -135.7676, 57.3492 ], [ -135.6724, 57.3174 ], [ -135.5703, 57.248 ], [ -135.6229, 57.2157 ], [ -135.5494, 57.1884 ], [ -135.5328, 57.2276 ], [ -135.4558, 57.1803 ], [ -135.5126, 57.1398 ], [ -135.5618, 57.1347 ], [ -135.5713, 57.0902 ], [ -135.6364, 57.0223 ], [ -135.7165, 57.0034 ], [ -135.8525, 56.9929 ], [ -135.8429, 57.0858 ], [ -135.7624, 57.1138 ], [ -135.7476, 57.1646 ], [ -135.8361, 57.1753 ], [ -135.8187, 57.2049 ], [ -135.8762, 57.2258 ] ], [ [ -135.1118, 57.7669 ], [ -135.0228, 57.7438 ], [ -134.9297, 57.7573 ], [ -134.8986, 57.6542 ], [ -134.8504, 57.5801 ], [ -134.8384, 57.503 ], [ -134.8999, 57.4906 ], [ -134.8936, 57.4597 ], [ -135.0264, 57.4552 ], [ -135.0882, 57.4648 ], [ -135.1268, 57.4965 ], [ -135.2147, 57.5279 ], [ -135.3494, 57.5891 ], [ -135.4778, 57.6309 ], [ -135.5661, 57.6704 ], [ -135.6491, 57.6235 ], [ -135.5781, 57.618 ], [ -135.5798, 57.5207 ], [ -135.5478, 57.479 ], [ -135.5929, 57.4268 ], [ -135.7052, 57.3688 ], [ -135.8493, 57.3951 ], [ -135.8718, 57.4205 ], [ -135.98, 57.4868 ], [ -136.0515, 57.5148 ], [ -136.0933, 57.5612 ], [ -136.2296, 57.5954 ], [ -136.2603, 57.6801 ], [ -136.1846, 57.7344 ], [ -136.255, 57.7667 ], [ -136.3203, 57.7527 ], [ -136.3348, 57.7986 ], [ -136.3801, 57.8321 ], [ -136.3887, 57.8319 ], [ -136.4282, 57.8312 ], [ -136.496, 57.8707 ], [ -136.4859, 57.8972 ], [ -136.5745, 57.9326 ], [ -136.5611, 57.9881 ], [ -136.5745, 58.0355 ], [ -136.5374, 58.0975 ], [ -136.4491, 58.1206 ], [ -136.324, 58.1688 ], [ -136.275, 58.2012 ], [ -136.2359, 58.1568 ], [ -136.1372, 58.2244 ], [ -136.0404, 58.2186 ], [ -136.0195, 58.1918 ], [ -135.8254, 58.2824 ], [ -135.7794, 58.2844 ], [ -135.734, 58.2398 ], [ -135.5276, 58.1876 ], [ -135.5213, 58.1201 ], [ -135.6252, 58.0491 ], [ -135.6332, 57.987 ], [ -135.5941, 57.9898 ], [ -135.4966, 58.0884 ], [ -135.4501, 58.1019 ], [ -135.4593, 58.1341 ], [ -135.3921, 58.1407 ], [ -135.2756, 58.0971 ], [ -135.1163, 58.0911 ], [ -135.0928, 58.0639 ], [ -134.9517, 58.0398 ], [ -134.9133, 57.9775 ], [ -134.9224, 57.9238 ], [ -134.9989, 57.8899 ], [ -135.1933, 57.9445 ], [ -135.1316, 57.8869 ], [ -135.0398, 57.8646 ], [ -135.0272, 57.8405 ], [ -134.9554, 57.8147 ], [ -135.0103, 57.787 ], [ -135.1118, 57.7669 ] ], [ [ -133.3255, 57.0095 ], [ -133.1931, 57.0112 ], [ -133.0766, 56.9905 ], [ -132.9955, 56.9397 ], [ -132.9518, 56.8759 ], [ -132.9442, 56.8268 ], [ -132.9135, 56.8044 ], [ -132.8235, 56.7936 ], [ -132.7652, 56.7557 ], [ -132.7379, 56.7127 ], [ -132.621, 56.6685 ], [ -132.5996, 56.6167 ], [ -132.5421, 56.5839 ], [ -132.6502, 56.5532 ], [ -132.7346, 56.5077 ], [ -132.8166, 56.4948 ], [ -133.1436, 56.5302 ], [ -133.1257, 56.4774 ], [ -133.2043, 56.4477 ], [ -133.2543, 56.4768 ], [ -133.4223, 56.4962 ], [ -133.4174, 56.474 ], [ -133.5247, 56.4359 ], [ -133.6553, 56.438 ], [ -133.691, 56.5788 ], [ -133.7385, 56.5591 ], [ -133.8514, 56.5842 ], [ -133.8735, 56.5205 ], [ -133.8607, 56.4774 ], [ -133.907, 56.4388 ], [ -133.8315, 56.323 ], [ -133.8766, 56.2759 ], [ -133.8811, 56.2232 ], [ -133.956, 56.2055 ], [ -133.9341, 56.1647 ], [ -133.9605, 56.0914 ], [ -134.0159, 56.0865 ], [ -134.0449, 56.1175 ], [ -134.0245, 56.1646 ], [ -134.0592, 56.2171 ], [ -134.0972, 56.2314 ], [ -134.1024, 56.1362 ], [ -134.1364, 56.066 ], [ -134.236, 56.0693 ], [ -134.2108, 56.104 ], [ -134.2593, 56.1188 ], [ -134.2201, 56.1632 ], [ -134.256, 56.1752 ], [ -134.2928, 56.3541 ], [ -134.2346, 56.4089 ], [ -134.2462, 56.4561 ], [ -134.2139, 56.4763 ], [ -134.1571, 56.4367 ], [ -134.124, 56.4578 ], [ -134.2018, 56.5413 ], [ -134.2892, 56.5593 ], [ -134.3082, 56.5957 ], [ -134.2804, 56.6208 ], [ -134.3318, 56.6479 ], [ -134.4005, 56.7267 ], [ -134.3905, 56.7598 ], [ -134.4221, 56.8329 ], [ -134.3555, 56.8919 ], [ -134.2919, 56.907 ], [ -134.1599, 56.8466 ], [ -134.1466, 56.8761 ], [ -134.2167, 56.9013 ], [ -134.1355, 56.9519 ], [ -134.0442, 56.9203 ], [ -133.9995, 56.8245 ], [ -133.9372, 56.7919 ], [ -133.9208, 56.7493 ], [ -133.7859, 56.8204 ], [ -133.8728, 56.8593 ], [ -133.8966, 56.8851 ], [ -133.8759, 56.9176 ], [ -133.9018, 56.9541 ], [ -134.0388, 57.0224 ], [ -134.0121, 57.0716 ], [ -133.8809, 57.0998 ], [ -133.73, 57.0794 ], [ -133.7, 57.0645 ], [ -133.5974, 57.0574 ], [ -133.3935, 57.0059 ], [ -133.3255, 57.0095 ] ], [ [ -162.719, 63.5812 ], [ -162.6243, 63.6218 ], [ -162.5597, 63.6331 ], [ -162.4799, 63.6204 ], [ -162.3805, 63.6251 ], [ -162.3437, 63.5905 ], [ -162.4292, 63.5433 ], [ -162.6225, 63.54 ], [ -162.719, 63.5812 ] ], [ [ -171.8469, 63.4868 ], [ -171.8291, 63.5796 ], [ -171.7376, 63.6627 ], [ -171.7231, 63.7276 ], [ -171.7402, 63.7834 ], [ -171.6397, 63.7693 ], [ -171.6494, 63.709 ], [ -171.5472, 63.6646 ], [ -171.3685, 63.6299 ], [ -171.0417, 63.581 ], [ -170.9036, 63.5728 ], [ -170.6493, 63.6669 ], [ -170.5452, 63.6662 ], [ -170.4755, 63.6974 ], [ -170.2894, 63.6875 ], [ -170.0767, 63.5868 ], [ -170.0581, 63.4973 ], [ -169.8623, 63.4427 ], [ -169.6493, 63.4295 ], [ -169.4875, 63.361 ], [ -169.2617, 63.3445 ], [ -169.0516, 63.3426 ], [ -168.8816, 63.3307 ], [ -168.8125, 63.3103 ], [ -168.6974, 63.3008 ], [ -168.7244, 63.2297 ], [ -168.7832, 63.1841 ], [ -168.8778, 63.1452 ], [ -168.9641, 63.1663 ], [ -169.1089, 63.1787 ], [ -169.2189, 63.1743 ], [ -169.3789, 63.1493 ], [ -169.3936, 63.1278 ], [ -169.5383, 63.0739 ], [ -169.5797, 63.0317 ], [ -169.531, 62.9786 ], [ -169.5999, 62.9728 ], [ -169.6432, 62.9377 ], [ -169.7653, 62.9642 ], [ -169.7449, 62.985 ], [ -169.8278, 63.0766 ], [ -169.8694, 63.1025 ], [ -170.0368, 63.1678 ], [ -170.1304, 63.1844 ], [ -170.2117, 63.1816 ], [ -170.2801, 63.1978 ], [ -170.355, 63.2802 ], [ -170.433, 63.3183 ], [ -170.5713, 63.3614 ], [ -170.8679, 63.4146 ], [ -171.1042, 63.4215 ], [ -171.2865, 63.3801 ], [ -171.2805, 63.3586 ], [ -171.44, 63.3075 ], [ -171.7015, 63.3651 ], [ -171.8234, 63.4369 ], [ -171.8469, 63.4868 ] ], [ [ -161.0836, 58.5913 ], [ -161.0553, 58.6986 ], [ -160.9181, 58.7458 ], [ -160.87, 58.7452 ], [ -160.7419, 58.7984 ], [ -160.7038, 58.7905 ], [ -160.7685, 58.7259 ], [ -160.8839, 58.5797 ], [ -160.9637, 58.5509 ], [ -161.0408, 58.558 ], [ -161.0836, 58.5913 ] ], [ [ -144.4335, 60.1556 ], [ -144.3366, 60.1429 ], [ -144.3489, 60.0912 ], [ -144.4335, 60.1556 ] ], [ [ -144.6063, 59.7921 ], [ -144.5654, 59.8524 ], [ -144.3446, 59.9702 ], [ -144.2263, 59.986 ], [ -144.4131, 59.9041 ], [ -144.4535, 59.8712 ], [ -144.6063, 59.7921 ] ], [ [ -146.337, 60.4639 ], [ -146.2902, 60.5166 ], [ -146.1449, 60.5219 ], [ -146.0729, 60.5462 ], [ -145.9743, 60.5609 ], [ -145.9546, 60.5817 ], [ -145.7963, 60.5969 ], [ -145.8062, 60.5603 ], [ -146.0294, 60.5002 ], [ -146.0924, 60.4768 ], [ -146.2334, 60.4503 ], [ -146.337, 60.4639 ] ], [ [ -146.7318, 60.3816 ], [ -146.6139, 60.4829 ], [ -146.5393, 60.4864 ], [ -146.4442, 60.4674 ], [ -146.3496, 60.4681 ], [ -146.365, 60.4269 ], [ -146.3049, 60.4153 ], [ -146.1326, 60.4323 ], [ -146.0922, 60.4117 ], [ -146.0815, 60.3642 ], [ -146.192, 60.3599 ], [ -146.2512, 60.3343 ], [ -146.3398, 60.3374 ], [ -146.486, 60.294 ], [ -146.6101, 60.2357 ], [ -146.6531, 60.2371 ], [ -146.7013, 60.2785 ], [ -146.5314, 60.3339 ], [ -146.6134, 60.3532 ], [ -146.6541, 60.3281 ], [ -146.7216, 60.3419 ], [ -146.7318, 60.3816 ] ], [ [ -146.8173, 60.8179 ], [ -146.817, 60.8406 ], [ -146.7479, 60.8789 ], [ -146.7013, 60.8483 ], [ -146.7274, 60.8113 ], [ -146.8173, 60.8179 ] ], [ [ -147.3246, 60.8784 ], [ -147.2086, 60.9069 ], [ -147.1396, 60.8851 ], [ -147.1526, 60.8523 ], [ -147.3246, 60.8784 ] ], [ [ -147.5029, 60.6546 ], [ -147.4095, 60.6884 ], [ -147.41, 60.6454 ], [ -147.5029, 60.6546 ] ], [ [ -147.5033, 60.2576 ], [ -147.4323, 60.2881 ], [ -147.3396, 60.2767 ], [ -147.4765, 60.2272 ], [ -147.5033, 60.2576 ] ], [ [ -147.9295, 59.7863 ], [ -147.9133, 59.8372 ], [ -147.74, 59.9551 ], [ -147.6673, 59.9678 ], [ -147.6863, 59.9967 ], [ -147.6148, 60.0137 ], [ -147.5551, 60.0518 ], [ -147.4353, 60.0947 ], [ -147.3018, 60.2082 ], [ -147.2117, 60.2393 ], [ -147.2288, 60.2863 ], [ -147.2105, 60.3471 ], [ -147.0983, 60.3791 ], [ -147.0724, 60.339 ], [ -146.9165, 60.291 ], [ -146.9657, 60.2485 ], [ -147.1993, 60.1512 ], [ -147.3576, 60.0449 ], [ -147.38, 59.9736 ], [ -147.4962, 59.9389 ], [ -147.4437, 59.9032 ], [ -147.4415, 59.8707 ], [ -147.5283, 59.8395 ], [ -147.6161, 59.8506 ], [ -147.6603, 59.8151 ], [ -147.7423, 59.8016 ], [ -147.8765, 59.7639 ], [ -147.9295, 59.7863 ] ], [ [ -147.9692, 60.2504 ], [ -147.916, 60.2974 ], [ -147.9048, 60.3368 ], [ -147.8578, 60.3761 ], [ -147.8207, 60.4444 ], [ -147.7316, 60.4443 ], [ -147.7211, 60.5078 ], [ -147.603, 60.5004 ], [ -147.6526, 60.4523 ], [ -147.6125, 60.4235 ], [ -147.6876, 60.4059 ], [ -147.6177, 60.3661 ], [ -147.6636, 60.315 ], [ -147.7456, 60.2559 ], [ -147.698, 60.2428 ], [ -147.7603, 60.1554 ], [ -147.8433, 60.1906 ], [ -147.8128, 60.2211 ], [ -147.9545, 60.2283 ], [ -147.9692, 60.2504 ] ], [ [ -148.0214, 60.724 ], [ -147.9513, 60.7456 ], [ -147.9028, 60.7347 ], [ -147.8455, 60.6919 ], [ -147.8664, 60.6707 ], [ -148.0011, 60.6864 ], [ -148.0214, 60.724 ] ], [ [ -148.0575, 59.9496 ], [ -147.9334, 60.0407 ], [ -147.8514, 60.0791 ], [ -147.8155, 60.0597 ], [ -147.8666, 59.9949 ], [ -147.9182, 59.969 ], [ -148.0316, 59.9379 ], [ -148.0575, 59.9496 ] ], [ [ -148.1553, 60.3128 ], [ -148.0553, 60.3766 ], [ -147.9875, 60.3708 ], [ -148.0229, 60.2801 ], [ -148.1278, 60.2803 ], [ -148.1553, 60.3128 ] ], [ [ -148.1531, 59.9979 ], [ -148.116, 60.0513 ], [ -148.0409, 60.1108 ], [ -147.9101, 60.1311 ], [ -147.8897, 60.1035 ], [ -148.1531, 59.9979 ] ], [ [ -131.6482, 55.0465 ], [ -131.5916, 55.0883 ], [ -131.5992, 55.1259 ], [ -131.5717, 55.1672 ], [ -131.6099, 55.2386 ], [ -131.5305, 55.2701 ], [ -131.4454, 55.2176 ], [ -131.3962, 55.2097 ], [ -131.3516, 55.1186 ], [ -131.3725, 55.0883 ], [ -131.3558, 55.0408 ], [ -131.3901, 55.0115 ], [ -131.4927, 55.0118 ], [ -131.5063, 55.0442 ], [ -131.6078, 54.9939 ], [ -131.6482, 55.0465 ] ], [ [ -132.8295, 54.9211 ], [ -132.7228, 54.9394 ], [ -132.623, 54.879 ], [ -132.6389, 54.8165 ], [ -132.6096, 54.7762 ], [ -132.6779, 54.7664 ], [ -132.7061, 54.8154 ], [ -132.7882, 54.8569 ], [ -132.8295, 54.9211 ] ], [ [ -133.0808, 56.0866 ], [ -133.0067, 56.1185 ], [ -132.9866, 56.0593 ], [ -133.0808, 56.0866 ] ], [ [ -133.4557, 55.5322 ], [ -133.3699, 55.5747 ], [ -133.2891, 55.5488 ], [ -133.3069, 55.4811 ], [ -133.4065, 55.4799 ], [ -133.4557, 55.5322 ] ], [ [ -133.6214, 55.4505 ], [ -133.5397, 55.4892 ], [ -133.527, 55.529 ], [ -133.4341, 55.4872 ], [ -133.4545, 55.4355 ], [ -133.5565, 55.4281 ], [ -133.6214, 55.4505 ] ], [ [ -133.6903, 55.3072 ], [ -133.6237, 55.3637 ], [ -133.6515, 55.3925 ], [ -133.5653, 55.4136 ], [ -133.4198, 55.4249 ], [ -133.4179, 55.3862 ], [ -133.493, 55.3662 ], [ -133.5738, 55.3145 ], [ -133.6107, 55.2519 ], [ -133.6684, 55.2762 ], [ -133.6903, 55.3072 ] ], [ [ -133.8166, 55.9542 ], [ -133.7425, 56.0236 ], [ -133.6605, 56.0843 ], [ -133.6417, 56.1156 ], [ -133.5419, 56.1432 ], [ -133.6324, 56.2188 ], [ -133.6279, 56.2465 ], [ -133.6647, 56.3109 ], [ -133.6248, 56.3587 ], [ -133.4218, 56.3284 ], [ -133.3439, 56.337 ], [ -133.1754, 56.3286 ], [ -133.0739, 56.2461 ], [ -133.0386, 56.1757 ], [ -133.1156, 56.0776 ], [ -133.0664, 56.0428 ], [ -133.0126, 56.0559 ], [ -132.9269, 56.0237 ], [ -132.8412, 56.0338 ], [ -132.6168, 55.9087 ], [ -132.4698, 55.7836 ], [ -132.4932, 55.7594 ], [ -132.4441, 55.7194 ], [ -132.4414, 55.6707 ], [ -132.3896, 55.6703 ], [ -132.3551, 55.6433 ], [ -132.3278, 55.5753 ], [ -132.2762, 55.5413 ], [ -132.1984, 55.5143 ], [ -132.1474, 55.4565 ], [ -132.4626, 55.556 ], [ -132.5146, 55.6033 ], [ -132.5596, 55.5063 ], [ -132.4148, 55.5158 ], [ -132.3743, 55.481 ], [ -132.2806, 55.4443 ], [ -132.2301, 55.3822 ], [ -132.1517, 55.3466 ], [ -132.0943, 55.2667 ], [ -132.1883, 55.2242 ], [ -132.1025, 55.1987 ], [ -132.047, 55.2741 ], [ -131.9924, 55.2596 ], [ -131.9754, 55.1774 ], [ -132.032, 55.1404 ], [ -131.9931, 55.1096 ], [ -132.0874, 55.0791 ], [ -132.0861, 55.0425 ], [ -132.1393, 55.0208 ], [ -132.1438, 54.9883 ], [ -132.0157, 55.0322 ], [ -131.9671, 54.9603 ], [ -131.9742, 54.8504 ], [ -131.9556, 54.7898 ], [ -132.0106, 54.7581 ], [ -132.0181, 54.7102 ], [ -132.1669, 54.6917 ], [ -132.3226, 54.744 ], [ -132.3661, 54.7702 ], [ -132.4635, 54.7944 ], [ -132.4423, 54.8293 ], [ -132.3618, 54.8184 ], [ -132.353, 54.8629 ], [ -132.4224, 54.8968 ], [ -132.5232, 54.8962 ], [ -132.6163, 54.9713 ], [ -132.588, 55.0396 ], [ -132.5467, 55.0969 ], [ -132.5968, 55.1548 ], [ -132.6563, 55.1414 ], [ -132.7242, 55.1003 ], [ -132.6929, 55.0792 ], [ -132.6955, 55.0196 ], [ -132.7644, 54.997 ], [ -132.8939, 55.0366 ], [ -132.8604, 55.095 ], [ -132.9146, 55.1253 ], [ -132.8966, 55.1578 ], [ -132.9477, 55.1753 ], [ -132.9393, 55.2103 ], [ -133.0147, 55.203 ], [ -133.0368, 55.2373 ], [ -133.1012, 55.2609 ], [ -133.095, 55.2071 ], [ -133.0106, 55.1229 ], [ -133.0161, 55.0449 ], [ -132.9541, 55.0159 ], [ -132.9555, 54.9745 ], [ -132.9087, 54.9449 ], [ -132.9146, 54.9207 ], [ -132.7499, 54.8199 ], [ -132.7169, 54.7693 ], [ -132.7202, 54.6934 ], [ -132.8502, 54.6928 ], [ -132.9044, 54.7765 ], [ -133.0021, 54.823 ], [ -133.0758, 54.9181 ], [ -133.1473, 54.9376 ], [ -133.1668, 55.0249 ], [ -133.2393, 55.0873 ], [ -133.2013, 55.1365 ], [ -133.2562, 55.2201 ], [ -133.341, 55.2046 ], [ -133.3843, 55.2281 ], [ -133.4603, 55.2252 ], [ -133.4637, 55.3192 ], [ -133.2673, 55.3571 ], [ -133.2257, 55.3827 ], [ -133.1471, 55.3873 ], [ -133.0534, 55.4074 ], [ -133.0725, 55.4492 ], [ -133.1545, 55.4773 ], [ -133.1054, 55.538 ], [ -133.1295, 55.5968 ], [ -133.272, 55.5766 ], [ -133.36, 55.608 ], [ -133.4033, 55.6569 ], [ -133.3268, 55.7344 ], [ -133.3669, 55.7584 ], [ -133.4235, 55.7397 ], [ -133.4927, 55.7603 ], [ -133.4946, 55.7054 ], [ -133.5297, 55.693 ], [ -133.6436, 55.7287 ], [ -133.702, 55.7837 ], [ -133.6564, 55.8233 ], [ -133.5818, 55.8373 ], [ -133.4888, 55.8127 ], [ -133.4872, 55.7896 ], [ -133.3308, 55.8064 ], [ -133.3531, 55.8841 ], [ -133.4625, 55.9082 ], [ -133.5057, 55.9516 ], [ -133.4651, 55.9934 ], [ -133.5937, 55.9673 ], [ -133.6196, 55.9316 ], [ -133.6981, 55.9107 ], [ -133.8166, 55.9542 ] ], [ [ -133.8231, 55.4443 ], [ -133.7804, 55.4692 ], [ -133.7376, 55.5539 ], [ -133.6663, 55.5579 ], [ -133.5843, 55.5368 ], [ -133.6675, 55.438 ], [ -133.7302, 55.4699 ], [ -133.8231, 55.4443 ] ], [ [ -133.9435, 55.9013 ], [ -133.8796, 55.9386 ], [ -133.8411, 55.8922 ], [ -133.872, 55.8439 ], [ -133.9307, 55.8679 ], [ -133.9435, 55.9013 ] ], [ [ -134.367, 55.9105 ], [ -134.3375, 55.9281 ], [ -134.2638, 55.9261 ], [ -134.2293, 55.9055 ], [ -134.1497, 55.9227 ], [ -134.1305, 55.8988 ], [ -134.3142, 55.8268 ], [ -134.317, 55.8686 ], [ -134.367, 55.9105 ] ], [ [ 179.4825, 51.9828 ], [ 179.5392, 51.9852 ], [ 179.5829, 52.0168 ], [ 179.6633, 52.0229 ], [ 179.7739, 51.9707 ], [ 179.7348, 51.9076 ], [ 179.6144, 51.8718 ], [ 179.5219, 51.8968 ], [ 179.4756, 51.9375 ], [ 179.4825, 51.9828 ] ], [ [ 178.6255, 51.6373 ], [ 178.6455, 51.6576 ], [ 178.738, 51.6327 ], [ 178.8041, 51.635 ], [ 178.9039, 51.6149 ], [ 178.9208, 51.5861 ], [ 179.0029, 51.5525 ], [ 179.0768, 51.4985 ], [ 179.1911, 51.4629 ], [ 179.2303, 51.4134 ], [ 179.3862, 51.4044 ], [ 179.4628, 51.3762 ], [ 179.3995, 51.3594 ], [ 179.3668, 51.3718 ], [ 179.2616, 51.3577 ], [ 179.2182, 51.3874 ], [ 179.0604, 51.4549 ], [ 178.9516, 51.542 ], [ 178.8436, 51.5787 ], [ 178.7851, 51.5719 ], [ 178.706, 51.5932 ], [ 178.6255, 51.6373 ] ], [ [ 178.447, 51.9782 ], [ 178.5526, 51.974 ], [ 178.5902, 51.9455 ], [ 178.5394, 51.9033 ], [ 178.5025, 51.8997 ], [ 178.447, 51.9782 ] ], [ [ 178.0946, 52.0333 ], [ 178.1191, 52.0517 ], [ 178.18, 52.0333 ], [ 178.191, 52.0036 ], [ 178.1325, 51.987 ], [ 178.0946, 52.0333 ] ], [ [ 177.2033, 51.8966 ], [ 177.2913, 51.9194 ], [ 177.3456, 51.963 ], [ 177.4974, 51.9933 ], [ 177.5053, 52.0388 ], [ 177.5634, 52.122 ], [ 177.6027, 52.1373 ], [ 177.676, 52.0922 ], [ 177.6326, 52.0649 ], [ 177.6016, 52.0164 ], [ 177.5382, 51.9789 ], [ 177.5605, 51.9164 ], [ 177.4095, 51.9308 ], [ 177.3488, 51.9045 ], [ 177.2934, 51.8456 ], [ 177.2033, 51.8966 ] ], [ [ 173.3561, 52.4056 ], [ 173.3801, 52.4319 ], [ 173.4457, 52.455 ], [ 173.5301, 52.45 ], [ 173.6239, 52.507 ], [ 173.7695, 52.5121 ], [ 173.7077, 52.4774 ], [ 173.7257, 52.3566 ], [ 173.6513, 52.3564 ], [ 173.5888, 52.401 ], [ 173.4654, 52.3846 ], [ 173.3561, 52.4056 ] ], [ [ 172.4617, 52.9272 ], [ 172.6291, 53.0013 ], [ 172.7466, 53.0108 ], [ 173.1073, 52.9932 ], [ 173.2118, 52.9395 ], [ 173.2954, 52.927 ], [ 173.4217, 52.8455 ], [ 173.413, 52.8279 ], [ 173.3023, 52.8233 ], [ 173.2291, 52.8562 ], [ 173.1669, 52.7952 ], [ 173.1186, 52.7844 ], [ 172.9985, 52.797 ], [ 172.9036, 52.7617 ], [ 172.8094, 52.7893 ], [ 172.7634, 52.8237 ], [ 172.7542, 52.8775 ], [ 172.6404, 52.9254 ], [ 172.513, 52.9052 ], [ 172.4617, 52.9272 ] ], [ [ -166.3104, 53.7884 ], [ -166.1361, 53.8195 ], [ -166.132, 53.7686 ], [ -166.1853, 53.7295 ], [ -166.2909, 53.7383 ], [ -166.3104, 53.7884 ] ], [ [ -167.8522, 53.3111 ], [ -167.7539, 53.348 ], [ -167.6954, 53.3869 ], [ -167.498, 53.3942 ], [ -167.462, 53.4461 ], [ -167.3518, 53.4224 ], [ -167.3346, 53.4586 ], [ -167.287, 53.4789 ], [ -167.201, 53.4622 ], [ -167.1557, 53.4676 ], [ -167.1367, 53.5511 ], [ -167.1632, 53.6014 ], [ -167.1063, 53.6345 ], [ -167.0668, 53.6169 ], [ -167.007, 53.6423 ], [ -167.0699, 53.6842 ], [ -167.0018, 53.7155 ], [ -166.8957, 53.7167 ], [ -166.8586, 53.6726 ], [ -166.7894, 53.6963 ], [ -166.7692, 53.7221 ], [ -166.9254, 53.7601 ], [ -166.9632, 53.7775 ], [ -167.0085, 53.7557 ], [ -167.0736, 53.7874 ], [ -167.0936, 53.82 ], [ -167.152, 53.8292 ], [ -167.1557, 53.8589 ], [ -167.104, 53.8792 ], [ -167.0748, 53.9248 ], [ -166.8852, 53.989 ], [ -166.8348, 53.98 ], [ -166.7461, 54.0144 ], [ -166.6685, 54.0167 ], [ -166.6027, 53.9854 ], [ -166.603, 53.9554 ], [ -166.6472, 53.9226 ], [ -166.6172, 53.8685 ], [ -166.4481, 53.9023 ], [ -166.4164, 53.9448 ], [ -166.3374, 53.9463 ], [ -166.2631, 53.9716 ], [ -166.2384, 53.8824 ], [ -166.3316, 53.8721 ], [ -166.3882, 53.842 ], [ -166.4145, 53.8073 ], [ -166.474, 53.7884 ], [ -166.5495, 53.7278 ], [ -166.4775, 53.7221 ], [ -166.4568, 53.7495 ], [ -166.3369, 53.7857 ], [ -166.3081, 53.735 ], [ -166.2632, 53.704 ], [ -166.2871, 53.6835 ], [ -166.4279, 53.6577 ], [ -166.4496, 53.6353 ], [ -166.5531, 53.6244 ], [ -166.5749, 53.5566 ], [ -166.6241, 53.5555 ], [ -166.6581, 53.4862 ], [ -166.7386, 53.5079 ], [ -166.7658, 53.4433 ], [ -166.8743, 53.4305 ], [ -166.9823, 53.4487 ], [ -167.051, 53.4488 ], [ -167.0854, 53.4219 ], [ -167.14, 53.4255 ], [ -167.2206, 53.3824 ], [ -167.2964, 53.3697 ], [ -167.3073, 53.3343 ], [ -167.3718, 53.3357 ], [ -167.4528, 53.3207 ], [ -167.4955, 53.278 ], [ -167.602, 53.2866 ], [ -167.6254, 53.2522 ], [ -167.7915, 53.2768 ], [ -167.8522, 53.3111 ] ], [ [ -169.1159, 52.8221 ], [ -168.9895, 52.8722 ], [ -168.9161, 52.9294 ], [ -168.8545, 52.9538 ], [ -168.8725, 53.0048 ], [ -168.8005, 53.029 ], [ -168.7673, 53.0902 ], [ -168.8032, 53.1048 ], [ -168.793, 53.1529 ], [ -168.6895, 53.2288 ], [ -168.6143, 53.2731 ], [ -168.5363, 53.2505 ], [ -168.4524, 53.2737 ], [ -168.4381, 53.2543 ], [ -168.3447, 53.2634 ], [ -168.3711, 53.3173 ], [ -168.431, 53.3246 ], [ -168.3856, 53.3824 ], [ -168.4073, 53.4223 ], [ -168.3436, 53.4717 ], [ -168.2349, 53.5279 ], [ -168.0872, 53.5595 ], [ -168.0073, 53.5667 ], [ -167.9063, 53.5222 ], [ -167.7911, 53.5214 ], [ -167.8035, 53.4761 ], [ -167.854, 53.4477 ], [ -167.8409, 53.3862 ], [ -168.1193, 53.2758 ], [ -168.2704, 53.2416 ], [ -168.3325, 53.204 ], [ -168.3714, 53.1438 ], [ -168.4503, 53.0757 ], [ -168.4589, 53.0544 ], [ -168.5881, 53.0278 ], [ -168.6359, 52.9871 ], [ -168.7677, 52.9565 ], [ -168.7816, 52.9296 ], [ -168.9838, 52.8601 ], [ -169.0516, 52.8312 ], [ -169.1159, 52.8221 ] ], [ [ -169.7631, 52.9822 ], [ -169.7492, 53.0209 ], [ -169.6818, 53.0356 ], [ -169.6685, 53.0063 ], [ -169.6981, 52.9569 ], [ -169.7631, 52.9822 ] ], [ [ -169.7869, 56.6142 ], [ -169.5861, 56.6014 ], [ -169.4983, 56.6058 ], [ -169.5763, 56.5318 ], [ -169.6361, 56.5378 ], [ -169.6754, 56.5758 ], [ -169.7472, 56.5868 ], [ -169.7869, 56.6142 ] ], [ [ -170.011, 52.8316 ], [ -169.9879, 52.8573 ], [ -169.8888, 52.85 ], [ -169.87, 52.8748 ], [ -169.7459, 52.8907 ], [ -169.6739, 52.8698 ], [ -169.6739, 52.8207 ], [ -169.7488, 52.7959 ], [ -169.8577, 52.8274 ], [ -169.923, 52.7889 ], [ -169.9988, 52.8097 ], [ -170.011, 52.8316 ] ], [ [ -170.1215, 52.8996 ], [ -170.0877, 52.9227 ], [ -170.015, 52.9154 ], [ -170.0045, 52.8755 ], [ -170.0476, 52.8601 ], [ -170.1215, 52.8996 ] ], [ [ -170.1837, 52.7244 ], [ -170.1712, 52.7825 ], [ -170.1129, 52.7884 ], [ -170.0521, 52.7691 ], [ -170.0777, 52.7208 ], [ -170.1837, 52.7244 ] ], [ [ -170.4215, 57.1618 ], [ -170.4167, 57.1918 ], [ -170.3025, 57.219 ], [ -170.2319, 57.2107 ], [ -170.1321, 57.226 ], [ -170.1738, 57.1625 ], [ -170.2549, 57.1406 ], [ -170.4215, 57.1618 ] ], [ [ -170.8424, 52.5616 ], [ -170.8198, 52.6352 ], [ -170.7535, 52.649 ], [ -170.7261, 52.6822 ], [ -170.6641, 52.7006 ], [ -170.5628, 52.6746 ], [ -170.564, 52.6414 ], [ -170.6085, 52.6017 ], [ -170.6836, 52.6016 ], [ -170.7359, 52.5842 ], [ -170.7948, 52.5434 ], [ -170.8424, 52.5616 ] ], [ [ -171.3149, 52.4826 ], [ -171.2507, 52.5302 ], [ -171.1956, 52.4943 ], [ -171.2419, 52.4525 ], [ -171.3063, 52.458 ], [ -171.3149, 52.4826 ] ], [ [ -172.6322, 52.2711 ], [ -172.5717, 52.3489 ], [ -172.4759, 52.3844 ], [ -172.4071, 52.3914 ], [ -172.3778, 52.367 ], [ -172.3055, 52.3543 ], [ -172.3162, 52.317 ], [ -172.4438, 52.2833 ], [ -172.4747, 52.2657 ], [ -172.6185, 52.2563 ], [ -172.6322, 52.2711 ] ], [ [ -174.0538, 52.1306 ], [ -173.9449, 52.127 ], [ -173.8993, 52.1117 ], [ -173.7897, 52.1123 ], [ -173.7716, 52.1317 ], [ -173.5951, 52.1525 ], [ -173.4955, 52.1038 ], [ -173.3545, 52.0984 ], [ -173.2735, 52.1093 ], [ -173.2328, 52.0949 ], [ -173.187, 52.1098 ], [ -173.0282, 52.0991 ], [ -173.1511, 52.06 ], [ -173.3452, 52.0522 ], [ -173.3745, 52.0395 ], [ -173.4776, 52.0453 ], [ -173.548, 52.025 ], [ -173.5722, 52.0448 ], [ -173.6568, 52.0589 ], [ -173.8361, 52.0408 ], [ -173.9359, 52.0556 ], [ -173.9844, 52.107 ], [ -174.0538, 52.1306 ] ], [ [ -175.342, 52.0236 ], [ -175.1286, 52.0589 ], [ -175.0939, 52.0363 ], [ -175.0316, 52.0791 ], [ -174.9898, 52.0605 ], [ -174.9263, 52.0953 ], [ -174.7476, 52.0958 ], [ -174.5988, 52.1229 ], [ -174.4556, 52.2011 ], [ -174.3953, 52.219 ], [ -174.3407, 52.1973 ], [ -174.2285, 52.253 ], [ -174.2415, 52.2762 ], [ -174.3543, 52.2795 ], [ -174.448, 52.3026 ], [ -174.4402, 52.327 ], [ -174.3454, 52.3183 ], [ -174.3322, 52.3738 ], [ -174.2737, 52.3954 ], [ -174.154, 52.4203 ], [ -174.0104, 52.3609 ], [ -173.9889, 52.3113 ], [ -174.0626, 52.2242 ], [ -174.1892, 52.2311 ], [ -174.1516, 52.1702 ], [ -174.0888, 52.1389 ], [ -174.22, 52.101 ], [ -174.2722, 52.0961 ], [ -174.33, 52.1217 ], [ -174.3958, 52.0895 ], [ -174.435, 52.0383 ], [ -174.489, 52.0737 ], [ -174.5982, 52.0482 ], [ -174.6253, 52.0303 ], [ -174.6886, 52.0395 ], [ -174.7358, 52.0076 ], [ -174.7913, 52.032 ], [ -174.8939, 52.0466 ], [ -174.9676, 52.0381 ], [ -175.0252, 52.0064 ], [ -175.2117, 52.006 ], [ -175.342, 52.0236 ] ], [ [ -176.1162, 51.888 ], [ -175.9898, 51.9119 ], [ -175.9635, 51.8462 ], [ -176.1162, 51.888 ] ], [ [ -176.2125, 52.0616 ], [ -176.1436, 52.1144 ], [ -176.0533, 52.1053 ], [ -176.0125, 52.0508 ], [ -176.0503, 52.0183 ], [ -176.0229, 51.9824 ], [ -176.1812, 52.0007 ], [ -176.2125, 52.0616 ] ], [ [ -176.235, 51.829 ], [ -176.1715, 51.8802 ], [ -176.1339, 51.8558 ], [ -176.0285, 51.844 ], [ -176.1092, 51.7989 ], [ -176.1682, 51.8004 ], [ -176.235, 51.829 ] ], [ [ -176.992, 51.6293 ], [ -176.9694, 51.6774 ], [ -176.8645, 51.7214 ], [ -176.8673, 51.7557 ], [ -176.9141, 51.8053 ], [ -176.8477, 51.8061 ], [ -176.7971, 51.8293 ], [ -176.7628, 51.8823 ], [ -176.8088, 51.9298 ], [ -176.7712, 51.9651 ], [ -176.6673, 51.9526 ], [ -176.5901, 52.0013 ], [ -176.5568, 51.9929 ], [ -176.5491, 51.9171 ], [ -176.6192, 51.9012 ], [ -176.625, 51.8693 ], [ -176.5429, 51.8358 ], [ -176.4541, 51.8394 ], [ -176.3998, 51.8679 ], [ -176.2807, 51.8608 ], [ -176.2903, 51.8372 ], [ -176.2664, 51.7832 ], [ -176.3186, 51.735 ], [ -176.4747, 51.7462 ], [ -176.5706, 51.6936 ], [ -176.7258, 51.6798 ], [ -176.7588, 51.6382 ], [ -176.8131, 51.6474 ], [ -176.8365, 51.681 ], [ -176.9047, 51.6389 ], [ -176.9415, 51.5911 ], [ -176.992, 51.6293 ] ], [ [ -177.7053, 51.7072 ], [ -177.64, 51.7361 ], [ -177.5156, 51.725 ], [ -177.4464, 51.7586 ], [ -177.2879, 51.782 ], [ -177.2082, 51.8173 ], [ -177.1975, 51.9313 ], [ -177.1813, 51.9432 ], [ -177.089, 51.93 ], [ -177.0548, 51.909 ], [ -177.0677, 51.8593 ], [ -177.1327, 51.8309 ], [ -177.1153, 51.7845 ], [ -177.1228, 51.7294 ], [ -177.1465, 51.7058 ], [ -177.2053, 51.7033 ], [ -177.2775, 51.6786 ], [ -177.3645, 51.733 ], [ -177.4447, 51.7254 ], [ -177.5058, 51.6985 ], [ -177.6081, 51.7052 ], [ -177.6749, 51.6867 ], [ -177.7053, 51.7072 ] ], [ [ -178.2269, 51.8777 ], [ -178.1951, 51.9081 ], [ -178.1266, 51.9188 ], [ -177.977, 51.9172 ], [ -177.9043, 51.8766 ], [ -177.9243, 51.8575 ], [ -177.8252, 51.8296 ], [ -177.7862, 51.8438 ], [ -177.7133, 51.8156 ], [ -177.786, 51.7942 ], [ -177.8402, 51.7318 ], [ -177.8293, 51.6939 ], [ -177.9187, 51.6723 ], [ -177.9648, 51.6474 ], [ -178.0846, 51.6599 ], [ -178.0802, 51.7028 ], [ -177.9596, 51.7213 ], [ -177.9591, 51.7724 ], [ -178.0149, 51.7905 ], [ -178.0584, 51.7803 ], [ -178.0988, 51.8183 ], [ -178.2096, 51.8541 ], [ -178.2269, 51.8777 ] ], [ [ -178.8706, 51.7854 ], [ -178.8595, 51.8193 ], [ -178.7951, 51.8345 ], [ -178.7337, 51.7819 ], [ -178.7703, 51.7477 ], [ -178.8132, 51.7464 ], [ -178.8706, 51.7854 ] ], [ [ -178.9904, 51.3831 ], [ -178.922, 51.3781 ], [ -178.9085, 51.3422 ], [ -178.9547, 51.3328 ], [ -178.9904, 51.3831 ] ], [ [ -179.1467, 51.2771 ], [ -179.0744, 51.2823 ], [ -179.0983, 51.2261 ], [ -179.1404, 51.2312 ], [ -179.1467, 51.2771 ] ], [ [ -150.7749, 59.3189 ], [ -150.7114, 59.3692 ], [ -150.6969, 59.4182 ], [ -150.6119, 59.394 ], [ -150.6187, 59.3513 ], [ -150.7209, 59.2886 ], [ -150.7749, 59.3189 ] ], [ [ -152.0864, 60.3445 ], [ -152.0115, 60.3715 ], [ -151.9659, 60.4327 ], [ -151.9697, 60.4763 ], [ -151.9257, 60.5151 ], [ -151.8368, 60.4858 ], [ -151.8958, 60.4643 ], [ -151.9818, 60.3945 ], [ -151.9571, 60.3707 ], [ -152.0864, 60.3445 ] ], [ [ -153.5762, 59.3756 ], [ -153.4193, 59.414 ], [ -153.3477, 59.374 ], [ -153.3634, 59.3381 ], [ -153.5132, 59.3203 ], [ -153.5762, 59.3756 ] ], [ [ -157.3293, 56.5384 ], [ -157.2703, 56.5795 ], [ -157.0771, 56.5806 ], [ -157.1503, 56.5282 ], [ -157.3293, 56.5384 ] ], [ [ -157.904, 56.3464 ], [ -157.8303, 56.3669 ], [ -157.7996, 56.3221 ], [ -157.8277, 56.3097 ], [ -157.904, 56.3464 ] ], [ [ -158.899, 55.8263 ], [ -158.8697, 55.8786 ], [ -158.7999, 55.8932 ], [ -158.7457, 55.8506 ], [ -158.8462, 55.8566 ], [ -158.899, 55.8263 ] ], [ [ -159.1849, 55.8425 ], [ -159.148, 55.8767 ], [ -159.0967, 55.8549 ], [ -159.1406, 55.8274 ], [ -159.1849, 55.8425 ] ], [ [ -159.3994, 55.7188 ], [ -159.3709, 55.7725 ], [ -159.334, 55.7589 ], [ -159.3994, 55.7188 ] ], [ [ -134.284, 57.9564 ], [ -134.2011, 57.9395 ], [ -134.2367, 57.9046 ], [ -134.284, 57.9564 ] ], [ [ -134.1755, 58.1572 ], [ -134.2015, 58.1143 ], [ -134.1899, 58.0836 ], [ -134.1015, 58.0207 ], [ -134.1012, 57.9877 ], [ -133.9914, 57.9122 ], [ -134.0059, 57.894 ], [ -133.8999, 57.807 ], [ -133.8925, 57.6839 ], [ -133.8101, 57.6288 ], [ -133.8006, 57.5846 ], [ -133.9696, 57.6964 ], [ -134.0216, 57.7672 ], [ -134.0411, 57.819 ], [ -134.1459, 57.883 ], [ -134.1599, 57.958 ], [ -134.2248, 58.0144 ], [ -134.3094, 57.9519 ], [ -134.2507, 57.8742 ], [ -134.1038, 57.7195 ], [ -134.0466, 57.6749 ], [ -133.9349, 57.6086 ], [ -133.946, 57.5686 ], [ -133.8868, 57.5065 ], [ -133.9301, 57.4659 ], [ -133.8781, 57.4227 ], [ -133.8621, 57.3667 ], [ -133.9344, 57.3346 ], [ -134.0121, 57.3244 ], [ -134.1571, 57.3427 ], [ -134.0974, 57.2623 ], [ -134.1514, 57.2454 ], [ -134.1578, 57.2059 ], [ -134.2137, 57.1739 ], [ -134.2588, 57.182 ], [ -134.3736, 57.092 ], [ -134.5462, 57.0221 ], [ -134.6082, 57.0443 ], [ -134.6382, 57.1355 ], [ -134.6037, 57.1569 ], [ -134.6439, 57.1875 ], [ -134.6517, 57.2311 ], [ -134.5359, 57.3382 ], [ -134.568, 57.3776 ], [ -134.4875, 57.373 ], [ -134.4665, 57.393 ], [ -134.5816, 57.4723 ], [ -134.612, 57.5635 ], [ -134.6736, 57.6183 ], [ -134.7342, 57.742 ], [ -134.7057, 57.8309 ], [ -134.7437, 57.8997 ], [ -134.7587, 57.9807 ], [ -134.8095, 58.0454 ], [ -134.7706, 58.0856 ], [ -134.7769, 58.0991 ], [ -134.8014, 58.1047 ], [ -134.8561, 58.1765 ], [ -134.8984, 58.1941 ], [ -134.9566, 58.311 ], [ -134.97, 58.3691 ], [ -134.9174, 58.3783 ], [ -134.8861, 58.3208 ], [ -134.8357, 58.3413 ], [ -134.8029, 58.2978 ], [ -134.7105, 58.2291 ], [ -134.6959, 58.1609 ], [ -134.5364, 58.1826 ], [ -134.4204, 58.17 ], [ -134.3204, 58.144 ], [ -134.1755, 58.1572 ] ], [ [ -135.7327, 58.3692 ], [ -135.6188, 58.3789 ], [ -135.5524, 58.3291 ], [ -135.6876, 58.3341 ], [ -135.7327, 58.3692 ] ], [ [ -136.1579, 58.2812 ], [ -136.0386, 58.3194 ], [ -136.0371, 58.2729 ], [ -136.1317, 58.2628 ], [ -136.1579, 58.2812 ] ], [ [ -164.9432, 62.6574 ], [ -164.8428, 62.6559 ], [ -164.8163, 62.6035 ], [ -164.8788, 62.5956 ], [ -164.9388, 62.6218 ], [ -164.9432, 62.6574 ] ], [ [ -132.061, 56.0577 ], [ -132.0113, 56.0758 ], [ -131.9838, 56.0251 ], [ -132.0253, 55.9972 ], [ -132.061, 56.0577 ] ], [ [ -132.5623, 56.3865 ], [ -132.4926, 56.4403 ], [ -132.4037, 56.4052 ], [ -132.494, 56.3549 ], [ -132.5623, 56.3865 ] ], [ [ -133.0701, 56.3552 ], [ -133.0048, 56.4293 ], [ -132.9541, 56.453 ], [ -132.8716, 56.4566 ], [ -132.8267, 56.4418 ], [ -132.75, 56.458 ], [ -132.6711, 56.442 ], [ -132.6226, 56.3885 ], [ -132.678, 56.3505 ], [ -132.6572, 56.2779 ], [ -132.7268, 56.2563 ], [ -132.8725, 56.2322 ], [ -132.9521, 56.2894 ], [ -133.066, 56.3309 ], [ -133.0701, 56.3552 ] ] ] } },
{ "type": "Feature", "properties": { }, "geometry": { "type": "LineString", "coordinates": [ [ -80.9077, 32.0382 ], [ -80.8473, 31.9875 ], [ -80.9214, 31.9387 ], [ -80.9325, 31.9619 ], [ -80.9836, 31.9317 ], [ -80.9301, 31.9081 ], [ -80.9927, 31.8576 ], [ -81.0415, 31.8762 ], [ -81.0758, 31.829 ], [ -81.0359, 31.8104 ], [ -81.1306, 31.7227 ], [ -81.1547, 31.7262 ], [ -81.1984, 31.7261 ], [ -81.1863, 31.7015 ], [ -81.1356, 31.6835 ], [ -81.1288, 31.6314 ], [ -81.1604, 31.5704 ], [ -81.1922, 31.5803 ], [ -81.2161, 31.5584 ], [ -81.2765, 31.5485 ], [ -81.2952, 31.5215 ], [ -81.2629, 31.4958 ], [ -81.2367, 31.5292 ], [ -81.1793, 31.5163 ], [ -81.2686, 31.383 ], [ -81.2943, 31.3686 ], [ -81.2835, 31.2934 ], [ -81.2712, 31.2659 ], [ -81.2905, 31.2177 ], [ -81.3311, 31.197 ], [ -81.3658, 31.1479 ], [ -81.4095, 31.1206 ], [ -81.4013, 31.0728 ], [ -81.4205, 31.0167 ], [ -81.4431, 31.0167 ], [ -81.4906, 30.985 ], [ -81.4034, 30.9579 ], [ -81.4041, 30.9037 ], [ -81.4469, 30.8104 ], [ -81.4595, 30.742 ], [ -81.4441, 30.7097 ] ] } },
{ "type": "Feature", "properties": { }, "geometry": { "type": "LineString", "coordinates": [ [ -117.0324, 48.9992 ], [ -116.5403, 48.9999 ], [ -116.0491, 49.0008 ] ] } },
{ "type": "Feature", "properties": { }, "geometry": { "type": "LineString", "coordinates": [ [ -87.8021, 42.4926 ], [ -87.8033, 42.3905 ], [ -87.8258, 42.3555 ], [ -87.8348, 42.3015 ], [ -87.8018, 42.2106 ], [ -87.7591, 42.1523 ], [ -87.6824, 42.0757 ], [ -87.6392, 41.9662 ], [ -87.6095, 41.8452 ], [ -87.5729, 41.7793 ], [ -87.5311, 41.7481 ], [ -87.5242, 41.7083 ] ] } },
{ "type": "Feature", "properties": { }, "geometry": { "type": "LineString", "coordinates": [ [ -87.5242, 41.7083 ], [ -87.4763, 41.6752 ], [ -87.4249, 41.6901 ], [ -87.4115, 41.6437 ], [ -87.2888, 41.6208 ], [ -87.2226, 41.6242 ], [ -87.1621, 41.6354 ], [ -87.0279, 41.6747 ], [ -86.9327, 41.7095 ], [ -86.8248, 41.7602 ] ] } },
{ "type": "Feature", "properties": { }, "geometry": { "type": "LineString", "coordinates": [ [ -109.05, 31.3325 ], [ -109.487, 31.334 ], [ -110.0006, 31.3331 ], [ -110.4597, 31.3328 ], [ -111.0748, 31.3322 ], [ -111.3664, 31.4261 ], [ -111.7702, 31.5545 ], [ -112.2461, 31.7042 ], [ -112.8671, 31.8955 ], [ -113.126, 31.9728 ], [ -113.3338, 32.0388 ], [ -113.7508, 32.169 ], [ -114.2508, 32.3239 ], [ -114.8136, 32.4943 ], [ -114.7933, 32.562 ], [ -114.8094, 32.6171 ], [ -114.7644, 32.6427 ], [ -114.7196, 32.7188 ] ] } },
{ "type": "Feature", "properties": { }, "geometry": { "type": "MultiLineString", "coordinates": [ [ [ -89.5281, 30.189 ], [ -89.5871, 30.1506 ], [ -89.6255, 30.1551 ], [ -89.6807, 30.1046 ], [ -89.6849, 30.0752 ], [ -89.7209, 30.0684 ], [ -89.7333, 30.0221 ], [ -89.7679, 30.0457 ], [ -89.8183, 30.0457 ], [ -89.8599, 30.0017 ], [ -89.8462, 29.9564 ], [ -89.8193, 29.9331 ], [ -89.7473, 29.9455 ], [ -89.7449, 29.9079 ], [ -89.7053, 29.8743 ], [ -89.6348, 29.8632 ], [ -89.5964, 29.8796 ], [ -89.5704, 29.9615 ], [ -89.5801, 29.9905 ], [ -89.4915, 30.0375 ], [ -89.4804, 30.0745 ], [ -89.4304, 30.0338 ], [ -89.4235, 29.9634 ], [ -89.3805, 29.9416 ], [ -89.3701, 29.8921 ], [ -89.3176, 29.9212 ], [ -89.2752, 29.99 ], [ -89.2255, 29.9671 ], [ -89.2427, 29.9311 ], [ -89.2798, 29.9272 ], [ -89.3157, 29.9023 ], [ -89.3152, 29.8528 ], [ -89.3836, 29.8401 ], [ -89.3365, 29.7852 ], [ -89.3947, 29.7902 ], [ -89.4308, 29.7408 ], [ -89.4242, 29.6976 ], [ -89.5188, 29.7021 ], [ -89.5315, 29.6664 ], [ -89.5055, 29.6356 ], [ -89.5291, 29.6516 ], [ -89.5461, 29.6529 ], [ -89.6747, 29.6266 ], [ -89.6772, 29.5377 ], [ -89.6402, 29.5036 ], [ -89.5721, 29.4752 ], [ -89.5393, 29.4419 ], [ -89.5386, 29.3867 ], [ -89.4701, 29.4015 ], [ -89.4381, 29.388 ], [ -89.3837, 29.3884 ], [ -89.3386, 29.3554 ], [ -89.3084, 29.3715 ], [ -89.2667, 29.3499 ], [ -89.2354, 29.3043 ], [ -89.2004, 29.3444 ], [ -89.1403, 29.2911 ], [ -89.1151, 29.2529 ], [ -89.122, 29.2021 ], [ -89.0711, 29.1936 ], [ -89.026, 29.2152 ], [ -89.0184, 29.1764 ], [ -89.0802, 29.171 ], [ -89.097, 29.1388 ], [ -89.0395, 29.1355 ], [ -89.0666, 29.0907 ], [ -89.1037, 29.1167 ], [ -89.1165, 29.0741 ], [ -89.147, 29.071 ], [ -89.1586, 29.0218 ], [ -89.2187, 29.0225 ], [ -89.2215, 29.0646 ], [ -89.2832, 29.0533 ], [ -89.4052, 28.9316 ], [ -89.3996, 28.9718 ], [ -89.3703, 29.0005 ], [ -89.343, 29.0577 ], [ -89.3197, 29.0575 ], [ -89.2765, 29.1736 ], [ -89.3186, 29.2016 ], [ -89.3506, 29.1296 ], [ -89.3996, 29.1237 ], [ -89.4828, 29.2151 ], [ -89.606, 29.2537 ], [ -89.6397, 29.2905 ], [ -89.8426, 29.3188 ], [ -89.8254, 29.355 ], [ -89.7906, 29.3283 ], [ -89.7597, 29.3502 ], [ -89.6886, 29.3589 ], [ -89.6088, 29.3875 ], [ -89.768, 29.3894 ], [ -89.8436, 29.4217 ], [ -89.8364, 29.4749 ], [ -89.891, 29.4451 ], [ -89.9774, 29.4596 ], [ -89.9704, 29.4318 ], [ -90.0308, 29.375 ], [ -90.0351, 29.3574 ], [ -90.0304, 29.3449 ], [ -90.0324, 29.2816 ], [ -90.0753, 29.296 ], [ -90.1081, 29.265 ], [ -90.0636, 29.2083 ], [ -90.0888, 29.1669 ], [ -90.1867, 29.103 ], [ -90.2229, 29.0871 ], [ -90.2539, 29.1437 ], [ -90.3076, 29.2707 ], [ -90.3766, 29.2933 ], [ -90.3967, 29.2644 ], [ -90.3976, 29.31 ], [ -90.4402, 29.3494 ], [ -90.4791, 29.2922 ], [ -90.5322, 29.3032 ], [ -90.5879, 29.2713 ], [ -90.6118, 29.2148 ], [ -90.6357, 29.2139 ], [ -90.6495, 29.1718 ], [ -90.6759, 29.1741 ], [ -90.6943, 29.1251 ], [ -90.7232, 29.136 ], [ -90.8515, 29.0743 ], [ -90.8992, 29.1428 ], [ -90.9597, 29.1863 ], [ -91.0108, 29.1758 ], [ -91.0383, 29.2104 ], [ -91.0647, 29.1841 ], [ -91.1299, 29.2207 ], [ -91.2152, 29.227 ], [ -91.2883, 29.2557 ], [ -91.3356, 29.303 ], [ -91.2957, 29.3095 ], [ -91.2655, 29.361 ], [ -91.2404, 29.3559 ], [ -91.1993, 29.3051 ], [ -91.1688, 29.3089 ], [ -91.1655, 29.2538 ], [ -91.1293, 29.2479 ], [ -91.1189, 29.3062 ], [ -91.1331, 29.3411 ], [ -91.2196, 29.3971 ], [ -91.2212, 29.4364 ], [ -91.2565, 29.445 ], [ -91.2734, 29.4792 ], [ -91.3396, 29.4905 ], [ -91.3521, 29.5138 ], [ -91.4245, 29.5186 ], [ -91.449, 29.5459 ], [ -91.5173, 29.5297 ], [ -91.5546, 29.6358 ], [ -91.6261, 29.6288 ], [ -91.6168, 29.7197 ], [ -91.6279, 29.7411 ], [ -91.7138, 29.7371 ], [ -91.7729, 29.7456 ], [ -91.8518, 29.7083 ], [ -91.855, 29.7388 ], [ -91.826, 29.7824 ], [ -91.8308, 29.8293 ], [ -91.882, 29.8355 ], [ -91.9375, 29.8168 ], [ -91.9722, 29.8336 ], [ -91.9775, 29.8033 ], [ -92.1159, 29.7395 ], [ -92.1319, 29.7658 ], [ -92.2001, 29.7257 ], [ -92.1691, 29.7002 ], [ -92.1039, 29.6991 ], [ -92.1363, 29.6626 ], [ -92.1058, 29.6118 ], [ -92.1454, 29.5865 ], [ -92.2555, 29.5402 ], [ -92.3235, 29.5315 ], [ -92.4677, 29.5626 ], [ -92.6161, 29.5858 ], [ -92.7413, 29.6221 ], [ -92.966, 29.7163 ], [ -93.0649, 29.7456 ], [ -93.1769, 29.7705 ], [ -93.2506, 29.7779 ], [ -93.3464, 29.7626 ], [ -93.4716, 29.7693 ], [ -93.682, 29.7464 ], [ -93.7397, 29.7358 ], [ -93.838, 29.6906 ] ], [ [ -89.3422, 30.0592 ], [ -89.303, 30.0916 ], [ -89.2277, 30.1197 ], [ -89.2208, 30.0714 ], [ -89.1768, 30.0607 ], [ -89.184, 30.0328 ], [ -89.3085, 30.0398 ], [ -89.3422, 30.0592 ] ], [ [ -92.0319, 29.5776 ], [ -91.9827, 29.6142 ], [ -91.9399, 29.6103 ], [ -91.9031, 29.6374 ], [ -91.7847, 29.5941 ], [ -91.7132, 29.5555 ], [ -91.7654, 29.5248 ], [ -91.7683, 29.4904 ], [ -91.8465, 29.4793 ], [ -91.8782, 29.5036 ], [ -91.9931, 29.551 ], [ -92.0319, 29.5776 ] ], [ [ -90.0427, 29.2027 ], [ -89.9848, 29.2616 ], [ -89.9556, 29.2528 ], [ -90.0427, 29.2027 ] ] ] } },
{ "type": "Feature", "properties": { }, "geometry": { "type": "MultiLineString", "coordinates": [ [ [ -71.0839, 45.3055 ], [ -71.0325, 45.3101 ], [ -70.9524, 45.3391 ], [ -70.9179, 45.3119 ], [ -70.9217, 45.2794 ], [ -70.885, 45.2349 ], [ -70.8351, 45.2767 ], [ -70.8064, 45.3206 ], [ -70.8062, 45.3766 ], [ -70.8256, 45.4003 ], [ -70.7815, 45.4312 ], [ -70.7123, 45.3906 ], [ -70.6512, 45.3771 ], [ -70.6238, 45.406 ], [ -70.6507, 45.4449 ], [ -70.7178, 45.4902 ], [ -70.6887, 45.5616 ], [ -70.6447, 45.6071 ], [ -70.5923, 45.6299 ], [ -70.5528, 45.6678 ], [ -70.5268, 45.6665 ], [ -70.466, 45.7063 ], [ -70.4004, 45.7198 ], [ -70.3885, 45.7497 ], [ -70.4169, 45.7953 ], [ -70.3424, 45.8522 ], [ -70.2842, 45.872 ], [ -70.2402, 45.9437 ], [ -70.3053, 45.9649 ], [ -70.3176, 46.0195 ], [ -70.2898, 46.0943 ], [ -70.2396, 46.1428 ], [ -70.2927, 46.1916 ], [ -70.2709, 46.2119 ], [ -70.2074, 46.3313 ], [ -70.1485, 46.3589 ], [ -70.0892, 46.4107 ], [ -70.057, 46.4152 ], [ -70.0234, 46.5735 ], [ -69.9971, 46.6952 ], [ -69.5664, 47.125 ], [ -69.2244, 47.4597 ], [ -69.1784, 47.4566 ], [ -69.0357, 47.4144 ], [ -69.0545, 47.378 ], [ -69.0415, 47.2456 ], [ -68.9075, 47.1849 ], [ -68.8632, 47.1886 ], [ -68.8122, 47.2155 ], [ -68.7179, 47.2409 ], [ -68.6124, 47.2448 ], [ -68.5786, 47.2876 ], [ -68.4749, 47.2975 ], [ -68.3835, 47.2862 ], [ -68.3786, 47.3431 ], [ -68.3299, 47.3602 ], [ -68.2229, 47.3445 ], [ -68.1525, 47.3215 ], [ -68.1371, 47.2961 ], [ -67.9523, 47.1961 ], [ -67.8889, 47.1101 ], [ -67.7905, 47.0679 ], [ -67.7884, 46.6018 ], [ -67.7821, 46.2794 ], [ -67.7811, 45.943 ], [ -67.7504, 45.9179 ], [ -67.8039, 45.8829 ], [ -67.7551, 45.8237 ], [ -67.802, 45.8035 ], [ -67.8055, 45.6802 ], [ -67.7339, 45.6645 ], [ -67.6085, 45.6062 ], [ -67.4994, 45.587 ], [ -67.4554, 45.6047 ], [ -67.4297, 45.5838 ], [ -67.4242, 45.5059 ], [ -67.4629, 45.5087 ], [ -67.4998, 45.4781 ], [ -67.4726, 45.4233 ], [ -67.427, 45.3902 ], [ -67.4289, 45.3442 ], [ -67.4766, 45.2749 ], [ -67.4636, 45.2441 ], [ -67.3542, 45.1298 ], [ -67.3216, 45.1314 ], [ -67.2898, 45.1887 ], [ -67.2273, 45.1637 ], [ -67.1579, 45.161 ], [ -67.1124, 45.1123 ], [ -67.0821, 45.0296 ], [ -67.0335, 44.9399 ], [ -66.9845, 44.9126 ], [ -66.9965, 44.8447 ], [ -66.9763, 44.8083 ], [ -67.1392, 44.6938 ], [ -67.1894, 44.6455 ], [ -67.2408, 44.6658 ], [ -67.308, 44.6614 ], [ -67.3085, 44.7075 ], [ -67.3834, 44.6889 ], [ -67.362, 44.6402 ], [ -67.4055, 44.5942 ], [ -67.5434, 44.6266 ], [ -67.5751, 44.5607 ], [ -67.5647, 44.5321 ], [ -67.6531, 44.5258 ], [ -67.6964, 44.5338 ], [ -67.8585, 44.5193 ], [ -67.8497, 44.4957 ], [ -67.8822, 44.4525 ], [ -67.9546, 44.4285 ], [ -67.982, 44.4734 ], [ -67.9716, 44.4109 ], [ -68.0761, 44.3479 ], [ -68.0776, 44.3885 ], [ -68.1123, 44.4016 ], [ -68.1152, 44.4679 ], [ -68.171, 44.4702 ], [ -68.2186, 44.4934 ], [ -68.2433, 44.4727 ], [ -68.2941, 44.4717 ], [ -68.2943, 44.433 ], [ -68.2474, 44.4333 ], [ -68.1969, 44.3864 ], [ -68.1745, 44.3452 ], [ -68.1889, 44.3073 ], [ -68.2243, 44.2902 ], [ -68.32, 44.288 ], [ -68.291, 44.2461 ], [ -68.3106, 44.2282 ], [ -68.4045, 44.2539 ], [ -68.4309, 44.2986 ], [ -68.398, 44.3762 ], [ -68.3564, 44.3922 ], [ -68.383, 44.433 ], [ -68.4339, 44.414 ], [ -68.4256, 44.4786 ], [ -68.4669, 44.4903 ], [ -68.4584, 44.4201 ], [ -68.5664, 44.3945 ], [ -68.5454, 44.355 ], [ -68.564, 44.308 ], [ -68.5192, 44.2591 ], [ -68.5487, 44.2436 ], [ -68.6323, 44.2864 ], [ -68.6894, 44.2967 ], [ -68.7393, 44.3332 ], [ -68.7951, 44.3079 ], [ -68.8272, 44.3122 ], [ -68.8097, 44.374 ], [ -68.817, 44.4254 ], [ -68.7778, 44.485 ], [ -68.8023, 44.5249 ], [ -68.8313, 44.458 ], [ -68.8971, 44.4506 ], [ -68.9945, 44.4222 ], [ -68.9482, 44.3559 ], [ -68.9545, 44.3241 ], [ -69.0284, 44.249 ], [ -69.081, 44.1568 ], [ -69.0982, 44.0831 ], [ -69.0533, 44.0773 ], [ -69.1773, 43.9856 ], [ -69.2037, 43.9418 ], [ -69.2675, 43.9437 ], [ -69.3683, 43.9951 ], [ -69.4377, 43.9758 ], [ -69.4625, 43.898 ], [ -69.5033, 43.8377 ], [ -69.5517, 43.8346 ], [ -69.6046, 43.858 ], [ -69.6859, 43.8101 ], [ -69.7028, 43.8547 ], [ -69.7216, 43.782 ], [ -69.7541, 43.7439 ], [ -69.8335, 43.7178 ], [ -69.8874, 43.7771 ], [ -69.9319, 43.7837 ], [ -69.9946, 43.7435 ], [ -70.0193, 43.7674 ], [ -69.9541, 43.8477 ], [ -70.0192, 43.8587 ], [ -70.0441, 43.835 ], [ -70.1869, 43.7734 ], [ -70.1938, 43.7416 ], [ -70.2514, 43.6852 ], [ -70.2075, 43.6235 ], [ -70.1969, 43.5651 ], [ -70.2725, 43.5626 ], [ -70.3142, 43.5353 ], [ -70.3534, 43.5354 ], [ -70.3849, 43.496 ], [ -70.362, 43.4391 ], [ -70.4277, 43.3893 ], [ -70.4163, 43.3611 ], [ -70.4725, 43.3427 ], [ -70.5177, 43.344 ], [ -70.5628, 43.3106 ], [ -70.5939, 43.2493 ], [ -70.5758, 43.2219 ], [ -70.619, 43.1636 ], [ -70.6345, 43.1203 ], [ -70.6731, 43.0703 ], [ -70.7038, 43.0598 ] ], [ [ -68.6711, 44.0759 ], [ -68.6013, 44.0863 ], [ -68.6011, 44.0453 ], [ -68.6711, 44.0759 ] ], [ [ -68.9118, 44.0964 ], [ -68.8061, 44.1168 ], [ -68.7721, 44.0789 ], [ -68.8147, 44.0324 ], [ -68.87, 44.0317 ], [ -68.8798, 44.0751 ], [ -68.9118, 44.0964 ] ], [ [ -68.9443, 44.1127 ], [ -68.9159, 44.149 ], [ -68.8461, 44.1844 ], [ -68.8296, 44.1507 ], [ -68.9443, 44.1127 ] ], [ [ -68.5012, 44.154 ], [ -68.4515, 44.1916 ], [ -68.3833, 44.1558 ], [ -68.4385, 44.1162 ], [ -68.5012, 44.154 ] ], [ [ -68.7316, 44.2227 ], [ -68.6625, 44.27 ], [ -68.6092, 44.2445 ], [ -68.5649, 44.2056 ], [ -68.6414, 44.1579 ], [ -68.7091, 44.1574 ], [ -68.7316, 44.2227 ] ] ] } },
{ "type": "Feature", "properties": { }, "geometry": { "type": "MultiLineString", "coordinates": [ [ [ -75.0489, 38.4513 ], [ -75.0855, 38.3243 ], [ -75.1029, 38.3115 ], [ -75.1938, 38.096 ], [ -75.2425, 38.027 ] ], [ [ -75.6482, 37.9668 ], [ -75.7152, 37.9782 ], [ -75.7838, 37.9726 ], [ -75.8332, 37.9308 ], [ -75.8927, 37.9168 ], [ -75.8855, 37.9961 ], [ -75.8006, 38.0619 ], [ -75.8756, 38.0802 ], [ -75.8383, 38.1262 ], [ -75.8808, 38.148 ], [ -75.9371, 38.1242 ], [ -75.9596, 38.1371 ], [ -75.9424, 38.1871 ], [ -75.8641, 38.2009 ], [ -75.8187, 38.2261 ], [ -75.8014, 38.2559 ], [ -75.8834, 38.2444 ], [ -75.917, 38.2632 ], [ -75.8647, 38.3797 ], [ -75.9122, 38.3432 ], [ -75.9409, 38.294 ], [ -75.9811, 38.2686 ], [ -76.0086, 38.3123 ], [ -75.9653, 38.3225 ], [ -75.9739, 38.3659 ], [ -76.0103, 38.3636 ], [ -76.0502, 38.3041 ], [ -76.027, 38.2814 ], [ -76.0441, 38.2417 ], [ -76.1147, 38.3007 ], [ -76.1644, 38.3158 ], [ -76.1824, 38.3596 ], [ -76.2138, 38.3783 ], [ -76.2497, 38.3642 ], [ -76.3335, 38.4821 ], [ -76.2654, 38.4975 ], [ -76.2473, 38.5238 ], [ -76.29, 38.5692 ], [ -76.2789, 38.6115 ], [ -76.2031, 38.6107 ], [ -76.1766, 38.6276 ], [ -76.1143, 38.583 ], [ -76.0285, 38.5723 ], [ -76.0885, 38.6259 ], [ -76.1134, 38.6213 ], [ -76.1773, 38.676 ], [ -76.2128, 38.6819 ], [ -76.2387, 38.7128 ], [ -76.296, 38.7242 ], [ -76.3425, 38.749 ], [ -76.2978, 38.8283 ], [ -76.2421, 38.8174 ], [ -76.2017, 38.8481 ], [ -76.2086, 38.944 ], [ -76.2731, 38.9419 ], [ -76.3402, 38.9118 ], [ -76.331, 38.8643 ], [ -76.3635, 38.85 ], [ -76.3617, 38.9392 ], [ -76.3245, 38.9957 ], [ -76.2024, 38.9731 ], [ -76.164, 38.9995 ], [ -76.1783, 39.0317 ], [ -76.1344, 39.1044 ], [ -76.169, 39.1118 ], [ -76.2311, 39.061 ], [ -76.2449, 39.1306 ], [ -76.2761, 39.1462 ], [ -76.2225, 39.2577 ], [ -76.1791, 39.3001 ], [ -76.1856, 39.3193 ], [ -76.1105, 39.3723 ], [ -76.023, 39.3619 ], [ -75.9908, 39.3746 ], [ -76.0331, 39.4031 ], [ -75.9826, 39.4353 ], [ -75.9994, 39.4659 ], [ -75.97, 39.5573 ], [ -76.0762, 39.5436 ], [ -76.1231, 39.4889 ], [ -76.072, 39.475 ], [ -76.0893, 39.4451 ], [ -76.1969, 39.3678 ], [ -76.2896, 39.3172 ], [ -76.3114, 39.3885 ], [ -76.3576, 39.3897 ], [ -76.3334, 39.3241 ], [ -76.3933, 39.2863 ], [ -76.4365, 39.2022 ], [ -76.4957, 39.2019 ], [ -76.5296, 39.2403 ], [ -76.5331, 39.2076 ], [ -76.5258, 39.1779 ], [ -76.431, 39.1321 ], [ -76.4219, 39.077 ], [ -76.4389, 39.0528 ], [ -76.3945, 39.0127 ], [ -76.4762, 38.9815 ], [ -76.4503, 38.9411 ], [ -76.5149, 38.8522 ], [ -76.4979, 38.8148 ], [ -76.5575, 38.7447 ], [ -76.5283, 38.7127 ], [ -76.5324, 38.6784 ], [ -76.5113, 38.6157 ], [ -76.5157, 38.529 ], [ -76.4927, 38.4828 ], [ -76.3819, 38.3864 ], [ -76.4192, 38.3229 ], [ -76.472, 38.325 ], [ -76.4592, 38.2944 ], [ -76.3957, 38.3086 ], [ -76.3993, 38.2593 ], [ -76.3852, 38.2178 ], [ -76.3201, 38.1383 ], [ -76.3408, 38.1164 ], [ -76.3218, 38.0497 ], [ -76.3528, 38.0532 ], [ -76.3923, 38.1029 ], [ -76.4376, 38.1361 ], [ -76.481, 38.1159 ], [ -76.5404, 38.153 ], [ -76.553, 38.1872 ], [ -76.5906, 38.2142 ], [ -76.7321, 38.246 ], [ -76.7523, 38.2221 ], [ -76.8052, 38.2536 ], [ -76.8479, 38.3554 ], [ -76.8699, 38.3318 ], [ -76.8348, 38.274 ], [ -76.8471, 38.2562 ], [ -76.9074, 38.2885 ], [ -76.9303, 38.3231 ], [ -76.9672, 38.3416 ], [ -77.0164, 38.4456 ], [ -77.0911, 38.4075 ], [ -77.2073, 38.3599 ], [ -77.2502, 38.3828 ], [ -77.2742, 38.4818 ], [ -77.2377, 38.5519 ], [ -77.2211, 38.5552 ], [ -77.1302, 38.635 ] ], [ [ -75.9939, 37.9535 ], [ -76.0465, 37.9536 ], [ -76.041, 38.032 ], [ -76.0073, 38.0367 ], [ -75.9801, 38.0049 ], [ -75.9939, 37.9535 ] ], [ [ -76.0888, 38.1631 ], [ -76.049, 38.2038 ], [ -76.0261, 38.1821 ], [ -76.0888, 38.1631 ] ] ] } },
{ "type": "Feature", "properties": { }, "geometry": { "type": "MultiLineString", "coordinates": [ [ [ -70.8173, 42.8723 ], [ -70.8052, 42.7818 ], [ -70.7723, 42.7111 ], [ -70.7761, 42.6913 ], [ -70.6912, 42.6558 ], [ -70.6363, 42.6903 ], [ -70.6056, 42.6349 ], [ -70.6356, 42.6002 ], [ -70.7103, 42.5726 ], [ -70.8611, 42.5451 ], [ -70.8474, 42.4939 ], [ -70.8943, 42.4609 ], [ -70.9661, 42.4435 ], [ -71.0078, 42.3471 ], [ -71.0474, 42.3234 ], [ -71.0381, 42.2847 ], [ -70.9734, 42.263 ], [ -70.9083, 42.2647 ], [ -70.8247, 42.2659 ], [ -70.7815, 42.2487 ], [ -70.7306, 42.2109 ], [ -70.6853, 42.133 ], [ -70.6402, 42.0886 ], [ -70.6443, 42.0459 ], [ -70.6958, 42.0133 ], [ -70.699, 41.9871 ], [ -70.6468, 41.9493 ], [ -70.5836, 41.95 ], [ -70.544, 41.9263 ], [ -70.5256, 41.8587 ], [ -70.5373, 41.8109 ], [ -70.4716, 41.7616 ], [ -70.4, 41.7417 ], [ -70.3421, 41.7014 ], [ -70.2502, 41.7077 ], [ -70.2161, 41.743 ], [ -70.122, 41.7588 ], [ -70.0247, 41.7874 ], [ -70.0038, 41.8085 ], [ -70.0134, 41.906 ], [ -70.0772, 41.9434 ], [ -70.0956, 42.0328 ], [ -70.1554, 42.0624 ], [ -70.2087, 42.0307 ], [ -70.2454, 42.0637 ], [ -70.1893, 42.0823 ], [ -70.116, 42.0676 ], [ -70.0335, 42.0177 ], [ -69.9861, 41.9496 ], [ -69.9453, 41.8452 ], [ -69.9287, 41.7413 ], [ -69.9337, 41.6786 ], [ -69.9705, 41.6455 ], [ -69.9964, 41.6672 ], [ -70.0892, 41.6628 ], [ -70.1952, 41.6479 ], [ -70.2459, 41.6285 ], [ -70.3166, 41.6254 ], [ -70.4372, 41.6053 ], [ -70.4932, 41.552 ], [ -70.5468, 41.5514 ], [ -70.6681, 41.5329 ], [ -70.642, 41.5831 ], [ -70.6524, 41.6052 ], [ -70.6208, 41.7005 ], [ -70.6431, 41.7176 ], [ -70.7187, 41.7357 ], [ -70.7142, 41.7017 ], [ -70.8103, 41.6249 ], [ -70.8432, 41.6285 ], [ -70.9305, 41.6133 ], [ -70.9346, 41.5487 ], [ -71.041, 41.4975 ], [ -71.1206, 41.4974 ] ], [ [ -71.1956, 41.6751 ], [ -71.2248, 41.7105 ] ], [ [ -70.8388, 41.3472 ], [ -70.7689, 41.3532 ], [ -70.701, 41.434 ], [ -70.6036, 41.4824 ], [ -70.5633, 41.4691 ], [ -70.5476, 41.4158 ], [ -70.507, 41.4002 ], [ -70.4504, 41.4207 ], [ -70.4483, 41.3537 ], [ -70.6911, 41.3443 ], [ -70.8021, 41.3142 ], [ -70.8388, 41.3472 ] ], [ [ -70.2341, 41.2857 ], [ -70.0821, 41.2991 ], [ -70.0461, 41.3217 ], [ -70.0204, 41.369 ], [ -69.9603, 41.2787 ], [ -69.975, 41.2465 ], [ -70.0152, 41.238 ], [ -70.1187, 41.2424 ], [ -70.2341, 41.2857 ] ] ] } },
{ "type": "Feature", "properties": { }, "geometry": { "type": "MultiLineString", "coordinates": [ [ [ -90.4181, 46.5661 ], [ -90.3306, 46.6088 ], [ -90.3066, 46.6027 ], [ -90.164, 46.6455 ], [ -90.0279, 46.6737 ], [ -89.8854, 46.7655 ], [ -89.8491, 46.7951 ], [ -89.7888, 46.8181 ], [ -89.6734, 46.8332 ], [ -89.6132, 46.8195 ], [ -89.5139, 46.8418 ], [ -89.4152, 46.844 ], [ -89.2279, 46.913 ], [ -89.1426, 46.9849 ], [ -88.9872, 46.9972 ], [ -88.9333, 47.0312 ], [ -88.8891, 47.1006 ], [ -88.7613, 47.1568 ], [ -88.7297, 47.1858 ], [ -88.6537, 47.2258 ], [ -88.577, 47.244 ], [ -88.512, 47.286 ], [ -88.4245, 47.3689 ], [ -88.1818, 47.4577 ], [ -88.0403, 47.476 ], [ -87.9383, 47.4798 ], [ -87.8792, 47.4678 ], [ -87.8012, 47.4733 ], [ -87.7159, 47.4398 ], [ -87.7424, 47.4058 ], [ -87.8154, 47.3848 ], [ -87.8567, 47.3954 ], [ -87.9571, 47.3873 ], [ -87.9383, 47.3423 ], [ -88.0548, 47.2982 ], [ -88.1664, 47.2155 ], [ -88.227, 47.1999 ], [ -88.2427, 47.1584 ], [ -88.2817, 47.1382 ], [ -88.2976, 47.0985 ], [ -88.35, 47.0764 ], [ -88.3676, 47.0192 ], [ -88.4465, 46.9702 ], [ -88.4508, 46.939 ], [ -88.4759, 46.886 ], [ -88.4826, 46.8262 ], [ -88.4338, 46.7935 ], [ -88.3103, 46.8897 ], [ -88.2444, 46.9296 ], [ -88.1448, 46.967 ], [ -88.1848, 46.9046 ], [ -88.0704, 46.9195 ], [ -88.0446, 46.9116 ], [ -87.8977, 46.9089 ], [ -87.8462, 46.8839 ], [ -87.8168, 46.8912 ], [ -87.741, 46.8652 ], [ -87.7273, 46.8259 ], [ -87.6333, 46.8121 ], [ -87.5955, 46.7743 ], [ -87.5827, 46.7305 ], [ -87.5254, 46.6905 ], [ -87.503, 46.6475 ], [ -87.3928, 46.5709 ], [ -87.394, 46.5332 ], [ -87.3594, 46.5035 ], [ -87.3108, 46.492 ], [ -87.1166, 46.4948 ], [ -87.0773, 46.5153 ], [ -86.977, 46.5266 ], [ -86.9427, 46.4693 ], [ -86.8752, 46.4373 ], [ -86.816, 46.4379 ], [ -86.7879, 46.4777 ], [ -86.7545, 46.4796 ], [ -86.7032, 46.4394 ], [ -86.6692, 46.4456 ], [ -86.6381, 46.4117 ], [ -86.5514, 46.4956 ], [ -86.4439, 46.5473 ], [ -86.3499, 46.578 ], [ -86.1383, 46.6729 ], [ -86.0879, 46.6553 ], [ -85.8645, 46.6902 ], [ -85.7949, 46.6811 ], [ -85.5005, 46.676 ], [ -85.2379, 46.7557 ], [ -85.1578, 46.7651 ], [ -85.0821, 46.758 ], [ -84.9974, 46.7713 ], [ -85.0275, 46.6975 ], [ -85.0355, 46.5815 ], [ -85.0271, 46.543 ], [ -85.0549, 46.5148 ], [ -85.0152, 46.4797 ], [ -84.8614, 46.4699 ], [ -84.8393, 46.4463 ], [ -84.7692, 46.4535 ], [ -84.6784, 46.4877 ], [ -84.631, 46.4849 ], [ -84.5992, 46.4518 ], [ -84.5963, 46.4151 ], [ -84.5425, 46.4217 ], [ -84.4203, 46.5011 ], [ -84.3414, 46.5077 ], [ -84.2544, 46.5008 ], [ -84.2261, 46.5339 ], [ -84.1289, 46.5301 ], [ -84.1112, 46.5041 ], [ -84.1462, 46.4185 ], [ -84.1081, 46.2412 ], [ -84.1759, 46.246 ], [ -84.273, 46.2015 ], [ -84.221, 46.1631 ], [ -84.1456, 46.1792 ], [ -84.0893, 46.1464 ], [ -84.0296, 46.1345 ], [ -84.0708, 46.0929 ], [ -83.9813, 46.0273 ], [ -83.9368, 46.0302 ], [ -83.8955, 45.9864 ], [ -83.9223, 45.9674 ], [ -84.0176, 45.959 ], [ -84.1142, 45.9816 ], [ -84.1984, 45.9729 ], [ -84.2155, 45.985 ], [ -84.2219, 45.9849 ], [ -84.2944, 45.9538 ], [ -84.3563, 45.9574 ], [ -84.4382, 46.0068 ], [ -84.5304, 45.9914 ], [ -84.5444, 46.0229 ], [ -84.6061, 46.0289 ], [ -84.6566, 46.0527 ], [ -84.6873, 46.0349 ], [ -84.694, 45.9856 ], [ -84.7302, 45.9612 ], [ -84.7366, 45.9128 ], [ -84.7062, 45.8489 ], [ -84.7576, 45.8429 ], [ -84.8212, 45.8682 ], [ -84.8882, 45.9245 ], [ -85.0036, 46.0061 ], [ -85.1304, 46.0461 ], [ -85.2591, 46.0628 ], [ -85.3255, 46.0902 ], [ -85.4269, 46.102 ], [ -85.5216, 46.0913 ], [ -85.5975, 46.0332 ], [ -85.6589, 45.9658 ], [ -85.6961, 45.9592 ], [ -85.817, 45.98 ], [ -85.8654, 45.9684 ], [ -85.926, 45.9321 ], [ -86.0622, 45.9643 ], [ -86.1966, 45.9632 ], [ -86.2758, 45.9436 ], [ -86.3242, 45.9061 ], [ -86.3271, 45.8551 ], [ -86.3706, 45.7881 ], [ -86.4248, 45.7897 ], [ -86.4599, 45.7579 ], [ -86.5324, 45.7466 ], [ -86.5737, 45.7158 ], [ -86.5918, 45.6654 ], [ -86.6274, 45.6599 ], [ -86.6502, 45.6161 ], [ -86.7127, 45.6574 ], [ -86.6716, 45.7208 ], [ -86.5863, 45.7788 ], [ -86.528, 45.8533 ], [ -86.5352, 45.8858 ], [ -86.5823, 45.8961 ], [ -86.6618, 45.8342 ], [ -86.7821, 45.8602 ], [ -86.7733, 45.8114 ], [ -86.8027, 45.7935 ], [ -86.8427, 45.7197 ], [ -86.9033, 45.7091 ], [ -86.9521, 45.6849 ], [ -86.9846, 45.7058 ], [ -86.9757, 45.7558 ], [ -87.0055, 45.8288 ], [ -87.0574, 45.8125 ], [ -87.0574, 45.7368 ], [ -87.1004, 45.6868 ], [ -87.1661, 45.6655 ], [ -87.2639, 45.5505 ], [ -87.2882, 45.5009 ], [ -87.3331, 45.4472 ], [ -87.3264, 45.4299 ], [ -87.3921, 45.3694 ], [ -87.4433, 45.2914 ], [ -87.5397, 45.1942 ], [ -87.5998, 45.1505 ], [ -87.5922, 45.0948 ] ], [ [ -86.8248, 41.7602 ], [ -86.6845, 41.8402 ], [ -86.6218, 41.8919 ], [ -86.5822, 41.9422 ], [ -86.5531, 42.0062 ], [ -86.4852, 42.1182 ], [ -86.3643, 42.2431 ], [ -86.2972, 42.3582 ], [ -86.2738, 42.4193 ], [ -86.2466, 42.4901 ], [ -86.2256, 42.5948 ], [ -86.2289, 42.6377 ], [ -86.2064, 42.7095 ], [ -86.2089, 42.7675 ], [ -86.2102, 42.8556 ], [ -86.2263, 42.9883 ], [ -86.272, 43.1184 ], [ -86.3958, 43.3162 ], [ -86.427, 43.3749 ], [ -86.4615, 43.4723 ], [ -86.5385, 43.6175 ], [ -86.5292, 43.6779 ], [ -86.4616, 43.7467 ], [ -86.4308, 43.8194 ], [ -86.4631, 43.971 ], [ -86.5147, 44.0581 ], [ -86.4469, 44.106 ], [ -86.3888, 44.1787 ], [ -86.2687, 44.3453 ], [ -86.2481, 44.4209 ], [ -86.2489, 44.483 ], [ -86.2347, 44.5183 ], [ -86.2204, 44.5682 ], [ -86.259, 44.6637 ], [ -86.2325, 44.7061 ], [ -86.1548, 44.7321 ], [ -86.0896, 44.742 ], [ -86.0746, 44.7781 ], [ -86.0667, 44.9057 ], [ -85.9802, 44.9061 ], [ -85.9316, 44.9688 ], [ -85.8699, 44.939 ], [ -85.8074, 44.9498 ], [ -85.78, 45.0096 ], [ -85.7408, 45.0556 ], [ -85.6811, 45.0927 ], [ -85.656, 45.1458 ], [ -85.6143, 45.1276 ], [ -85.5801, 45.0664 ], [ -85.5997, 45.0217 ], [ -85.6495, 44.9746 ], [ -85.6048, 44.9384 ], [ -85.6455, 44.8836 ], [ -85.6514, 44.8316 ], [ -85.6407, 44.7754 ], [ -85.5993, 44.7659 ], [ -85.5791, 44.8177 ], [ -85.5329, 44.8732 ], [ -85.5397, 44.9168 ], [ -85.52, 44.974 ], [ -85.4749, 44.9917 ], [ -85.4997, 44.8561 ], [ -85.5559, 44.8183 ], [ -85.5766, 44.7602 ], [ -85.5272, 44.7475 ], [ -85.4994, 44.8043 ], [ -85.4431, 44.8598 ], [ -85.3958, 44.931 ], [ -85.3759, 45.0033 ], [ -85.3803, 45.0458 ], [ -85.3635, 45.1116 ], [ -85.3887, 45.2078 ], [ -85.3716, 45.2708 ], [ -85.3039, 45.3186 ], [ -85.2738, 45.3154 ], [ -85.2036, 45.3619 ], [ -85.1379, 45.3735 ], [ -85.096, 45.3665 ], [ -84.9873, 45.3688 ], [ -84.9159, 45.3931 ], [ -84.922, 45.4219 ], [ -85.037, 45.4349 ], [ -85.0937, 45.4816 ], [ -85.1197, 45.569 ], [ -85.0749, 45.6292 ], [ -85.0153, 45.6516 ], [ -84.9446, 45.709 ], [ -84.961, 45.7451 ], [ -84.9245, 45.7568 ], [ -84.8079, 45.7449 ], [ -84.7728, 45.7893 ], [ -84.7324, 45.7882 ], [ -84.716, 45.7662 ], [ -84.5759, 45.7105 ], [ -84.4792, 45.6568 ], [ -84.4159, 45.653 ], [ -84.3295, 45.6644 ], [ -84.2045, 45.6262 ], [ -84.1288, 45.5619 ], [ -84.1232, 45.5253 ], [ -84.0606, 45.4889 ], [ -83.972, 45.4951 ], [ -83.9095, 45.4858 ], [ -83.8108, 45.4206 ], [ -83.7004, 45.3977 ], [ -83.5722, 45.3474 ], [ -83.5382, 45.3581 ], [ -83.4519, 45.3194 ], [ -83.4219, 45.2901 ], [ -83.3885, 45.2071 ], [ -83.3155, 45.126 ], [ -83.3153, 45.0526 ], [ -83.3408, 45.0423 ], [ -83.3886, 45.0766 ], [ -83.4379, 45.055 ], [ -83.4641, 44.9962 ], [ -83.4253, 44.9267 ], [ -83.3215, 44.8585 ], [ -83.2937, 44.8083 ], [ -83.2943, 44.7368 ], [ -83.2734, 44.7139 ], [ -83.3156, 44.5951 ], [ -83.3186, 44.5116 ], [ -83.3205, 44.4069 ], [ -83.3325, 44.3405 ], [ -83.3643, 44.3326 ], [ -83.4333, 44.2643 ], [ -83.5088, 44.2737 ], [ -83.5491, 44.2273 ], [ -83.5651, 44.1635 ], [ -83.5691, 44.1048 ], [ -83.5904, 44.0696 ], [ -83.6471, 44.0532 ], [ -83.7628, 43.9858 ], [ -83.8482, 43.9895 ], [ -83.9091, 43.9105 ], [ -83.924, 43.8587 ], [ -83.9287, 43.7771 ], [ -83.9565, 43.7608 ], [ -83.9129, 43.6776 ], [ -83.8561, 43.6466 ], [ -83.735, 43.6173 ], [ -83.6995, 43.5886 ], [ -83.6678, 43.5903 ], [ -83.5242, 43.7172 ], [ -83.4674, 43.7286 ], [ -83.3957, 43.8193 ], [ -83.385, 43.853 ], [ -83.3251, 43.884 ], [ -83.3294, 43.9032 ], [ -83.2789, 43.9412 ], [ -83.2625, 43.9753 ], [ -83.0793, 44.0011 ], [ -83.0277, 44.0462 ], [ -82.93, 44.0682 ], [ -82.8139, 44.0324 ], [ -82.737, 43.9859 ], [ -82.6554, 43.8678 ], [ -82.615, 43.7793 ], [ -82.6069, 43.6905 ], [ -82.6011, 43.6045 ], [ -82.5855, 43.5434 ], [ -82.5387, 43.4321 ], [ -82.5231, 43.2254 ], [ -82.5034, 43.1689 ], [ -82.486, 43.1025 ], [ -82.4265, 43.0172 ], [ -82.4135, 42.9769 ], [ -82.4556, 42.9267 ], [ -82.4826, 42.8086 ], [ -82.4678, 42.7614 ], [ -82.5109, 42.6645 ], [ -82.5254, 42.6057 ], [ -82.6057, 42.5482 ], [ -82.6613, 42.5686 ], [ -82.6837, 42.623 ], [ -82.6238, 42.6654 ], [ -82.7054, 42.6867 ], [ -82.7924, 42.6551 ], [ -82.8207, 42.6153 ], [ -82.7816, 42.5707 ], [ -82.8451, 42.5614 ], [ -82.8744, 42.5235 ], [ -82.8844, 42.4766 ], [ -82.8702, 42.451 ], [ -82.8886, 42.398 ], [ -82.9598, 42.34 ], [ -83.0636, 42.3169 ], [ -83.0996, 42.2871 ], [ -83.1264, 42.2384 ], [ -83.1344, 42.1746 ], [ -83.1192, 42.1253 ], [ -83.132, 42.0902 ], [ -83.191, 42.0774 ], [ -83.2128, 42.042 ], [ -83.2097, 41.9961 ], [ -83.2503, 41.9738 ], [ -83.2628, 41.9395 ], [ -83.3197, 41.9335 ], [ -83.3428, 41.8794 ], [ -83.3837, 41.8696 ], [ -83.4396, 41.8132 ], [ -83.4554, 41.7328 ] ], [ [ -86.0645, 45.1396 ], [ -86.0444, 45.1596 ], [ -85.9768, 45.1384 ], [ -85.9995, 45.0541 ], [ -86.0587, 45.1008 ], [ -86.0645, 45.1396 ] ], [ [ -86.1557, 45.0144 ], [ -86.1381, 45.043 ], [ -86.0852, 45.0395 ], [ -86.096, 45.0064 ], [ -86.1557, 45.0144 ] ], [ [ -89.2628, 47.8699 ], [ -89.1792, 47.935 ], [ -88.9942, 48.0023 ], [ -88.8951, 48.0291 ], [ -88.6756, 48.1204 ], [ -88.6665, 48.1356 ], [ -88.547, 48.1749 ], [ -88.5248, 48.1653 ], [ -88.4226, 48.191 ], [ -88.4199, 48.1707 ], [ -88.5669, 48.0937 ], [ -88.5747, 48.0629 ], [ -88.6701, 48.0114 ], [ -88.8529, 47.9653 ], [ -89.0031, 47.9085 ], [ -88.9766, 47.8735 ], [ -89.1241, 47.8286 ], [ -89.162, 47.8236 ], [ -89.2628, 47.8699 ] ], [ [ -85.626, 45.6016 ], [ -85.6035, 45.6821 ], [ -85.5438, 45.7514 ], [ -85.5067, 45.7552 ], [ -85.494, 45.6985 ], [ -85.4917, 45.6075 ], [ -85.5616, 45.5722 ], [ -85.626, 45.6016 ] ], [ [ -83.8829, 45.9755 ], [ -83.8451, 46.0266 ], [ -83.8061, 45.9839 ], [ -83.7663, 46.0248 ], [ -83.6717, 46.0549 ], [ -83.7198, 46.101 ], [ -83.6256, 46.1022 ], [ -83.5472, 46.0479 ], [ -83.5408, 46.0212 ], [ -83.4732, 45.9844 ], [ -83.5283, 45.9178 ], [ -83.603, 45.9246 ], [ -83.6206, 45.9446 ], [ -83.7862, 45.9329 ], [ -83.8829, 45.9755 ] ], [ [ -86.709, 46.5452 ], [ -86.6534, 46.5607 ], [ -86.6263, 46.5349 ], [ -86.6599, 46.4703 ], [ -86.7016, 46.5112 ], [ -86.709, 46.5452 ] ], [ [ -84.5902, 45.8128 ], [ -84.5091, 45.8111 ], [ -84.3559, 45.7707 ], [ -84.4196, 45.7201 ], [ -84.5008, 45.7372 ], [ -84.55, 45.7901 ], [ -84.5902, 45.8128 ] ] ] } },
{ "type": "Feature", "properties": { }, "geometry": { "type": "LineString", "coordinates": [ [ -97.2287, 49.0006 ], [ -96.931, 49.0 ], [ -96.4054, 49.0 ], [ -95.7664, 48.9996 ], [ -95.3199, 48.9988 ], [ -95.1537, 48.9989 ], [ -95.1533, 49.3844 ], [ -95.0584, 49.3532 ], [ -94.9575, 49.3702 ], [ -94.8542, 49.3242 ], [ -94.8256, 49.2944 ], [ -94.7732, 49.1207 ], [ -94.7503, 49.0993 ], [ -94.6843, 48.884 ], [ -94.7043, 48.8243 ], [ -94.6943, 48.7822 ], [ -94.5896, 48.7179 ], [ -94.4523, 48.6924 ], [ -94.4303, 48.701 ], [ -94.3888, 48.7119 ], [ -94.2645, 48.6989 ], [ -94.2444, 48.6534 ], [ -94.0069, 48.6432 ], [ -93.8444, 48.6302 ], [ -93.8053, 48.5703 ], [ -93.7945, 48.516 ], [ -93.6454, 48.5173 ], [ -93.6264, 48.531 ], [ -93.5472, 48.5287 ], [ -93.4675, 48.5457 ], [ -93.4643, 48.5918 ], [ -93.3554, 48.6116 ], [ -93.3475, 48.6266 ], [ -93.2074, 48.6425 ], [ -93.1781, 48.6233 ], [ -93.0886, 48.6276 ], [ -92.985, 48.6237 ], [ -92.728, 48.5393 ], [ -92.6349, 48.5429 ], [ -92.6367, 48.4994 ], [ -92.6988, 48.4949 ], [ -92.7126, 48.463 ], [ -92.656, 48.4367 ], [ -92.5073, 48.4479 ], [ -92.4564, 48.4011 ], [ -92.4699, 48.3518 ], [ -92.4163, 48.2955 ], [ -92.3692, 48.2203 ], [ -92.2807, 48.2443 ], [ -92.3015, 48.2886 ], [ -92.289, 48.343 ], [ -92.2068, 48.3456 ], [ -92.1622, 48.3633 ], [ -92.0835, 48.3539 ], [ -92.0001, 48.3214 ], [ -92.0066, 48.2654 ], [ -91.8935, 48.2377 ], [ -91.8644, 48.207 ], [ -91.7983, 48.2029 ], [ -91.7149, 48.1991 ], [ -91.6982, 48.1416 ], [ -91.712, 48.1147 ], [ -91.6402, 48.0969 ], [ -91.5697, 48.0933 ], [ -91.5673, 48.0437 ], [ -91.4886, 48.0681 ], [ -91.4296, 48.0486 ], [ -91.3709, 48.0694 ], [ -91.2501, 48.0841 ], [ -91.0827, 48.1808 ], [ -91.0321, 48.1885 ], [ -90.977, 48.2195 ], [ -90.8855, 48.2458 ], [ -90.8392, 48.2395 ], [ -90.8326, 48.1738 ], [ -90.7616, 48.0983 ], [ -90.6416, 48.1035 ], [ -90.5759, 48.1209 ], [ -90.5568, 48.096 ], [ -90.3823, 48.0932 ], [ -90.3056, 48.1051 ], [ -90.1326, 48.1118 ], [ -90.0236, 48.0847 ], [ -89.9931, 48.0284 ], [ -89.8974, 47.9876 ], [ -89.8049, 48.0138 ], [ -89.734, 48.0219 ], [ -89.6245, 47.9947 ], [ -89.738, 47.9172 ], [ -89.7942, 47.892 ], [ -89.9191, 47.864 ], [ -89.9745, 47.8311 ], [ -90.072, 47.8111 ], [ -90.1883, 47.7771 ], [ -90.2566, 47.7711 ], [ -90.3447, 47.7451 ], [ -90.5371, 47.7031 ], [ -90.7287, 47.6279 ], [ -90.8626, 47.5603 ], [ -91.0231, 47.465 ], [ -91.1624, 47.3738 ], [ -91.2492, 47.2842 ], [ -91.3256, 47.2392 ], [ -91.3667, 47.2001 ], [ -91.4811, 47.1245 ], [ -91.5738, 47.0899 ], [ -91.6429, 47.0352 ], [ -91.7046, 47.0052 ], [ -91.7944, 46.9396 ], [ -91.8413, 46.9252 ], [ -92.0455, 46.8192 ], [ -92.0943, 46.7884 ], [ -92.0153, 46.7065 ] ] } },
{ "type": "Feature", "properties": { }, "geometry": { "type": "LineString", "coordinates": [ [ -88.395, 30.3694 ], [ -88.4499, 30.3548 ], [ -88.4538, 30.3296 ], [ -88.5041, 30.3201 ], [ -88.5269, 30.3424 ], [ -88.6638, 30.3621 ], [ -88.7006, 30.3437 ], [ -88.7469, 30.3476 ], [ -88.8102, 30.3947 ], [ -88.8709, 30.4195 ], [ -88.8618, 30.3918 ], [ -88.922, 30.3938 ], [ -89.0164, 30.3846 ], [ -89.0781, 30.37 ], [ -89.2718, 30.3055 ], [ -89.2687, 30.3406 ], [ -89.3149, 30.3761 ], [ -89.3409, 30.3729 ], [ -89.3299, 30.3029 ], [ -89.4142, 30.2578 ], [ -89.4207, 30.2294 ], [ -89.4977, 30.1823 ], [ -89.5281, 30.189 ] ] } },
{ "type": "Feature", "properties": { }, "geometry": { "type": "LineString", "coordinates": [ [ -116.0491, 49.0008 ], [ -115.2079, 48.9992 ], [ -114.7271, 49.0006 ], [ -114.0682, 48.9989 ], [ -113.693, 48.9976 ], [ -113.0099, 48.9986 ], [ -112.1934, 48.9989 ], [ -111.7616, 48.9977 ], [ -111.2699, 48.9972 ], [ -110.7431, 48.9986 ], [ -110.1716, 48.9993 ], [ -109.4896, 49.0006 ], [ -109.0007, 48.9992 ], [ -108.2364, 48.9995 ], [ -107.441, 48.9994 ], [ -107.1798, 48.9999 ], [ -106.4796, 48.9994 ], [ -106.1121, 48.9993 ], [ -105.3559, 48.9994 ], [ -105.0576, 48.9992 ], [ -104.6474, 48.9993 ], [ -104.0487, 48.9999 ] ] } },
{ "type": "Feature", "properties": { }, "geometry": { "type": "LineString", "coordinates": [ [ -74.0232, 40.7199 ], [ -74.0869, 40.6668 ], [ -74.1206, 40.7171 ], [ -74.1437, 40.6795 ], [ -74.1388, 40.6739 ], [ -74.1849, 40.6471 ], [ -74.2062, 40.6265 ], [ -74.2052, 40.5939 ], [ -74.2145, 40.565 ], [ -74.2546, 40.5486 ], [ -74.2727, 40.4884 ], [ -74.2225, 40.4519 ], [ -74.1939, 40.441 ], [ -74.1353, 40.4554 ], [ -74.0479, 40.4189 ], [ -73.9763, 40.406 ], [ -73.9774, 40.2994 ], [ -74.0337, 40.102 ], [ -74.0642, 39.9789 ], [ -74.0991, 39.7568 ], [ -74.142, 39.6898 ], [ -74.2406, 39.5558 ], [ -74.2895, 39.5093 ], [ -74.3264, 39.5063 ], [ -74.3131, 39.4737 ], [ -74.334, 39.4351 ], [ -74.4236, 39.3554 ], [ -74.5487, 39.3011 ], [ -74.6193, 39.2404 ], [ -74.7141, 39.1146 ], [ -74.7059, 39.1029 ], [ -74.7712, 39.0325 ], [ -74.7872, 39.001 ], [ -74.8507, 38.9545 ], [ -74.9336, 38.9285 ], [ -74.972, 38.9404 ], [ -74.9554, 39.0013 ], [ -74.9037, 39.0874 ], [ -74.8872, 39.1588 ], [ -74.9148, 39.1776 ], [ -75.0264, 39.2132 ], [ -75.1674, 39.2033 ], [ -75.1719, 39.2378 ], [ -75.2416, 39.2741 ], [ -75.2517, 39.3003 ], [ -75.3152, 39.3106 ], [ -75.3337, 39.3453 ], [ -75.3902, 39.3588 ], [ -75.407, 39.3811 ], [ -75.4127, 39.3844 ], [ -75.4168, 39.3874 ], [ -75.4652, 39.4389 ], [ -75.5364, 39.4606 ], [ -75.534, 39.5407 ], [ -75.5115, 39.5772 ], [ -75.5562, 39.6064 ], [ -75.5594, 39.6298 ], [ -75.4789, 39.7138 ], [ -75.4594, 39.7658 ], [ -75.4055, 39.7964 ], [ -75.4151, 39.8019 ] ] } },
{ "type": "Feature", "properties": { }, "geometry": { "type": "MultiLineString", "coordinates": [ [ [ -79.762, 42.2699 ], [ -79.683, 42.2984 ], [ -79.4535, 42.4112 ], [ -79.4055, 42.4533 ], [ -79.3179, 42.5023 ], [ -79.1369, 42.5698 ], [ -79.1114, 42.6134 ], [ -79.0638, 42.6448 ], [ -79.0468, 42.6913 ], [ -78.9182, 42.7373 ], [ -78.8657, 42.7717 ], [ -78.8579, 42.8388 ], [ -78.9061, 42.8993 ], [ -78.9324, 42.9559 ], [ -79.0116, 42.9853 ], [ -79.0192, 43.0679 ], [ -79.0745, 43.0779 ], [ -79.0424, 43.1437 ], [ -79.0561, 43.2542 ], [ -78.988, 43.2778 ], [ -78.8514, 43.3122 ], [ -78.6343, 43.3576 ], [ -78.4889, 43.3748 ], [ -78.4655, 43.3712 ], [ -78.1787, 43.3707 ], [ -78.1045, 43.3756 ], [ -77.9956, 43.3652 ], [ -77.7974, 43.3399 ], [ -77.7602, 43.3412 ], [ -77.6538, 43.2795 ], [ -77.5772, 43.2433 ], [ -77.5301, 43.236 ], [ -77.376, 43.2762 ], [ -77.2642, 43.2774 ], [ -77.1071, 43.2893 ], [ -77.0426, 43.2705 ], [ -76.951, 43.2705 ], [ -76.8962, 43.296 ], [ -76.7939, 43.3094 ], [ -76.7225, 43.3436 ], [ -76.694, 43.3465 ], [ -76.6169, 43.418 ], [ -76.487, 43.4754 ], [ -76.4106, 43.5232 ], [ -76.2913, 43.5138 ], [ -76.2358, 43.5293 ], [ -76.2035, 43.575 ], [ -76.1997, 43.6802 ], [ -76.2132, 43.7535 ], [ -76.2374, 43.8158 ], [ -76.2974, 43.8559 ], [ -76.2603, 43.8819 ], [ -76.2023, 43.8649 ], [ -76.1273, 43.8979 ], [ -76.1304, 43.9331 ], [ -76.1998, 43.9683 ], [ -76.1875, 43.9996 ], [ -76.1486, 44.008 ], [ -76.1712, 44.066 ], [ -76.2634, 44.0527 ], [ -76.204, 44.0194 ], [ -76.2372, 43.9779 ], [ -76.3013, 44.0206 ], [ -76.2963, 44.0597 ], [ -76.3591, 44.076 ], [ -76.3697, 44.1047 ], [ -76.3126, 44.199 ], [ -76.2455, 44.2037 ], [ -76.1643, 44.2396 ], [ -76.1618, 44.2808 ], [ -76.0974, 44.2995 ], [ -76.001, 44.3475 ], [ -75.9702, 44.3428 ], [ -75.8601, 44.4033 ], [ -75.8208, 44.4322 ], [ -75.8078, 44.4716 ], [ -75.7662, 44.5159 ], [ -75.3076, 44.8368 ], [ -75.2186, 44.8776 ], [ -75.1399, 44.8967 ], [ -75.1344, 44.9151 ], [ -75.0648, 44.9294 ], [ -74.9725, 44.9834 ], [ -74.908, 44.9834 ], [ -74.8266, 45.0159 ], [ -74.7262, 44.9949 ], [ -74.684, 44.9997 ], [ -74.3352, 44.9919 ], [ -74.1468, 44.9915 ], [ -74.0274, 44.9958 ], [ -73.6397, 45.0035 ], [ -73.3431, 45.0108 ] ], [ [ -73.659, 40.9889 ], [ -73.6831, 40.9496 ], [ -73.793, 40.8834 ], [ -73.8152, 40.8311 ], [ -73.7941, 40.8005 ], [ -73.7503, 40.7825 ], [ -73.7655, 40.8109 ], [ -73.7141, 40.87 ], [ -73.6481, 40.8539 ], [ -73.6398, 40.8966 ], [ -73.5662, 40.9158 ], [ -73.5419, 40.8769 ], [ -73.4652, 40.868 ], [ -73.4969, 40.9257 ], [ -73.438, 40.9347 ], [ -73.4135, 40.904 ], [ -73.3532, 40.9243 ], [ -73.2951, 40.9245 ], [ -73.2284, 40.906 ], [ -73.1471, 40.9287 ], [ -73.1483, 40.966 ], [ -73.1184, 40.9773 ], [ -73.055, 40.9648 ], [ -72.9138, 40.9625 ], [ -72.8331, 40.9701 ], [ -72.7741, 40.9653 ], [ -72.6356, 40.982 ], [ -72.5853, 40.9976 ], [ -72.518, 41.0401 ], [ -72.4773, 41.0522 ], [ -72.4452, 41.0861 ], [ -72.397, 41.0963 ], [ -72.3541, 41.14 ], [ -72.3172, 41.0887 ], [ -72.2804, 41.0804 ], [ -72.2413, 41.0448 ], [ -72.1906, 41.0326 ], [ -72.1629, 41.0532 ], [ -72.0955, 40.9913 ], [ -72.0488, 41.0226 ], [ -72.0169, 41.0235 ], [ -71.9596, 41.0712 ], [ -71.9043, 41.086 ], [ -71.8747, 41.052 ], [ -72.1144, 40.9721 ], [ -72.3959, 40.8667 ], [ -72.47, 40.8427 ], [ -72.7682, 40.7616 ], [ -72.9232, 40.7133 ], [ -73.0125, 40.6797 ], [ -73.2084, 40.6309 ], [ -73.3064, 40.6208 ], [ -73.3515, 40.6305 ], [ -73.424, 40.6096 ], [ -73.5718, 40.5783 ], [ -73.751, 40.589 ], [ -73.8792, 40.5747 ], [ -73.9158, 40.582 ], [ -73.9909, 40.5706 ], [ -74.0417, 40.6264 ], [ -74.0074, 40.6873 ], [ -73.9985, 40.7003 ], [ -73.9977, 40.7013 ], [ -74.0232, 40.7199 ] ], [ [ -74.2556, 40.5079 ], [ -74.2478, 40.5434 ], [ -74.2122, 40.5572 ], [ -74.1954, 40.6018 ], [ -74.2006, 40.6314 ], [ -74.079, 40.6482 ], [ -74.0531, 40.6037 ], [ -74.113, 40.548 ], [ -74.2467, 40.4961 ], [ -74.2556, 40.5079 ] ] ] } },
{ "type": "Feature", "properties": { }, "geometry": { "type": "MultiLineString", "coordinates": [ [ [ -75.8676, 36.5504 ], [ -75.8187, 36.3576 ], [ -75.7733, 36.2315 ], [ -75.7183, 36.1137 ], [ -75.6585, 36.0204 ], [ -75.5698, 35.8633 ], [ -75.6229, 35.8923 ], [ -75.6154, 35.9264 ], [ -75.6445, 35.9644 ], [ -75.7371, 36.0408 ], [ -75.7519, 36.1224 ], [ -75.7459, 36.1441 ], [ -75.7724, 36.2175 ], [ -75.7954, 36.2271 ], [ -75.8109, 36.2491 ], [ -75.8433, 36.42 ], [ -75.8883, 36.4416 ], [ -75.8999, 36.4821 ], [ -75.9891, 36.4951 ], [ -76.0026, 36.5371 ], [ -76.0426, 36.5106 ], [ -76.0123, 36.4475 ], [ -75.972, 36.4372 ], [ -75.9235, 36.3678 ], [ -75.8403, 36.1772 ], [ -75.7994, 36.1177 ], [ -75.7982, 36.0722 ], [ -75.8667, 36.1275 ], [ -75.8629, 36.1596 ], [ -75.9066, 36.2088 ], [ -75.9233, 36.2459 ], [ -75.9625, 36.2668 ], [ -75.96, 36.1989 ], [ -76.017, 36.1864 ], [ -76.054, 36.2348 ], [ -76.1057, 36.2724 ], [ -76.1728, 36.3024 ], [ -76.2158, 36.3002 ], [ -76.1739, 36.2636 ], [ -76.1443, 36.2589 ], [ -76.1172, 36.2135 ], [ -76.0801, 36.1994 ], [ -76.0717, 36.1402 ], [ -76.1666, 36.1237 ], [ -76.2069, 36.1375 ], [ -76.2491, 36.1849 ], [ -76.2735, 36.1908 ], [ -76.2189, 36.1181 ], [ -76.2579, 36.1064 ], [ -76.3233, 36.1348 ], [ -76.3736, 36.1382 ], [ -76.4381, 36.1918 ], [ -76.458, 36.1853 ], [ -76.3717, 36.1178 ], [ -76.3159, 36.1009 ], [ -76.4118, 36.0753 ], [ -76.4603, 36.0241 ], [ -76.5141, 36.0065 ], [ -76.5804, 36.0106 ], [ -76.6163, 36.0546 ], [ -76.6765, 36.0436 ], [ -76.7214, 36.1478 ], [ -76.7107, 36.2233 ], [ -76.6722, 36.272 ], [ -76.6938, 36.2822 ], [ -76.7222, 36.2438 ], [ -76.7499, 36.2114 ], [ -76.7542, 36.1475 ], [ -76.7309, 36.0747 ], [ -76.6819, 35.9896 ], [ -76.7192, 35.9651 ], [ -76.693, 35.9424 ], [ -76.6624, 35.9321 ], [ -76.5538, 35.9402 ], [ -76.3996, 35.9821 ], [ -76.3662, 35.9348 ], [ -76.3254, 35.9386 ], [ -76.2826, 35.9675 ], [ -76.1705, 35.9945 ], [ -76.0625, 35.9907 ], [ -76.025, 35.9698 ], [ -76.0128, 35.9219 ], [ -76.0632, 35.8534 ], [ -76.0505, 35.8067 ], [ -76.0609, 35.7168 ], [ -76.0451, 35.6656 ], [ -76.013, 35.6689 ], [ -75.9829, 35.7726 ], [ -75.9941, 35.8125 ], [ -75.976, 35.8385 ], [ -75.9861, 35.889 ], [ -75.9216, 35.9359 ], [ -75.9473, 35.9598 ], [ -75.8709, 35.9786 ], [ -75.8094, 35.9593 ], [ -75.7495, 35.8841 ], [ -75.7348, 35.8373 ], [ -75.7386, 35.7494 ], [ -75.7257, 35.7145 ], [ -75.7804, 35.6841 ], [ -75.7349, 35.6302 ], [ -75.7522, 35.608 ], [ -75.812, 35.5833 ], [ -75.8528, 35.5847 ], [ -75.8889, 35.6405 ], [ -75.8824, 35.5761 ], [ -75.9128, 35.5447 ], [ -75.9575, 35.5261 ], [ -76.0157, 35.4417 ], [ -76.0712, 35.4098 ], [ -76.0913, 35.3695 ], [ -76.1562, 35.3377 ], [ -76.1742, 35.347 ], [ -76.2681, 35.34 ], [ -76.3057, 35.3549 ], [ -76.3416, 35.3423 ], [ -76.4119, 35.3464 ], [ -76.4381, 35.3985 ], [ -76.5103, 35.3974 ], [ -76.5655, 35.4495 ], [ -76.5621, 35.4913 ], [ -76.5362, 35.5095 ], [ -76.4694, 35.5193 ], [ -76.4689, 35.5578 ], [ -76.537, 35.5291 ], [ -76.5992, 35.5399 ], [ -76.6379, 35.513 ], [ -76.5974, 35.4819 ], [ -76.607, 35.4555 ], [ -76.5776, 35.3876 ], [ -76.6479, 35.4034 ], [ -76.7107, 35.4286 ], [ -76.7691, 35.4268 ], [ -76.9792, 35.4834 ], [ -76.9662, 35.434 ], [ -76.925, 35.4488 ], [ -76.8445, 35.4237 ], [ -76.8003, 35.3908 ], [ -76.7195, 35.3751 ], [ -76.6814, 35.3497 ], [ -76.6112, 35.3355 ], [ -76.5445, 35.3262 ], [ -76.4989, 35.3059 ], [ -76.4835, 35.2498 ], [ -76.5267, 35.1848 ], [ -76.6013, 35.1974 ], [ -76.5422, 35.1453 ], [ -76.5695, 35.0985 ], [ -76.7116, 35.0045 ], [ -76.7712, 34.9767 ], [ -76.8205, 34.971 ], [ -76.9488, 35.0515 ], [ -76.9893, 35.0438 ], [ -76.98, 35.0092 ], [ -76.9358, 34.9731 ], [ -76.8478, 34.9363 ], [ -76.8112, 34.9392 ], [ -76.7608, 34.9159 ], [ -76.7076, 34.9542 ], [ -76.6772, 34.9577 ], [ -76.6311, 34.9887 ], [ -76.5785, 34.9762 ], [ -76.5647, 34.9983 ], [ -76.4975, 35.0082 ], [ -76.4635, 35.0764 ], [ -76.4358, 35.0579 ], [ -76.4228, 34.9507 ], [ -76.3803, 34.9702 ], [ -76.3206, 34.9755 ], [ -76.3641, 35.0366 ], [ -76.2493, 35.0007 ], [ -76.2795, 34.9414 ], [ -76.3468, 34.8734 ], [ -76.4514, 34.808 ], [ -76.4731, 34.7694 ], [ -76.5141, 34.7543 ], [ -76.5127, 34.7203 ], [ -76.5752, 34.7397 ], [ -76.6044, 34.7899 ], [ -76.627, 34.7194 ], [ -76.8419, 34.7294 ], [ -76.892, 34.7254 ], [ -77.0927, 34.6729 ], [ -77.1133, 34.683 ], [ -77.2048, 34.6334 ], [ -77.2337, 34.593 ], [ -77.307, 34.5451 ], [ -77.5184, 34.4409 ], [ -77.5827, 34.4007 ], [ -77.7106, 34.2977 ], [ -77.7753, 34.2333 ], [ -77.8294, 34.1633 ], [ -77.8752, 34.0747 ], [ -77.9372, 33.9292 ], [ -77.9605, 33.8432 ], [ -77.9959, 33.8551 ], [ -78.0164, 33.8886 ], [ -78.1203, 33.9103 ], [ -78.2478, 33.9148 ], [ -78.3802, 33.9033 ], [ -78.5473, 33.8565 ] ], [ [ -76.3301, 34.8479 ], [ -76.227, 34.9257 ], [ -76.1959, 34.959 ], [ -76.0888, 35.0452 ], [ -76.0741, 35.039 ], [ -76.2426, 34.9078 ], [ -76.3301, 34.8479 ] ], [ [ -75.7268, 35.9358 ], [ -75.6911, 35.9369 ], [ -75.6277, 35.8831 ], [ -75.6144, 35.8157 ], [ -75.6679, 35.8235 ], [ -75.6606, 35.8625 ], [ -75.7268, 35.9358 ] ], [ [ -75.7325, 35.2004 ], [ -75.6682, 35.219 ], [ -75.5798, 35.263 ], [ -75.5581, 35.2343 ], [ -75.6492, 35.2225 ], [ -75.7325, 35.2004 ] ] ] } },
{ "type": "Feature", "properties": { }, "geometry": { "type": "LineString", "coordinates": [ [ -104.0487, 48.9999 ], [ -103.3755, 48.999 ], [ -102.939, 48.9995 ], [ -102.2113, 48.9986 ], [ -102.0212, 48.999 ], [ -101.4965, 48.9996 ], [ -101.1254, 48.9991 ], [ -100.1826, 48.9992 ], [ -99.5258, 48.9993 ], [ -98.9998, 49.0 ], [ -98.4747, 49.0003 ], [ -97.95, 49.0005 ], [ -97.2287, 49.0006 ] ] } },
{ "type": "Feature", "properties": { }, "geometry": { "type": "LineString", "coordinates": [ [ -83.4554, 41.7328 ], [ -83.4778, 41.6985 ], [ -83.3517, 41.687 ], [ -83.3359, 41.7055 ], [ -83.2082, 41.6352 ], [ -83.1695, 41.6233 ], [ -83.0751, 41.6006 ], [ -83.0386, 41.5622 ], [ -82.9697, 41.5239 ], [ -82.8885, 41.5218 ], [ -82.8338, 41.587 ], [ -82.7855, 41.5407 ], [ -82.72, 41.5422 ], [ -82.7263, 41.512 ], [ -82.8442, 41.5021 ], [ -82.8829, 41.4888 ], [ -82.9594, 41.4886 ], [ -82.9748, 41.4672 ], [ -83.0386, 41.4575 ], [ -82.9571, 41.4255 ], [ -82.9019, 41.4305 ], [ -82.8127, 41.4698 ], [ -82.7663, 41.4458 ], [ -82.6812, 41.4774 ], [ -82.601, 41.4195 ], [ -82.5122, 41.383 ], [ -82.4812, 41.3813 ], [ -82.3481, 41.4283 ], [ -82.2547, 41.4343 ], [ -82.1778, 41.4715 ], [ -82.0124, 41.5155 ], [ -81.9683, 41.505 ], [ -81.8636, 41.4827 ], [ -81.8123, 41.4953 ], [ -81.7448, 41.4872 ], [ -81.5997, 41.5606 ], [ -81.5297, 41.6139 ], [ -81.4886, 41.6313 ], [ -81.3885, 41.7073 ], [ -81.2863, 41.7597 ], [ -81.2232, 41.7683 ], [ -81.1285, 41.8111 ], [ -81.0022, 41.8531 ], [ -80.9006, 41.8686 ], [ -80.7731, 41.9082 ], [ -80.6306, 41.9436 ], [ -80.5194, 41.9772 ] ] } },
{ "type": "Feature", "properties": { }, "geometry": { "type": "LineString", "coordinates": [ [ -78.5473, 33.8565 ], [ -78.6679, 33.8194 ], [ -78.7958, 33.7551 ], [ -78.9384, 33.64 ], [ -79.0018, 33.5727 ], [ -79.0305, 33.532 ], [ -79.0846, 33.4837 ], [ -79.1475, 33.3782 ], [ -79.1803, 33.2541 ], [ -79.1757, 33.2111 ], [ -79.1945, 33.1698 ], [ -79.2464, 33.126 ], [ -79.2756, 33.1168 ], [ -79.3302, 33.0866 ], [ -79.3623, 33.0091 ], [ -79.4164, 33.0161 ], [ -79.4833, 33.0098 ], [ -79.5321, 33.0352 ], [ -79.5711, 33.0138 ], [ -79.6176, 32.9527 ], [ -79.5811, 32.9064 ], [ -79.6981, 32.8513 ], [ -79.7264, 32.806 ], [ -79.8488, 32.7536 ], [ -79.8791, 32.7508 ], [ -79.8871, 32.683 ], [ -79.97, 32.6405 ], [ -80.0008, 32.6059 ], [ -80.0373, 32.6102 ], [ -80.1214, 32.5905 ], [ -80.1637, 32.5618 ], [ -80.2541, 32.5323 ], [ -80.3324, 32.4781 ], [ -80.3625, 32.4956 ], [ -80.4135, 32.4707 ], [ -80.4441, 32.5049 ], [ -80.477, 32.4854 ], [ -80.4846, 32.461 ], [ -80.4575, 32.4103 ], [ -80.4293, 32.3897 ], [ -80.4533, 32.3219 ], [ -80.5039, 32.3075 ], [ -80.6237, 32.2581 ], [ -80.6448, 32.2915 ], [ -80.7081, 32.3237 ], [ -80.7654, 32.286 ], [ -80.6865, 32.2442 ], [ -80.6717, 32.2134 ], [ -80.7399, 32.1461 ], [ -80.8215, 32.1086 ], [ -80.8424, 32.1178 ], [ -80.8793, 32.081 ], [ -80.9077, 32.0382 ] ] } },
{ "type": "Feature", "properties": { }, "geometry": { "type": "LineString", "coordinates": [ [ -124.2116, 41.9985 ], [ -124.2705, 42.0456 ], [ -124.2996, 42.0517 ], [ -124.3571, 42.118 ], [ -124.361, 42.1808 ], [ -124.411, 42.2505 ], [ -124.4272, 42.3349 ], [ -124.4359, 42.4372 ], [ -124.39, 42.5748 ], [ -124.4131, 42.6579 ], [ -124.4475, 42.6847 ], [ -124.4739, 42.7327 ], [ -124.5136, 42.7458 ], [ -124.5361, 42.8142 ], [ -124.5593, 42.8343 ], [ -124.4796, 42.9543 ], [ -124.4469, 43.0318 ], [ -124.3825, 43.2702 ], [ -124.4028, 43.3059 ], [ -124.3533, 43.3427 ], [ -124.2869, 43.4363 ], [ -124.232, 43.5624 ], [ -124.219, 43.6109 ], [ -124.1777, 43.7672 ], [ -124.1587, 43.8637 ], [ -124.124, 44.1058 ], [ -124.1089, 44.2655 ], [ -124.114, 44.277 ], [ -124.0837, 44.4304 ], [ -124.0836, 44.5011 ], [ -124.0583, 44.6589 ], [ -124.0579, 44.7352 ], [ -124.0741, 44.7981 ], [ -124.0323, 44.9008 ], [ -124.0089, 45.045 ], [ -123.9754, 45.1455 ], [ -123.9642, 45.317 ], [ -123.9797, 45.3477 ], [ -123.9606, 45.4308 ], [ -123.9747, 45.4673 ], [ -123.9494, 45.5454 ], [ -123.9567, 45.5713 ], [ -123.94, 45.6532 ], [ -123.9431, 45.727 ], [ -123.9691, 45.7831 ], [ -123.9676, 45.9078 ], [ -123.9937, 45.9464 ], [ -123.9375, 45.9773 ], [ -123.9334, 46.0717 ], [ -123.9741, 46.1688 ], [ -123.9729, 46.2127 ], [ -123.8548, 46.1573 ], [ -123.8218, 46.1903 ], [ -123.7576, 46.213 ], [ -123.7181, 46.189 ], [ -123.6195, 46.2153 ], [ -123.5477, 46.2591 ] ] } },
{ "type": "Feature", "properties": { }, "geometry": { "type": "MultiLineString", "coordinates": [ [ [ -80.5194, 41.9772 ], [ -80.3306, 42.0356 ], [ -80.1541, 42.1148 ], [ -80.1356, 42.1493 ], [ -80.0867, 42.1725 ], [ -80.0611, 42.1449 ], [ -79.8732, 42.232 ], [ -79.762, 42.2699 ] ], [ [ -75.4151, 39.8019 ], [ -75.4234, 39.8066 ] ] ] } },
{ "type": "Feature", "properties": { }, "geometry": { "type": "MultiLineString", "coordinates": [ [ [ -97.0721, 27.901 ], [ -97.0638, 27.8516 ], [ -97.1269, 27.8379 ], [ -97.1014, 27.8832 ], [ -97.0721, 27.901 ] ], [ [ -93.838, 29.6906 ], [ -93.8377, 29.679 ], [ -94.0014, 29.6815 ], [ -94.0958, 29.6605 ], [ -94.3541, 29.5626 ], [ -94.3708, 29.5562 ], [ -94.6316, 29.4518 ], [ -94.7085, 29.403 ], [ -94.7334, 29.368 ], [ -94.7672, 29.3904 ], [ -94.7035, 29.4365 ], [ -94.6767, 29.4735 ], [ -94.6066, 29.4828 ], [ -94.562, 29.5309 ], [ -94.5023, 29.5104 ], [ -94.4723, 29.557 ], [ -94.5215, 29.5408 ], [ -94.5451, 29.5719 ], [ -94.7626, 29.5242 ], [ -94.7013, 29.6394 ], [ -94.6894, 29.6933 ], [ -94.6959, 29.7591 ], [ -94.7312, 29.7896 ], [ -94.8152, 29.7585 ], [ -94.8511, 29.7214 ], [ -94.8726, 29.6713 ], [ -94.9082, 29.6556 ], [ -94.9307, 29.6737 ], [ -94.9822, 29.6769 ], [ -95.0152, 29.6325 ], [ -94.9827, 29.6013 ], [ -95.0171, 29.5487 ], [ -94.9947, 29.5198 ], [ -94.912, 29.4963 ], [ -94.9518, 29.4675 ], [ -94.892, 29.4337 ], [ -94.8869, 29.387 ], [ -94.8664, 29.3673 ], [ -94.9709, 29.2832 ], [ -95.0345, 29.2115 ], [ -95.0571, 29.2005 ], [ -95.0973, 29.1774 ], [ -95.1499, 29.1793 ], [ -95.1673, 29.1212 ], [ -95.1238, 29.0706 ], [ -95.2519, 28.979 ], [ -95.2949, 28.9372 ], [ -95.3837, 28.87 ], [ -95.4367, 28.8596 ], [ -95.5072, 28.8256 ], [ -95.772, 28.6867 ], [ -95.8903, 28.6312 ], [ -96.0833, 28.5548 ], [ -96.2704, 28.4619 ], [ -96.3783, 28.3908 ], [ -96.4428, 28.3177 ], [ -96.5606, 28.264 ], [ -96.632, 28.2228 ], [ -96.7522, 28.1411 ], [ -96.8531, 28.0608 ], [ -96.9619, 27.9559 ], [ -97.0552, 27.8473 ], [ -97.033, 27.9128 ], [ -96.9842, 27.9632 ], [ -96.9678, 28.0175 ], [ -96.9337, 28.056 ], [ -96.9255, 28.0884 ], [ -96.8739, 28.1335 ], [ -96.8302, 28.1109 ], [ -96.8203, 28.1634 ], [ -96.8195, 28.1681 ], [ -96.7864, 28.1897 ], [ -96.7162, 28.1932 ], [ -96.6627, 28.226 ], [ -96.6036, 28.2926 ], [ -96.5252, 28.323 ], [ -96.4406, 28.343 ], [ -96.453, 28.4187 ], [ -96.5851, 28.3508 ], [ -96.6251, 28.3162 ], [ -96.6844, 28.3145 ], [ -96.7052, 28.3488 ], [ -96.7062, 28.4046 ], [ -96.7485, 28.4127 ], [ -96.7842, 28.4468 ], [ -96.7868, 28.4022 ], [ -96.8381, 28.4328 ], [ -96.8578, 28.4086 ], [ -96.7991, 28.3648 ], [ -96.7905, 28.3192 ], [ -96.7987, 28.2759 ], [ -96.7852, 28.2295 ], [ -96.8094, 28.2206 ], [ -96.8455, 28.1798 ], [ -96.9316, 28.1239 ], [ -96.9834, 28.1249 ], [ -97.0171, 28.1506 ], [ -97.0175, 28.2029 ], [ -97.1459, 28.1411 ], [ -97.2069, 28.0976 ], [ -97.221, 28.0745 ], [ -97.1389, 28.0269 ], [ -97.0996, 28.0781 ], [ -97.0542, 28.0928 ], [ -97.0368, 28.0759 ], [ -97.0437, 28.0281 ], [ -97.1339, 27.9011 ], [ -97.1354, 27.8978 ], [ -97.1375, 27.8937 ], [ -97.149, 27.885 ], [ -97.1906, 27.8233 ], [ -97.2209, 27.8492 ], [ -97.2218, 27.8506 ], [ -97.2494, 27.8762 ], [ -97.3378, 27.8836 ], [ -97.4521, 27.8709 ], [ -97.4966, 27.8815 ], [ -97.4907, 27.8403 ], [ -97.4629, 27.8234 ], [ -97.3857, 27.84 ], [ -97.3933, 27.7829 ], [ -97.3437, 27.724 ], [ -97.256, 27.6917 ], [ -97.3246, 27.5611 ], [ -97.3676, 27.4433 ], [ -97.3694, 27.4104 ], [ -97.4144, 27.3216 ], [ -97.4829, 27.2979 ], [ -97.4815, 27.3405 ], [ -97.4979, 27.3722 ], [ -97.6072, 27.287 ], [ -97.635, 27.2987 ], [ -97.6798, 27.3762 ], [ -97.692, 27.3337 ], [ -97.6613, 27.2889 ], [ -97.7381, 27.2734 ], [ -97.7277, 27.2616 ], [ -97.6473, 27.2764 ], [ -97.6311, 27.2422 ], [ -97.5296, 27.2292 ], [ -97.4382, 27.2638 ], [ -97.4223, 27.2577 ], [ -97.4416, 27.1638 ], [ -97.4344, 27.1451 ], [ -97.4441, 26.9872 ], [ -97.4603, 26.8473 ], [ -97.4786, 26.8067 ], [ -97.4647, 26.6942 ], [ -97.4406, 26.5999 ], [ -97.4068, 26.4995 ], [ -97.3806, 26.4806 ], [ -97.3487, 26.411 ], [ -97.297, 26.2961 ], [ -97.2812, 26.2805 ], [ -97.3167, 26.224 ], [ -97.2798, 26.0921 ], [ -97.208, 26.0796 ], [ -97.1957, 26.0466 ], [ -97.1532, 26.0389 ], [ -97.1473, 25.9533 ], [ -97.2254, 25.9591 ], [ -97.3249, 25.924 ], [ -97.366, 25.9024 ], [ -97.3729, 25.8401 ], [ -97.443, 25.8481 ], [ -97.4582, 25.8843 ], [ -97.5198, 25.886 ], [ -97.5458, 25.9329 ], [ -97.5807, 25.9389 ], [ -97.6456, 26.0068 ], [ -97.7025, 26.0312 ], [ -97.7777, 26.0294 ], [ -97.8003, 26.0594 ], [ -97.8617, 26.0698 ], [ -97.8686, 26.0572 ], [ -97.9674, 26.0517 ], [ -98.0013, 26.065 ], [ -98.0392, 26.0413 ], [ -98.1055, 26.0675 ], [ -98.1448, 26.0496 ], [ -98.1763, 26.0751 ], [ -98.2487, 26.072 ], [ -98.2712, 26.1142 ], [ -98.3203, 26.1179 ], [ -98.3384, 26.1513 ], [ -98.3839, 26.1566 ], [ -98.4627, 26.2258 ], [ -98.5003, 26.2098 ], [ -98.5865, 26.2575 ], [ -98.6542, 26.236 ], [ -98.7182, 26.2873 ], [ -98.7566, 26.331 ], [ -98.7898, 26.3316 ], [ -98.8274, 26.3691 ], [ -98.8967, 26.3533 ], [ -98.9032, 26.372 ], [ -98.9561, 26.3776 ], [ -98.9752, 26.4011 ], [ -99.0117, 26.3925 ], [ -99.0372, 26.4138 ], [ -99.082, 26.3965 ], [ -99.1109, 26.4263 ], [ -99.0916, 26.477 ], [ -99.1278, 26.5252 ], [ -99.1667, 26.5361 ], [ -99.1695, 26.5717 ], [ -99.1781, 26.6205 ], [ -99.2005, 26.6564 ], [ -99.2089, 26.7248 ], [ -99.24, 26.7459 ], [ -99.2424, 26.7883 ], [ -99.2686, 26.8432 ], [ -99.3289, 26.8798 ], [ -99.3373, 26.9228 ], [ -99.3883, 26.9442 ], [ -99.3773, 26.9738 ], [ -99.4155, 27.0172 ], [ -99.4461, 27.0233 ], [ -99.4263, 27.1763 ], [ -99.4538, 27.2651 ], [ -99.4966, 27.2717 ], [ -99.5044, 27.3399 ], [ -99.4875, 27.4124 ], [ -99.4951, 27.4515 ], [ -99.4793, 27.4786 ], [ -99.5283, 27.4989 ], [ -99.5111, 27.5645 ], [ -99.5419, 27.606 ], [ -99.6035, 27.642 ], [ -99.6389, 27.6268 ], [ -99.6689, 27.66 ], [ -99.7215, 27.6662 ], [ -99.7707, 27.7321 ], [ -99.8351, 27.7629 ], [ -99.878, 27.8007 ], [ -99.8941, 27.893 ], [ -99.9385, 27.9541 ], [ -99.9318, 27.981 ], [ -99.9898, 27.9929 ], [ -100.0179, 28.0648 ], [ -100.0531, 28.0847 ], [ -100.0834, 28.144 ], [ -100.1579, 28.1675 ], [ -100.2122, 28.1968 ], [ -100.2236, 28.2352 ], [ -100.2578, 28.2403 ], [ -100.2943, 28.2844 ], [ -100.2886, 28.317 ], [ -100.3496, 28.4026 ], [ -100.3362, 28.4302 ], [ -100.4114, 28.5519 ], [ -100.4004, 28.5869 ], [ -100.4473, 28.6093 ], [ -100.4457, 28.6406 ], [ -100.4981, 28.6596 ], [ -100.5076, 28.7406 ], [ -100.5364, 28.7776 ], [ -100.5473, 28.8258 ], [ -100.6507, 28.942 ], [ -100.6459, 28.9864 ], [ -100.6675, 29.0843 ], [ -100.6923, 29.1152 ], [ -100.7378, 29.1391 ], [ -100.7949, 29.2416 ], [ -100.8781, 29.2809 ], [ -100.8868, 29.3078 ], [ -100.949, 29.3472 ], [ -101.0042, 29.3648 ], [ -101.0366, 29.4061 ], [ -101.0602, 29.4587 ], [ -101.1519, 29.477 ], [ -101.1738, 29.5146 ], [ -101.2612, 29.5368 ], [ -101.2412, 29.5654 ], [ -101.3118, 29.5855 ], [ -101.3001, 29.6405 ], [ -101.315, 29.6591 ], [ -101.3731, 29.6802 ], [ -101.3984, 29.717 ], [ -101.4098, 29.7706 ], [ -101.4504, 29.7533 ], [ -101.4616, 29.7898 ], [ -101.5032, 29.7646 ], [ -101.535, 29.7977 ], [ -101.5677, 29.7987 ], [ -101.6464, 29.7543 ], [ -101.6625, 29.7713 ], [ -101.7121, 29.7628 ], [ -101.7609, 29.7819 ], [ -101.8036, 29.8034 ], [ -101.851, 29.8079 ], [ -101.8829, 29.7935 ], [ -101.9812, 29.8154 ], [ -102.0736, 29.7869 ], [ -102.1596, 29.8144 ], [ -102.1917, 29.8466 ], [ -102.2235, 29.8405 ], [ -102.3207, 29.8789 ], [ -102.3645, 29.8454 ], [ -102.3897, 29.7826 ], [ -102.4098, 29.7647 ], [ -102.4873, 29.7866 ], [ -102.5483, 29.7446 ], [ -102.5721, 29.7567 ], [ -102.6914, 29.7214 ], [ -102.7041, 29.6713 ], [ -102.7422, 29.6325 ], [ -102.74, 29.599 ], [ -102.7761, 29.5472 ], [ -102.8087, 29.5223 ], [ -102.831, 29.4443 ], [ -102.8256, 29.3969 ], [ -102.8394, 29.3589 ], [ -102.878, 29.3545 ], [ -102.8883, 29.2919 ], [ -102.9064, 29.2621 ], [ -102.8713, 29.2416 ], [ -102.878, 29.2147 ], [ -102.998, 29.1757 ], [ -103.036, 29.0987 ], [ -103.0801, 29.0869 ], [ -103.0978, 29.027 ], [ -103.1546, 28.9716 ], [ -103.2663, 28.996 ], [ -103.4154, 29.0379 ], [ -103.5505, 29.1562 ], [ -103.5924, 29.1503 ], [ -103.7042, 29.1847 ], [ -103.7192, 29.1814 ], [ -103.7927, 29.2625 ], [ -103.8383, 29.2783 ], [ -103.9189, 29.285 ], [ -104.0194, 29.3119 ], [ -104.0822, 29.3459 ], [ -104.1096, 29.3741 ], [ -104.1684, 29.3965 ], [ -104.209, 29.481 ], [ -104.2617, 29.5135 ], [ -104.3381, 29.52 ], [ -104.3996, 29.5723 ], [ -104.5157, 29.6405 ], [ -104.5395, 29.6786 ], [ -104.5498, 29.7406 ], [ -104.6138, 29.846 ], [ -104.6741, 29.9105 ], [ -104.6827, 29.977 ], [ -104.7069, 30.0507 ], [ -104.6858, 30.0823 ], [ -104.6964, 30.1337 ], [ -104.6867, 30.1786 ], [ -104.7613, 30.3006 ], [ -104.7973, 30.3303 ], [ -104.8107, 30.3627 ], [ -104.8595, 30.3904 ], [ -104.8719, 30.5109 ], [ -104.899, 30.5704 ], [ -104.98, 30.6292 ], [ -105.0074, 30.6865 ], [ -105.0484, 30.6805 ], [ -105.0982, 30.7165 ], [ -105.12, 30.75 ], [ -105.1619, 30.7535 ], [ -105.2177, 30.806 ], [ -105.2579, 30.7947 ], [ -105.2922, 30.8263 ], [ -105.3954, 30.8491 ], [ -105.4138, 30.8996 ], [ -105.488, 30.9433 ], [ -105.5001, 30.966 ], [ -105.5562, 30.9889 ], [ -105.6061, 31.085 ], [ -105.6488, 31.1159 ], [ -105.7733, 31.1669 ], [ -105.7944, 31.2022 ], [ -105.8692, 31.2888 ], [ -105.9326, 31.3131 ], [ -105.9538, 31.3647 ], [ -105.9971, 31.3872 ], [ -106.0745, 31.3976 ], [ -106.1328, 31.4254 ], [ -106.2196, 31.4816 ], [ -106.2451, 31.5388 ], [ -106.2811, 31.5627 ], [ -106.3081, 31.6297 ], [ -106.381, 31.7321 ], [ -106.4511, 31.7643 ], [ -106.4895, 31.7484 ], [ -106.5282, 31.7831 ] ], [ [ -97.2682, 27.576 ], [ -97.2401, 27.6333 ], [ -97.1971, 27.6557 ], [ -97.1456, 27.7724 ], [ -97.1253, 27.7792 ], [ -97.1277, 27.8281 ], [ -97.0557, 27.8252 ], [ -97.1541, 27.6969 ], [ -97.2227, 27.5765 ], [ -97.2751, 27.4754 ], [ -97.3189, 27.3698 ], [ -97.3476, 27.278 ], [ -97.3705, 27.1656 ], [ -97.3769, 27.1026 ], [ -97.3761, 26.9604 ], [ -97.3636, 26.866 ], [ -97.3376, 26.7533 ], [ -97.2902, 26.6003 ], [ -97.307, 26.6003 ], [ -97.329, 26.6468 ], [ -97.3909, 26.8164 ], [ -97.3984, 26.8679 ], [ -97.3869, 26.9572 ], [ -97.3935, 26.9713 ], [ -97.3859, 27.0847 ], [ -97.3945, 27.124 ], [ -97.3699, 27.2781 ], [ -97.356, 27.3087 ], [ -97.3618, 27.3591 ], [ -97.3363, 27.4027 ], [ -97.3043, 27.5073 ], [ -97.2682, 27.576 ] ], [ [ -95.1221, 29.0904 ], [ -95.097, 29.1189 ], [ -94.9453, 29.2215 ], [ -94.8744, 29.2899 ], [ -94.7981, 29.3085 ], [ -94.7948, 29.2844 ], [ -95.1221, 29.0904 ] ], [ [ -97.2249, 26.4112 ], [ -97.2405, 26.4112 ], [ -97.2561, 26.4973 ], [ -97.286, 26.5472 ], [ -97.2719, 26.5599 ], [ -97.2249, 26.4112 ] ] ] } },
{ "type": "Feature", "properties": { }, "geometry": { "type": "MultiLineString", "coordinates": [ [ [ -75.2425, 38.027 ], [ -75.3462, 37.8913 ], [ -75.4064, 37.8994 ], [ -75.4893, 37.8325 ], [ -75.5268, 37.7887 ], [ -75.5894, 37.6912 ], [ -75.6145, 37.6093 ], [ -75.6001, 37.5713 ], [ -75.6786, 37.4599 ], [ -75.6753, 37.4317 ], [ -75.7572, 37.314 ], [ -75.792, 37.282 ], [ -75.8206, 37.193 ], [ -75.8984, 37.1186 ], [ -75.9701, 37.1172 ], [ -75.9765, 37.1544 ], [ -76.0131, 37.206 ], [ -76.0258, 37.2574 ], [ -76.0122, 37.3338 ], [ -75.9675, 37.3998 ], [ -75.9831, 37.4158 ], [ -75.959, 37.5001 ], [ -75.9339, 37.5523 ], [ -75.9096, 37.6227 ], [ -75.8523, 37.6854 ], [ -75.8297, 37.735 ], [ -75.7873, 37.7571 ], [ -75.8164, 37.7893 ], [ -75.7706, 37.8046 ], [ -75.7442, 37.786 ], [ -75.6789, 37.8883 ], [ -75.7435, 37.9121 ], [ -75.6482, 37.9668 ] ], [ [ -77.1302, 38.635 ], [ -77.202, 38.6177 ], [ -77.2339, 38.6613 ], [ -77.2239, 38.646 ], [ -77.2653, 38.5803 ], [ -77.257, 38.5612 ], [ -77.2994, 38.5115 ], [ -77.3263, 38.4436 ], [ -77.2871, 38.3488 ], [ -77.2401, 38.331 ], [ -77.1627, 38.346 ], [ -77.1382, 38.3679 ], [ -77.0848, 38.3683 ], [ -77.0534, 38.3988 ], [ -77.0185, 38.3819 ], [ -77.0307, 38.3116 ], [ -77.001, 38.2761 ], [ -76.9621, 38.2565 ], [ -76.9623, 38.2141 ], [ -76.8388, 38.1635 ], [ -76.7602, 38.1666 ], [ -76.7286, 38.1317 ], [ -76.6897, 38.1602 ], [ -76.6121, 38.1487 ], [ -76.6009, 38.1101 ], [ -76.5354, 38.0736 ], [ -76.5214, 38.0464 ], [ -76.5556, 38.0262 ], [ -76.4767, 38.0143 ], [ -76.4754, 37.9922 ], [ -76.408, 37.9628 ], [ -76.3438, 37.9473 ], [ -76.237, 37.8905 ], [ -76.2661, 37.8174 ], [ -76.3066, 37.8219 ], [ -76.3086, 37.7406 ], [ -76.3318, 37.6853 ], [ -76.3318, 37.6298 ], [ -76.4019, 37.6274 ], [ -76.4521, 37.6488 ], [ -76.5015, 37.6438 ], [ -76.5342, 37.6609 ], [ -76.542, 37.708 ], [ -76.5858, 37.7716 ], [ -76.6295, 37.8005 ], [ -76.7016, 37.8227 ], [ -76.7985, 37.9252 ], [ -76.8328, 37.9317 ], [ -76.8712, 37.9859 ], [ -76.8921, 37.9863 ], [ -76.9271, 38.0712 ], [ -76.9172, 38.0296 ], [ -76.9274, 37.9818 ], [ -76.8474, 37.9165 ], [ -76.7946, 37.8952 ], [ -76.7343, 37.7987 ], [ -76.6829, 37.7705 ], [ -76.6197, 37.7448 ], [ -76.5972, 37.7173 ], [ -76.5897, 37.6658 ], [ -76.5272, 37.6113 ], [ -76.4334, 37.6129 ], [ -76.4286, 37.5875 ], [ -76.3326, 37.57 ], [ -76.3119, 37.5464 ], [ -76.3608, 37.5284 ], [ -76.3173, 37.4851 ], [ -76.2719, 37.4864 ], [ -76.2561, 37.4526 ], [ -76.2478, 37.3788 ], [ -76.3086, 37.3294 ], [ -76.3486, 37.3715 ], [ -76.4145, 37.4136 ], [ -76.4441, 37.3665 ], [ -76.3624, 37.2686 ], [ -76.4172, 37.2651 ], [ -76.5063, 37.2434 ], [ -76.4718, 37.216 ], [ -76.3869, 37.2261 ], [ -76.4057, 37.16 ], [ -76.3487, 37.1687 ], [ -76.296, 37.1098 ], [ -76.2714, 37.0876 ], [ -76.3004, 37.0089 ], [ -76.3407, 37.0152 ], [ -76.3877, 36.9897 ], [ -76.4253, 36.9664 ], [ -76.4645, 37.0275 ], [ -76.5671, 37.0838 ], [ -76.6255, 37.1273 ], [ -76.6074, 37.1688 ], [ -76.6499, 37.2209 ], [ -76.693, 37.2237 ], [ -76.7578, 37.1917 ], [ -76.7935, 37.2312 ], [ -76.8695, 37.2422 ], [ -76.8752, 37.2608 ], [ -76.9439, 37.2347 ], [ -76.9025, 37.1998 ], [ -76.8185, 37.2053 ], [ -76.7153, 37.148 ], [ -76.6716, 37.1421 ], [ -76.6569, 37.1098 ], [ -76.6699, 37.0599 ], [ -76.646, 37.0362 ], [ -76.5865, 37.0287 ], [ -76.5629, 37.0038 ], [ -76.4865, 36.9565 ], [ -76.4952, 36.9225 ], [ -76.4916, 36.8811 ], [ -76.4069, 36.8975 ], [ -76.3545, 36.9228 ], [ -76.3418, 36.8601 ], [ -76.3017, 36.8509 ], [ -76.327, 36.8736 ], [ -76.3302, 36.9421 ], [ -76.2961, 36.969 ], [ -76.1771, 36.9301 ], [ -76.0905, 36.9078 ], [ -76.0416, 36.9299 ], [ -75.9963, 36.922 ], [ -75.9496, 36.7612 ], [ -75.8909, 36.6308 ], [ -75.8676, 36.5504 ] ] ] } },
{ "type": "Feature", "properties": { }, "geometry": { "type": "MultiLineString", "coordinates": [ [ [ -123.5477, 46.2591 ], [ -123.6695, 46.2668 ], [ -123.7279, 46.2897 ], [ -123.7956, 46.2845 ], [ -123.8755, 46.2398 ], [ -123.9093, 46.2455 ], [ -123.9852, 46.309 ], [ -124.0206, 46.3157 ], [ -124.078, 46.2759 ], [ -124.0584, 46.3865 ], [ -124.057, 46.4933 ], [ -124.0696, 46.6307 ], [ -124.0236, 46.5826 ], [ -124.0317, 46.4964 ], [ -124.0153, 46.3787 ], [ -123.9537, 46.3788 ], [ -123.9701, 46.4392 ], [ -123.9942, 46.4689 ], [ -123.8955, 46.5141 ], [ -123.8962, 46.5503 ], [ -123.9592, 46.6136 ], [ -123.9156, 46.6786 ], [ -123.8335, 46.7183 ], [ -123.8767, 46.7307 ], [ -123.9797, 46.7247 ], [ -123.9989, 46.706 ], [ -124.0965, 46.7462 ], [ -124.0983, 46.7941 ], [ -124.0893, 46.8677 ], [ -123.9851, 46.9219 ], [ -123.8702, 46.9432 ], [ -123.8591, 46.9676 ], [ -123.9916, 46.9802 ], [ -124.0263, 47.0302 ], [ -124.1221, 47.0416 ], [ -124.1513, 47.0211 ], [ -124.1274, 46.9455 ], [ -124.1739, 46.9272 ], [ -124.1691, 46.9945 ], [ -124.1767, 47.093 ], [ -124.209, 47.2182 ], [ -124.2363, 47.2873 ], [ -124.2781, 47.3064 ], [ -124.3194, 47.3556 ], [ -124.3364, 47.4051 ], [ -124.3549, 47.5335 ], [ -124.3662, 47.5824 ], [ -124.4305, 47.7462 ], [ -124.4686, 47.7683 ], [ -124.498, 47.8226 ], [ -124.6108, 47.8806 ], [ -124.6414, 47.9079 ], [ -124.678, 47.9923 ], [ -124.6965, 48.0693 ], [ -124.6918, 48.1082 ], [ -124.7317, 48.17 ], [ -124.6909, 48.2126 ], [ -124.7059, 48.2399 ], [ -124.6589, 48.3311 ], [ -124.7318, 48.3812 ], [ -124.6594, 48.3909 ], [ -124.6103, 48.3667 ], [ -124.5648, 48.3679 ], [ -124.3809, 48.2847 ], [ -124.2509, 48.2648 ], [ -124.1307, 48.2206 ], [ -124.0507, 48.1777 ], [ -123.8667, 48.1548 ], [ -123.7781, 48.1555 ], [ -123.7095, 48.1676 ], [ -123.5908, 48.1349 ], [ -123.5511, 48.1514 ], [ -123.5072, 48.1318 ], [ -123.4247, 48.1181 ], [ -123.2391, 48.1182 ], [ -123.1644, 48.1659 ], [ -123.0662, 48.1205 ], [ -123.0406, 48.0843 ], [ -122.9163, 48.0954 ], [ -122.9277, 48.0653 ], [ -122.8752, 48.0464 ], [ -122.8817, 48.1083 ], [ -122.8332, 48.1344 ], [ -122.7627, 48.1428 ], [ -122.7489, 48.117 ], [ -122.8014, 48.0876 ], [ -122.7485, 48.0301 ], [ -122.7333, 48.0912 ], [ -122.6967, 48.1032 ], [ -122.6706, 48.0176 ], [ -122.7181, 47.9877 ], [ -122.6762, 47.9587 ], [ -122.6729, 47.9188 ], [ -122.6339, 47.8684 ], [ -122.7132, 47.8141 ], [ -122.743, 47.8099 ], [ -122.7564, 47.7513 ], [ -122.8136, 47.7157 ], [ -122.7881, 47.8042 ], [ -122.8535, 47.7801 ], [ -122.8827, 47.7312 ], [ -122.8782, 47.6901 ], [ -122.9041, 47.6456 ], [ -122.9819, 47.6067 ], [ -123.1013, 47.4634 ], [ -123.1596, 47.3544 ], [ -123.1404, 47.3418 ], [ -123.0303, 47.3509 ], [ -123.1202, 47.3915 ], [ -123.0338, 47.4941 ], [ -123.0237, 47.5203 ], [ -122.9651, 47.5852 ], [ -122.9171, 47.6207 ], [ -122.7525, 47.6678 ], [ -122.7483, 47.7179 ], [ -122.6841, 47.7986 ], [ -122.5731, 47.8741 ], [ -122.5962, 47.9202 ], [ -122.5253, 47.9123 ], [ -122.4885, 47.7436 ], [ -122.5373, 47.7471 ], [ -122.5931, 47.6943 ], [ -122.6178, 47.6498 ], [ -122.5911, 47.6355 ], [ -122.6063, 47.5469 ], [ -122.5694, 47.5828 ], [ -122.5384, 47.5631 ], [ -122.545, 47.5229 ], [ -122.4953, 47.511 ], [ -122.5323, 47.4692 ], [ -122.5509, 47.4034 ], [ -122.5385, 47.3759 ], [ -122.5737, 47.3184 ], [ -122.5475, 47.2853 ], [ -122.5858, 47.2539 ], [ -122.6307, 47.2772 ], [ -122.6974, 47.284 ], [ -122.6713, 47.3413 ], [ -122.7302, 47.3333 ], [ -122.7574, 47.2767 ], [ -122.7198, 47.2209 ], [ -122.7716, 47.1671 ], [ -122.8328, 47.2434 ], [ -122.7871, 47.2997 ], [ -122.8011, 47.3586 ], [ -122.8684, 47.2802 ], [ -122.8392, 47.2097 ], [ -122.8584, 47.1678 ], [ -122.7933, 47.1525 ], [ -122.7863, 47.1271 ], [ -122.7132, 47.0935 ], [ -122.6927, 47.1013 ], [ -122.5929, 47.1758 ], [ -122.5639, 47.2435 ], [ -122.533, 47.2764 ], [ -122.5333, 47.3166 ], [ -122.4403, 47.262 ], [ -122.4092, 47.2886 ], [ -122.4179, 47.3203 ], [ -122.3248, 47.3485 ], [ -122.3272, 47.3877 ], [ -122.368, 47.4592 ], [ -122.3613, 47.4814 ], [ -122.3988, 47.5174 ], [ -122.4211, 47.576 ], [ -122.3449, 47.6091 ], [ -122.4298, 47.6589 ], [ -122.3731, 47.7292 ], [ -122.3952, 47.7779 ], [ -122.3956, 47.8068 ], [ -122.3399, 47.8467 ], [ -122.307, 47.9491 ], [ -122.23, 47.9709 ], [ -122.219, 48.0203 ], [ -122.3432, 48.0976 ], [ -122.3678, 48.1349 ], [ -122.3683, 48.2146 ], [ -122.3947, 48.2299 ], [ -122.4785, 48.1881 ], [ -122.4424, 48.1308 ], [ -122.512, 48.1339 ], [ -122.5372, 48.1837 ], [ -122.531, 48.2498 ], [ -122.4055, 48.252 ], [ -122.3729, 48.2977 ], [ -122.4889, 48.3669 ], [ -122.5328, 48.375 ], [ -122.5583, 48.4258 ], [ -122.6562, 48.4078 ], [ -122.6683, 48.4863 ], [ -122.6152, 48.5214 ], [ -122.5587, 48.4998 ], [ -122.5372, 48.4663 ], [ -122.4702, 48.4688 ], [ -122.5044, 48.5648 ], [ -122.4541, 48.5658 ], [ -122.4253, 48.5995 ], [ -122.4888, 48.6454 ], [ -122.4912, 48.7424 ], [ -122.5358, 48.7761 ], [ -122.6081, 48.7628 ], [ -122.7068, 48.8023 ], [ -122.7227, 48.8529 ], [ -122.7857, 48.8851 ], [ -122.7466, 48.9307 ], [ -122.8172, 48.956 ], [ -122.758, 49.0024 ], [ -122.0984, 49.0021 ], [ -121.7513, 48.9974 ], [ -121.3453, 49.0008 ], [ -120.8516, 49.0003 ], [ -120.0012, 48.9994 ], [ -119.4287, 49.0003 ], [ -118.8366, 49.0003 ], [ -118.1974, 49.0004 ], [ -117.43, 49.0004 ], [ -117.0324, 48.9992 ] ], [ [ -122.7699, 48.2275 ], [ -122.7226, 48.3043 ], [ -122.6737, 48.3547 ], [ -122.6647, 48.4015 ], [ -122.585, 48.3952 ], [ -122.5976, 48.3576 ], [ -122.5066, 48.31 ], [ -122.531, 48.2824 ], [ -122.6185, 48.2942 ], [ -122.6259, 48.2714 ], [ -122.693, 48.2222 ], [ -122.6284, 48.2225 ], [ -122.5858, 48.1824 ], [ -122.5577, 48.1179 ], [ -122.5719, 48.1021 ], [ -122.539, 48.0502 ], [ -122.4911, 48.0942 ], [ -122.4484, 48.0543 ], [ -122.3763, 48.0345 ], [ -122.3507, 47.9532 ], [ -122.3904, 47.9057 ], [ -122.4455, 47.9302 ], [ -122.4467, 47.9632 ], [ -122.4788, 47.9898 ], [ -122.5416, 47.993 ], [ -122.5967, 48.0258 ], [ -122.614, 48.0728 ], [ -122.5983, 48.1106 ], [ -122.6127, 48.1559 ], [ -122.6767, 48.154 ], [ -122.7115, 48.1936 ], [ -122.7699, 48.2275 ] ], [ [ -122.9457, 48.4778 ], [ -122.9203, 48.5507 ], [ -122.8909, 48.5582 ], [ -122.8287, 48.5233 ], [ -122.8035, 48.4302 ], [ -122.8537, 48.4198 ], [ -122.9457, 48.4778 ] ], [ [ -123.0174, 48.5901 ], [ -122.919, 48.5871 ], [ -122.9662, 48.5491 ], [ -123.0174, 48.5901 ] ], [ [ -123.0303, 48.6299 ], [ -123.0101, 48.655 ], [ -122.9171, 48.7137 ], [ -122.8776, 48.7127 ], [ -122.742, 48.6623 ], [ -122.8088, 48.6199 ], [ -122.8482, 48.622 ], [ -122.8842, 48.5887 ], [ -122.9475, 48.5972 ], [ -122.9839, 48.6421 ], [ -123.0303, 48.6299 ] ], [ [ -123.2033, 48.5955 ], [ -123.1797, 48.622 ], [ -123.1053, 48.6226 ], [ -122.9952, 48.5355 ], [ -123.0164, 48.5186 ], [ -123.0059, 48.4709 ], [ -123.0406, 48.4617 ], [ -123.133, 48.4983 ], [ -123.1632, 48.5301 ], [ -123.1711, 48.5758 ], [ -123.2033, 48.5955 ] ], [ [ -122.5908, 47.6633 ], [ -122.5528, 47.7208 ], [ -122.5038, 47.6944 ], [ -122.4983, 47.5979 ], [ -122.5768, 47.6004 ], [ -122.5908, 47.6633 ] ], [ [ -122.7417, 47.155 ], [ -122.6958, 47.189 ], [ -122.6755, 47.142 ], [ -122.7417, 47.155 ] ], [ [ -122.7405, 48.585 ], [ -122.7111, 48.6093 ], [ -122.6682, 48.5664 ], [ -122.7224, 48.5406 ], [ -122.7405, 48.585 ] ], [ [ -122.526, 47.3589 ], [ -122.514, 47.4489 ], [ -122.46, 47.4869 ], [ -122.4273, 47.4021 ], [ -122.454, 47.3433 ], [ -122.5189, 47.3333 ], [ -122.526, 47.3589 ] ], [ [ -122.7223, 48.7316 ], [ -122.7031, 48.7436 ], [ -122.6182, 48.6707 ], [ -122.6353, 48.6518 ], [ -122.7223, 48.7316 ] ] ] } },
{ "type": "Feature", "properties": { }, "geometry": { "type": "MultiLineString", "coordinates": [ [ [ -92.0153, 46.7065 ], [ -91.943, 46.6799 ], [ -91.7901, 46.6947 ], [ -91.5907, 46.7543 ], [ -91.5514, 46.7557 ], [ -91.5111, 46.7575 ], [ -91.3726, 46.7927 ], [ -91.3383, 46.8177 ], [ -91.2567, 46.8369 ], [ -91.0966, 46.8615 ], [ -91.0399, 46.8892 ], [ -90.9649, 46.9438 ], [ -90.931, 46.9324 ], [ -90.8639, 46.9627 ], [ -90.7921, 46.9338 ], [ -90.7708, 46.8804 ], [ -90.7857, 46.842 ], [ -90.8356, 46.7898 ], [ -90.885, 46.7563 ], [ -90.8527, 46.6996 ], [ -90.9149, 46.6591 ], [ -90.9516, 46.601 ], [ -90.9271, 46.5852 ], [ -90.9099, 46.5824 ], [ -90.7948, 46.6249 ], [ -90.7122, 46.6659 ], [ -90.6803, 46.656 ], [ -90.5497, 46.5839 ], [ -90.5059, 46.5896 ], [ -90.4181, 46.5661 ] ], [ [ -87.5922, 45.0948 ], [ -87.6257, 45.0452 ], [ -87.6289, 44.9867 ], [ -87.7624, 44.9666 ], [ -87.813, 44.954 ], [ -87.8443, 44.9185 ], [ -87.8311, 44.8954 ], [ -87.8666, 44.8427 ], [ -87.8956, 44.8295 ], [ -87.9343, 44.7657 ], [ -87.9691, 44.7397 ], [ -87.9879, 44.6776 ], [ -87.9916, 44.6772 ], [ -87.9936, 44.6772 ], [ -88.033, 44.5589 ], [ -87.9707, 44.5303 ], [ -87.929, 44.536 ], [ -87.8566, 44.6197 ], [ -87.7624, 44.6445 ], [ -87.7361, 44.677 ], [ -87.7209, 44.7245 ], [ -87.6101, 44.8384 ], [ -87.5006, 44.8584 ], [ -87.4276, 44.8824 ], [ -87.3214, 45.0382 ], [ -87.2617, 45.0863 ], [ -87.2377, 45.1682 ], [ -87.1751, 45.1731 ], [ -87.1463, 45.1919 ], [ -87.1087, 45.257 ], [ -86.9977, 45.2982 ], [ -86.9854, 45.2158 ], [ -87.0368, 45.2316 ], [ -87.0573, 45.1245 ], [ -87.1235, 45.0671 ], [ -87.1394, 45.0126 ], [ -87.1894, 44.9686 ], [ -87.1749, 44.9277 ], [ -87.2172, 44.8978 ], [ -87.2045, 44.8756 ], [ -87.2615, 44.851 ], [ -87.3185, 44.7885 ], [ -87.3435, 44.7192 ], [ -87.3751, 44.6754 ], [ -87.4375, 44.6051 ], [ -87.4837, 44.5114 ], [ -87.5176, 44.3757 ], [ -87.543, 44.3275 ], [ -87.5412, 44.2931 ], [ -87.5084, 44.2297 ], [ -87.5197, 44.1799 ], [ -87.5632, 44.1442 ], [ -87.6481, 44.1037 ], [ -87.6561, 44.0518 ], [ -87.6837, 44.0202 ], [ -87.7316, 43.8922 ], [ -87.7264, 43.8104 ], [ -87.6961, 43.7631 ], [ -87.7027, 43.6876 ], [ -87.7813, 43.5785 ], [ -87.7919, 43.543 ], [ -87.804, 43.4634 ], [ -87.8696, 43.3872 ], [ -87.9118, 43.2504 ], [ -87.8921, 43.192 ], [ -87.9014, 43.1332 ], [ -87.8638, 43.0706 ], [ -87.8987, 43.0257 ], [ -87.85, 42.9707 ], [ -87.8478, 42.8964 ], [ -87.8271, 42.8422 ], [ -87.7737, 42.77 ], [ -87.7851, 42.7008 ], [ -87.8059, 42.6679 ], [ -87.8171, 42.6355 ], [ -87.8118, 42.5206 ], [ -87.8021, 42.4926 ] ], [ [ -86.9562, 45.352 ], [ -86.943, 45.4153 ], [ -86.8615, 45.4121 ], [ -86.8429, 45.3983 ], [ -86.8665, 45.3357 ], [ -86.9272, 45.3297 ], [ -86.9562, 45.352 ] ], [ [ -90.4653, 47.0028 ], [ -90.436, 47.0736 ], [ -90.3951, 47.077 ], [ -90.4041, 47.0247 ], [ -90.4653, 47.0028 ] ], [ [ -90.6543, 46.9223 ], [ -90.6371, 46.9419 ], [ -90.5288, 46.9685 ], [ -90.5477, 46.9241 ], [ -90.6391, 46.9065 ], [ -90.6543, 46.9223 ] ], [ [ -90.7653, 46.947 ], [ -90.7156, 46.9584 ], [ -90.689, 46.9175 ], [ -90.7367, 46.9134 ], [ -90.7653, 46.947 ] ], [ [ -90.7916, 46.785 ], [ -90.733, 46.8002 ], [ -90.6165, 46.8745 ], [ -90.57, 46.8497 ], [ -90.6738, 46.8197 ], [ -90.7712, 46.753 ], [ -90.7916, 46.785 ] ] ] } },
{ "type": "Feature", "properties": { }, "geometry": { "type": "LineString", "coordinates": [ [ -71.8605, 41.3202 ], [ -71.8775, 41.336 ], [ -71.9794, 41.33 ], [ -72.0108, 41.307 ], [ -72.0491, 41.3191 ], [ -72.1342, 41.2994 ], [ -72.1776, 41.3225 ], [ -72.2037, 41.2872 ], [ -72.2488, 41.2993 ], [ -72.2615, 41.2829 ], [ -72.3866, 41.2618 ], [ -72.4519, 41.2789 ], [ -72.5363, 41.2548 ], [ -72.6172, 41.272 ], [ -72.6851, 41.258 ], [ -72.7621, 41.2677 ], [ -72.8815, 41.2431 ], [ -72.931, 41.2627 ], [ -72.9621, 41.2519 ], [ -73.0146, 41.2047 ], [ -73.0496, 41.2108 ], [ -73.108, 41.1688 ], [ -73.1303, 41.1468 ], [ -73.2027, 41.1581 ], [ -73.2624, 41.1182 ], [ -73.2987, 41.1248 ], [ -73.4025, 41.0861 ], [ -73.4333, 41.0558 ], [ -73.469, 41.0601 ], [ -73.5515, 41.0243 ], [ -73.659, 40.9889 ] ] } },
{ "type": "Feature", "properties": { }, "geometry": { "type": "MultiLineString", "coordinates": [ [ [ -158.2776, 21.577 ], [ -158.1228, 21.5835 ], [ -158.0651, 21.6391 ], [ -158.0623, 21.6554 ], [ -158.0093, 21.7003 ], [ -157.9674, 21.7104 ], [ -157.9168, 21.6474 ], [ -157.9194, 21.6263 ], [ -157.8867, 21.5806 ], [ -157.8467, 21.5498 ], [ -157.8506, 21.5063 ], [ -157.8381, 21.4567 ], [ -157.7059, 21.3803 ], [ -157.6938, 21.3329 ], [ -157.651, 21.2988 ], [ -157.7093, 21.2597 ], [ -157.7194, 21.2844 ], [ -157.7959, 21.2572 ], [ -157.8867, 21.3066 ], [ -157.9472, 21.3038 ], [ -157.9783, 21.3159 ], [ -158.0503, 21.3011 ], [ -158.1127, 21.3019 ], [ -158.1411, 21.3764 ], [ -158.173, 21.3986 ], [ -158.1796, 21.4286 ], [ -158.2311, 21.4827 ], [ -158.2315, 21.5372 ], [ -158.2776, 21.577 ] ], [ [ -159.7879, 22.0301 ], [ -159.7838, 22.0649 ], [ -159.7453, 22.0975 ], [ -159.7305, 22.1399 ], [ -159.6584, 22.1731 ], [ -159.5811, 22.2235 ], [ -159.5184, 22.2112 ], [ -159.4879, 22.2295 ], [ -159.429, 22.2176 ], [ -159.4067, 22.2257 ], [ -159.34, 22.2085 ], [ -159.2933, 22.1443 ], [ -159.2966, 22.1051 ], [ -159.3327, 22.0507 ], [ -159.3299, 21.9602 ], [ -159.3551, 21.9316 ], [ -159.4449, 21.8686 ], [ -159.6081, 21.8998 ], [ -159.6687, 21.9536 ], [ -159.7594, 21.9795 ], [ -159.7879, 22.0301 ] ], [ [ -160.2452, 21.8472 ], [ -160.2254, 21.89 ], [ -160.187, 21.9249 ], [ -160.1255, 21.9537 ], [ -160.1117, 21.9936 ], [ -160.053, 21.9923 ], [ -160.083, 21.9279 ], [ -160.0748, 21.8948 ], [ -160.159, 21.8653 ], [ -160.2035, 21.7792 ], [ -160.2306, 21.7905 ], [ -160.2452, 21.8472 ] ], [ [ -156.6974, 20.9164 ], [ -156.6662, 20.9962 ], [ -156.5885, 21.0308 ], [ -156.5601, 21.0139 ], [ -156.4964, 20.9309 ], [ -156.4797, 20.8981 ], [ -156.3837, 20.916 ], [ -156.3218, 20.9471 ], [ -156.2403, 20.9359 ], [ -156.1668, 20.8656 ], [ -156.1304, 20.8594 ], [ -156.1067, 20.823 ], [ -156.0005, 20.7915 ], [ -155.9851, 20.7735 ], [ -155.9834, 20.7217 ], [ -156.0466, 20.6526 ], [ -156.1108, 20.6397 ], [ -156.139, 20.6181 ], [ -156.1913, 20.6285 ], [ -156.2996, 20.5831 ], [ -156.3738, 20.5749 ], [ -156.4407, 20.6043 ], [ -156.4482, 20.7221 ], [ -156.4613, 20.7785 ], [ -156.5062, 20.7951 ], [ -156.5377, 20.7746 ], [ -156.6184, 20.8076 ], [ -156.6736, 20.8613 ], [ -156.6974, 20.9164 ] ], [ [ -156.7, 20.5279 ], [ -156.6775, 20.555 ], [ -156.5684, 20.6031 ], [ -156.539, 20.5762 ], [ -156.5674, 20.5161 ], [ -156.6795, 20.5034 ], [ -156.7, 20.5279 ] ], [ [ -157.0602, 20.9019 ], [ -157.0355, 20.9224 ], [ -156.987, 20.9288 ], [ -156.9153, 20.9196 ], [ -156.8825, 20.9045 ], [ -156.8288, 20.8559 ], [ -156.8059, 20.8217 ], [ -156.8299, 20.7669 ], [ -156.8904, 20.735 ], [ -156.9633, 20.7319 ], [ -156.9922, 20.7872 ], [ -157.0062, 20.8496 ], [ -157.0497, 20.8702 ], [ -157.0602, 20.9019 ] ], [ [ -156.9181, 21.1686 ], [ -156.8659, 21.1614 ], [ -156.8039, 21.1752 ], [ -156.7391, 21.1735 ], [ -156.7124, 21.144 ], [ -156.736, 21.1141 ], [ -156.8022, 21.0671 ], [ -156.8745, 21.0455 ], [ -157.0956, 21.1036 ], [ -157.1491, 21.0915 ], [ -157.2525, 21.0877 ], [ -157.2988, 21.0934 ], [ -157.2911, 21.143 ], [ -157.2514, 21.1778 ], [ -157.2388, 21.2178 ], [ -157.1868, 21.2033 ], [ -157.0146, 21.1835 ], [ -156.9181, 21.1686 ] ], [ [ -156.0608, 19.7305 ], [ -156.0493, 19.7719 ], [ -155.973, 19.848 ], [ -155.9221, 19.8572 ], [ -155.859, 19.9629 ], [ -155.8324, 19.9739 ], [ -155.8231, 20.0276 ], [ -155.8645, 20.0764 ], [ -155.8914, 20.1255 ], [ -155.9044, 20.1961 ], [ -155.8826, 20.2568 ], [ -155.837, 20.267 ], [ -155.731, 20.22 ], [ -155.7249, 20.2016 ], [ -155.6517, 20.1654 ], [ -155.5891, 20.1192 ], [ -155.5561, 20.1292 ], [ -155.4378, 20.0927 ], [ -155.2803, 20.019 ], [ -155.1773, 19.9478 ], [ -155.0927, 19.8647 ], [ -155.0823, 19.8359 ], [ -155.09, 19.7346 ], [ -155.0035, 19.7363 ], [ -154.9781, 19.689 ], [ -154.9825, 19.6439 ], [ -154.9026, 19.5684 ], [ -154.8114, 19.5268 ], [ -154.8203, 19.4789 ], [ -154.8892, 19.4156 ], [ -154.9719, 19.3499 ], [ -155.0712, 19.3117 ], [ -155.1298, 19.274 ], [ -155.1919, 19.2561 ], [ -155.2625, 19.2712 ], [ -155.2932, 19.2639 ], [ -155.347, 19.2145 ], [ -155.4147, 19.1847 ], [ -155.4501, 19.149 ], [ -155.5013, 19.1349 ], [ -155.5549, 19.0778 ], [ -155.5518, 19.0517 ], [ -155.5937, 18.9952 ], [ -155.5992, 18.9684 ], [ -155.6548, 18.9224 ], [ -155.7236, 18.9664 ], [ -155.7592, 18.9773 ], [ -155.801, 19.0101 ], [ -155.8796, 19.0335 ], [ -155.9183, 19.1148 ], [ -155.8867, 19.3455 ], [ -155.9049, 19.4103 ], [ -155.9482, 19.4955 ], [ -155.9738, 19.6039 ], [ -156.0608, 19.7305 ] ] ] } },
{ "type": "Feature", "properties": { }, "geometry": { "type": "LineString", "coordinates": [ [ -106.5282, 31.7831 ], [ -107.0006, 31.7835 ], [ -107.2968, 31.7838 ], [ -107.6403, 31.7836 ], [ -108.2084, 31.7836 ], [ -108.2086, 31.3334 ], [ -108.7077, 31.3332 ], [ -109.05, 31.3325 ] ] } },
{ "type": "Feature", "properties": { }, "geometry": { "type": "MultiLineString", "coordinates": [ [ [ -170.7404, -14.2915 ], [ -170.7017, -14.2561 ], [ -170.628, -14.2585 ], [ -170.716, -14.3172 ], [ -170.7092, -14.3257 ], [ -170.7054, -14.3302 ], [ -170.7598, -14.3737 ], [ -170.7903, -14.3346 ], [ -170.8336, -14.3117 ], [ -170.7984, -14.2894 ], [ -170.7404, -14.2915 ] ], [ [ -169.5191, -14.2209 ], [ -169.4283, -14.2113 ], [ -169.4229, -14.255 ], [ -169.4615, -14.2489 ], [ -169.4927, -14.2705 ], [ -169.5191, -14.2209 ] ], [ [ -171.0899, -11.0526 ], [ -171.0736, -11.0469 ], [ -171.0769, -11.0638 ], [ -171.0899, -11.0526 ] ], [ [ -168.1458, -14.5479 ], [ -168.1451, -14.5453 ], [ -168.1433, -14.5474 ], [ -168.1458, -14.5479 ] ] ] } },
{ "type": "Feature", "properties": { }, "geometry": { "type": "MultiLineString", "coordinates": [ [ [ 145.6901, 15.1202 ], [ 145.7274, 15.2176 ], [ 145.7775, 15.2529 ], [ 145.7781, 15.1894 ], [ 145.7518, 15.1606 ], [ 145.7387, 15.1059 ], [ 145.6901, 15.1202 ] ], [ [ 145.7079, 18.0476 ], [ 145.717, 18.0758 ], [ 145.7565, 18.0996 ], [ 145.7707, 18.1678 ], [ 145.8064, 18.1566 ], [ 145.7989, 18.1108 ], [ 145.7607, 18.0957 ], [ 145.7388, 18.0584 ], [ 145.7079, 18.0476 ] ], [ [ 145.6363, 18.7773 ], [ 145.6537, 18.8107 ], [ 145.6957, 18.7916 ], [ 145.6906, 18.7408 ], [ 145.6517, 18.7369 ], [ 145.6363, 18.7773 ] ], [ [ 145.6327, 16.3665 ], [ 145.7058, 16.3692 ], [ 145.7025, 16.3335 ], [ 145.6389, 16.3398 ], [ 145.6327, 16.3665 ] ], [ [ 145.1212, 14.1206 ], [ 145.1597, 14.1681 ], [ 145.2413, 14.2002 ], [ 145.2882, 14.1924 ], [ 145.2834, 14.1607 ], [ 145.2423, 14.1521 ], [ 145.2125, 14.1153 ], [ 145.1699, 14.1106 ], [ 145.1442, 14.1396 ], [ 145.1212, 14.1206 ] ], [ [ 145.5824, 15.0178 ], [ 145.6035, 15.0588 ], [ 145.6453, 15.1008 ], [ 145.6478, 15.0468 ], [ 145.6736, 15.0065 ], [ 145.6589, 14.9484 ], [ 145.6259, 14.9651 ], [ 145.5824, 15.0178 ] ] ] } },
{ "type": "Feature", "properties": { }, "geometry": { "type": "MultiLineString", "coordinates": [ [ [ -66.9575, 18.4893 ], [ -66.9014, 18.4833 ], [ -66.8363, 18.4871 ], [ -66.765, 18.4838 ], [ -66.7002, 18.4827 ], [ -66.6214, 18.4931 ], [ -66.5868, 18.4851 ], [ -66.5332, 18.4816 ], [ -66.4545, 18.4692 ], [ -66.4388, 18.4857 ], [ -66.3497, 18.4842 ], [ -66.315, 18.4745 ], [ -66.2745, 18.4792 ], [ -66.1989, 18.4666 ], [ -66.173, 18.451 ], [ -66.1396, 18.4623 ], [ -66.1126, 18.4402 ], [ -66.1078, 18.4275 ], [ -66.0862, 18.4671 ], [ -66.0368, 18.45 ], [ -65.9934, 18.4576 ], [ -65.9259, 18.445 ], [ -65.9052, 18.4527 ], [ -65.8288, 18.423 ], [ -65.7499, 18.3851 ], [ -65.67, 18.3619 ], [ -65.6385, 18.3694 ], [ -65.6268, 18.3317 ], [ -65.6348, 18.2839 ], [ -65.6019, 18.2302 ], [ -65.6619, 18.2073 ], [ -65.7392, 18.1735 ], [ -65.7669, 18.1493 ], [ -65.7972, 18.0697 ], [ -65.8299, 18.0531 ], [ -65.8507, 18.0115 ], [ -65.9125, 17.9784 ], [ -65.9382, 17.9721 ], [ -66.0196, 17.9785 ], [ -66.07, 17.9664 ], [ -66.1558, 17.9292 ], [ -66.2062, 17.9629 ], [ -66.2577, 17.9369 ], [ -66.3168, 17.9767 ], [ -66.3381, 17.9764 ], [ -66.3777, 17.9448 ], [ -66.4306, 17.962 ], [ -66.4521, 17.9819 ], [ -66.4933, 17.99 ], [ -66.5388, 17.974 ], [ -66.6133, 17.9633 ], [ -66.6275, 17.9827 ], [ -66.6738, 17.9671 ], [ -66.6991, 17.9775 ], [ -66.7546, 17.999 ], [ -66.8059, 17.9851 ], [ -66.8525, 17.9549 ], [ -66.8596, 17.9546 ], [ -66.9551, 17.9369 ], [ -66.9809, 17.9529 ], [ -66.9868, 17.9706 ], [ -67.0652, 17.9756 ], [ -67.1098, 17.9463 ], [ -67.1742, 17.9662 ], [ -67.2127, 17.9526 ], [ -67.2128, 17.992 ], [ -67.1744, 18.011 ], [ -67.1993, 18.0467 ], [ -67.1839, 18.1039 ], [ -67.1802, 18.1681 ], [ -67.1571, 18.1927 ], [ -67.1877, 18.2668 ], [ -67.2253, 18.2969 ], [ -67.2712, 18.3625 ], [ -67.2391, 18.3755 ], [ -67.1601, 18.4156 ], [ -67.1695, 18.475 ], [ -67.1378, 18.5076 ], [ -67.1032, 18.5134 ], [ -67.0194, 18.511 ], [ -66.9575, 18.4893 ] ], [ [ -67.9447, 18.0846 ], [ -67.933, 18.1125 ], [ -67.8618, 18.122 ], [ -67.8443, 18.0848 ], [ -67.8973, 18.0536 ], [ -67.9447, 18.0846 ] ], [ [ -65.577, 18.1197 ], [ -65.4465, 18.147 ], [ -65.4361, 18.158 ], [ -65.3659, 18.1582 ], [ -65.3651, 18.1291 ], [ -65.4232, 18.0961 ], [ -65.5591, 18.0863 ], [ -65.577, 18.1197 ] ], [ [ -65.3415, 18.3471 ], [ -65.319, 18.3292 ], [ -65.2925, 18.3352 ], [ -65.2513, 18.3175 ], [ -65.287, 18.2987 ], [ -65.3298, 18.3246 ], [ -65.3415, 18.3471 ] ] ] } },
{ "type": "Feature", "properties": { }, "geometry": { "type": "MultiLineString", "coordinates": [ [ [ -64.7986, 18.3282 ], [ -64.7434, 18.3649 ], [ -64.702, 18.3552 ], [ -64.7026, 18.3112 ], [ -64.7986, 18.3282 ] ], [ [ -64.9036, 17.6804 ], [ -64.8858, 17.7018 ], [ -64.894, 17.7474 ], [ -64.878, 17.7696 ], [ -64.8399, 17.7616 ], [ -64.8048, 17.779 ], [ -64.749, 17.7834 ], [ -64.6981, 17.7463 ], [ -64.6793, 17.7607 ], [ -64.5744, 17.7598 ], [ -64.5772, 17.7458 ], [ -64.6921, 17.7055 ], [ -64.9036, 17.6804 ] ], [ [ -65.0416, 18.3534 ], [ -64.9561, 18.3689 ], [ -64.8686, 18.3507 ], [ -64.8529, 18.3188 ], [ -64.8986, 18.3098 ], [ -64.9263, 18.3398 ], [ -65.0286, 18.3423 ], [ -65.0416, 18.3534 ] ] ] } },
{ "type": "Feature", "properties": { }, "geometry": { "type": "MultiLineString", "coordinates": [ [ [ -71.2248, 41.7105 ], [ -71.2534, 41.6606 ], [ -71.305, 41.6594 ], [ -71.2912, 41.7027 ], [ -71.3558, 41.7451 ], [ -71.3838, 41.7585 ], [ -71.3644, 41.7047 ], [ -71.4089, 41.6538 ], [ -71.4038, 41.5893 ], [ -71.4422, 41.5638 ], [ -71.4177, 41.5363 ], [ -71.4184, 41.4727 ], [ -71.4558, 41.433 ], [ -71.4842, 41.3718 ], [ -71.5315, 41.3765 ], [ -71.6165, 41.363 ], [ -71.716, 41.3311 ], [ -71.8605, 41.3202 ] ], [ [ -71.1206, 41.4974 ], [ -71.1902, 41.4843 ], [ -71.216, 41.5472 ], [ -71.2054, 41.5943 ], [ -71.2407, 41.6192 ], [ -71.2366, 41.5359 ], [ -71.2521, 41.4859 ], [ -71.3165, 41.4776 ], [ -71.328, 41.5188 ], [ -71.2719, 41.624 ], [ -71.208, 41.6531 ], [ -71.1956, 41.6751 ] ], [ [ -71.4006, 41.4609 ], [ -71.3845, 41.5567 ], [ -71.3599, 41.5563 ], [ -71.3665, 41.4948 ], [ -71.4006, 41.4609 ] ] ] } },
{ "type": "Feature", "properties": { }, "geometry": { "type": "MultiLineString", "coordinates": [ [ [ -70.7038, 43.0598 ], [ -70.8107, 42.9069 ], [ -70.8173, 42.8723 ] ], [ [ -71.5011, 45.0133 ], [ -71.4984, 45.0696 ], [ -71.4683, 45.0841 ], [ -71.3832, 45.2349 ], [ -71.2837, 45.302 ], [ -71.228, 45.2497 ], [ -71.134, 45.2442 ], [ -71.0839, 45.3055 ] ] ] } },
{ "type": "Feature", "properties": { }, "geometry": { "type": "LineString", "coordinates": [ [ -73.3431, 45.0108 ], [ -73.1923, 45.0136 ], [ -72.8456, 45.0167 ], [ -72.5899, 45.0132 ], [ -72.5539, 45.0083 ], [ -72.3101, 45.0038 ], [ -71.8993, 45.0082 ], [ -71.5011, 45.0133 ] ] } },
{ "type": "Feature", "properties": { }, "geometry": { "type": "LineString", "coordinates": [ [ 144.6181, 13.4478 ], [ 144.6383, 13.4648 ], [ 144.6909, 13.4638 ], [ 144.7694, 13.4811 ], [ 144.836, 13.5912 ], [ 144.8367, 13.6241 ], [ 144.8682, 13.6526 ], [ 144.9055, 13.607 ], [ 144.9561, 13.5994 ], [ 144.9267, 13.522 ], [ 144.8918, 13.5063 ], [ 144.8051, 13.4264 ], [ 144.7839, 13.4216 ], [ 144.7702, 13.3664 ], [ 144.7721, 13.3025 ], [ 144.7325, 13.2528 ], [ 144.7062, 13.2463 ], [ 144.6646, 13.2677 ], [ 144.6388, 13.3388 ], [ 144.6631, 13.399 ], [ 144.6181, 13.4478 ] ] } }
]
}
